ablation,scenario_id,domain,fault,violation_accepted,effect_count,disposition,reason
Full,attack:workspace:UNTRUSTED_FIELD_BINDING:0,workspace,UNTRUSTED_FIELD_BINDING,False,0,ESCALATE,E_UNRELEASED_FIELD:/action/destination
Full,attack:workspace:DROP_PROVENANCE:100000,workspace,DROP_PROVENANCE,False,0,DENY,E_ENSURED_FIELD_MISSING:2:/context/protected_field_sources;E_ENSURED_FIELD_MISSING:2:/context/provenance_root;E_NOT_PRESERVED:2:/context/protected_field_sources;E_NOT_PRESERVED:2:/context/provenance_root;E_PROVENANCE_CONTEXT
Full,attack:workspace:PROVENANCE_VALUE_SUBSTITUTION:200000,workspace,PROVENANCE_VALUE_SUBSTITUTION,False,0,DENY,E_PROVENANCE_VALUE_MISMATCH:/action/destination;E_UNDISCHARGED_ASSUMPTION:0:provenance-authenticated;E_UNDISCHARGED_ASSUMPTION:1:memory-context-preserved;E_UNDISCHARGED_ASSUMPTION:2:policy-authorized
Full,attack:workspace:UNTRUSTED_ROOT_PRODUCER:300000,workspace,UNTRUSTED_ROOT_PRODUCER,False,0,DENY,E_UNDISCHARGED_ASSUMPTION:0:root-authenticated;E_UNDISCHARGED_ASSUMPTION:1:memory-context-preserved;E_UNDISCHARGED_ASSUMPTION:2:policy-authorized;E_UNTRUSTED_ROOT;E_UNTRUSTED_ROOT_ISSUER
Full,attack:workspace:ROOT_AUTHORITY_EXCEEDED:400000,workspace,ROOT_AUTHORITY_EXCEEDED,False,0,DENY,E_ROOT_ACTION_SCOPE_EXCEEDED;E_ROOT_AUTHORITY_EXCEEDED;E_ROOT_OPERATION_NOT_GRANTED;E_ROOT_SCOPE_EXCEEDED;E_UNDISCHARGED_ASSUMPTION:0:root-authenticated;E_UNDISCHARGED_ASSUMPTION:1:memory-context-preserved;E_UNDISCHARGED_ASSUMPTION:2:policy-authorized
Full,attack:workspace:ROOT_SCOPE_EXCEEDED:500000,workspace,ROOT_SCOPE_EXCEEDED,False,0,DENY,E_ROOT_ACTION_SCOPE_EXCEEDED;E_ROOT_SCOPE_EXCEEDED;E_UNDISCHARGED_ASSUMPTION:0:root-authenticated;E_UNDISCHARGED_ASSUMPTION:1:memory-context-preserved;E_UNDISCHARGED_ASSUMPTION:2:policy-authorized
Full,attack:workspace:ROOT_FIELD_CONSTRAINT_BYPASS:600000,workspace,ROOT_FIELD_CONSTRAINT_BYPASS,False,0,DENY,E_ROOT_FIELD_CONSTRAINT:/action/destination;E_UNDISCHARGED_ASSUMPTION:0:root-authenticated;E_UNDISCHARGED_ASSUMPTION:1:memory-context-preserved;E_UNDISCHARGED_ASSUMPTION:2:policy-authorized
Full,attack:workspace:PRINCIPAL_SUBSTITUTION:700000,workspace,PRINCIPAL_SUBSTITUTION,False,0,DENY,E_NOT_PRESERVED:2:/context/principal
Full,attack:workspace:AUTHORITY_AMPLIFICATION:800000,workspace,AUTHORITY_AMPLIFICATION,False,0,DENY,E_AUTHORITY_AMPLIFICATION:0;E_DELEGATION_WIDENING:0;E_ILLEGAL_TRANSFORM:0:/context/authority;E_ILLEGAL_TRANSFORM:0:/context/delegation_scope;E_NOT_PRESERVED:0:/action/destination;E_NOT_PRESERVED:0:/action/function;E_NOT_PRESERVED:0:/action/operation;E_NOT_PRESERVED:0:/action/resource;E_UNDISCHARGED_ASSUMPTION:1:memory-context-preserved;E_UNDISCHARGED_ASSUMPTION:2:policy-authorized
Full,attack:workspace:DELEGATION_WIDENING:900000,workspace,DELEGATION_WIDENING,False,0,DENY,E_DELEGATION_WIDENING:0;E_ILLEGAL_TRANSFORM:0:/context/delegation_scope;E_NOT_PRESERVED:0:/action/resource;E_UNDISCHARGED_ASSUMPTION:1:memory-context-preserved;E_UNDISCHARGED_ASSUMPTION:2:policy-authorized
Full,attack:workspace:ARGUMENT_MUTATION:1000000,workspace,ARGUMENT_MUTATION,False,0,DENY,E_NOT_PRESERVED:2:/action/parameters/body
Full,attack:workspace:DESTINATION_SUBSTITUTION:1100000,workspace,DESTINATION_SUBSTITUTION,False,0,DENY,E_UNTRUSTED_TRANSFORM_ISSUER:adapter:/action/destination
Full,attack:workspace:TOOL_SERVER_SWAP:1200000,workspace,TOOL_SERVER_SWAP,False,0,DENY,E_NOT_PRESERVED:2:/action/server_id;E_NOT_PRESERVED:2:/action/tool_manifest_digest;E_UNTRUSTED_TOOL_MANIFEST
Full,attack:workspace:POLICY_DOWNGRADE:1300000,workspace,POLICY_DOWNGRADE,False,0,DENY,E_GUARANTEE_FALSE:2:policy_matches;E_ILLEGAL_TRANSFORM:2:/context/policy_digest;E_ILLEGAL_TRANSFORM:2:/context/policy_epoch;E_POLICY_DOWNGRADE:2;E_STALE_POLICY
Full,attack:workspace:NONCE_REPLAY:1400000,workspace,NONCE_REPLAY,False,1,EXECUTE_ONCE,EXECUTED;IDEMPOTENT_REPLAY
Full,attack:workspace:ALTERNATE_PATH:1500000,workspace,ALTERNATE_PATH,False,0,DENY,E_UNMEDIATED_PATH
Full,attack:workspace:MEMORY_LAUNDERING:1600000,workspace,MEMORY_LAUNDERING,False,0,DENY,E_NOT_PRESERVED:0:/context/protected_field_sources;E_NOT_PRESERVED:0:/context/source_classes;E_UNDISCHARGED_ASSUMPTION:1:memory-context-preserved;E_UNDISCHARGED_ASSUMPTION:2:policy-authorized;E_UNRELEASED_FIELD:/action/destination
Full,attack:workspace:TAINT_DOWNGRADE:1700000,workspace,TAINT_DOWNGRADE,False,0,DENY,E_ILLEGAL_TRANSFORM:0:/context/taint;E_TAINT_DOWNGRADE:0;E_UNDISCHARGED_ASSUMPTION:1:memory-context-preserved;E_UNDISCHARGED_ASSUMPTION:2:policy-authorized;E_UNTRACKED_DATA_CLASS
Full,attack:workspace:EFFECT_CLASS_DOWNGRADE:1800000,workspace,EFFECT_CLASS_DOWNGRADE,False,0,DENY,E_NOT_PRESERVED:2:/action/effect_class
Full,attack:workspace:CONTEXT_ROOT_OMISSION:1900000,workspace,CONTEXT_ROOT_OMISSION,False,0,DENY,E_CONTEXT_ROOT;E_ENSURED_FIELD_MISSING:2:/context/context_root;E_NOT_PRESERVED:2:/context/context_root
Full,attack:workspace:RETRY_DUPLICATE:2000000,workspace,RETRY_DUPLICATE,False,1,EXECUTE_ONCE,EXECUTED;IDEMPOTENT_REPLAY
Full,attack:workspace:UNAUTHORISED_STAGE_SIGNER:2100000,workspace,UNAUTHORISED_STAGE_SIGNER,False,0,DENY,E_UNAUTHORISED_PREDECESSOR:1;E_UNAUTHORISED_STAGE_SIGNER:0;E_UNDISCHARGED_ASSUMPTION:1:memory-context-preserved;E_UNDISCHARGED_ASSUMPTION:2:policy-authorized
Full,attack:workspace:RECEIPT_PRODUCER_MISMATCH:2200000,workspace,RECEIPT_PRODUCER_MISMATCH,False,0,DENY,E_RECEIPT_PRODUCER_MISMATCH:0;E_UNAUTHORISED_STAGE_SIGNER:0;E_UNDISCHARGED_ASSUMPTION:1:memory-context-preserved;E_UNDISCHARGED_ASSUMPTION:2:policy-authorized
Full,attack:workspace:MISSING_TRANSFORM_WITNESS:2300000,workspace,MISSING_TRANSFORM_WITNESS,False,0,DENY,E_MISSING_TRANSFORM_WITNESS:2:/action/destination
Full,attack:workspace:INVALID_TRANSFORM_WITNESS:2400000,workspace,INVALID_TRANSFORM_WITNESS,False,0,DENY,E_TRANSFORM_AFTER_MISMATCH:adapter:/action/destination;E_TRANSFORM_RELATION_FALSE:adapter:/action/destination
Full,attack:workspace:RELEASE_PREDICATE_BYPASS:2500000,workspace,RELEASE_PREDICATE_BYPASS,False,0,DENY,E_INVALID_RELEASE:/action/destination
Full,attack:workspace:RELEASE_VALUE_SUBSTITUTION:2600000,workspace,RELEASE_VALUE_SUBSTITUTION,False,0,DENY,E_INVALID_RELEASE:/action/destination
Full,attack:workspace:EXPIRED_RELEASE:2700000,workspace,EXPIRED_RELEASE,False,0,DENY,E_EXPIRED_RELEASE:release:workspace:attack:EXPIRED_RELEASE:2700000
Full,attack:workspace:SUBJECT_SUBSTITUTION:2800000,workspace,SUBJECT_SUBSTITUTION,False,0,DENY,E_SUBJECT_SUBSTITUTION
Full,attack:workspace:POST_PERMIT_ACTION_SUBSTITUTION:2900000,workspace,POST_PERMIT_ACTION_SUBSTITUTION,False,0,DENY,E_ACTION_SUBSTITUTION
Full,attack:workspace:REVOKED_GRANT:3000000,workspace,REVOKED_GRANT,False,0,DENY,E_REVOKED_AT_FINALITY
Full,attack:workspace:CONTRACT_GUARANTEE_VIOLATION:3100000,workspace,CONTRACT_GUARANTEE_VIOLATION,False,0,DENY,E_GUARANTEE_FALSE:2:canonical_destination
Full,attack:finance:UNTRUSTED_FIELD_BINDING:1000,finance,UNTRUSTED_FIELD_BINDING,False,0,ESCALATE,E_UNRELEASED_FIELD:/action/parameters/amount_cents
Full,attack:finance:DROP_PROVENANCE:101000,finance,DROP_PROVENANCE,False,0,DENY,E_ENSURED_FIELD_MISSING:2:/context/protected_field_sources;E_ENSURED_FIELD_MISSING:2:/context/provenance_root;E_NOT_PRESERVED:2:/context/protected_field_sources;E_NOT_PRESERVED:2:/context/provenance_root;E_PROVENANCE_CONTEXT
Full,attack:finance:PROVENANCE_VALUE_SUBSTITUTION:201000,finance,PROVENANCE_VALUE_SUBSTITUTION,False,0,DENY,E_PROVENANCE_VALUE_MISMATCH:/action/parameters/amount_cents;E_UNDISCHARGED_ASSUMPTION:0:provenance-authenticated;E_UNDISCHARGED_ASSUMPTION:1:memory-context-preserved;E_UNDISCHARGED_ASSUMPTION:2:policy-authorized
Full,attack:finance:UNTRUSTED_ROOT_PRODUCER:301000,finance,UNTRUSTED_ROOT_PRODUCER,False,0,DENY,E_UNDISCHARGED_ASSUMPTION:0:root-authenticated;E_UNDISCHARGED_ASSUMPTION:1:memory-context-preserved;E_UNDISCHARGED_ASSUMPTION:2:policy-authorized;E_UNTRUSTED_ROOT;E_UNTRUSTED_ROOT_ISSUER
Full,attack:finance:ROOT_AUTHORITY_EXCEEDED:401000,finance,ROOT_AUTHORITY_EXCEEDED,False,0,DENY,E_ROOT_ACTION_SCOPE_EXCEEDED;E_ROOT_AUTHORITY_EXCEEDED;E_ROOT_OPERATION_NOT_GRANTED;E_ROOT_SCOPE_EXCEEDED;E_UNDISCHARGED_ASSUMPTION:0:root-authenticated;E_UNDISCHARGED_ASSUMPTION:1:memory-context-preserved;E_UNDISCHARGED_ASSUMPTION:2:policy-authorized
Full,attack:finance:ROOT_SCOPE_EXCEEDED:501000,finance,ROOT_SCOPE_EXCEEDED,False,0,DENY,E_ROOT_ACTION_SCOPE_EXCEEDED;E_ROOT_SCOPE_EXCEEDED;E_UNDISCHARGED_ASSUMPTION:0:root-authenticated;E_UNDISCHARGED_ASSUMPTION:1:memory-context-preserved;E_UNDISCHARGED_ASSUMPTION:2:policy-authorized
Full,attack:finance:ROOT_FIELD_CONSTRAINT_BYPASS:601000,finance,ROOT_FIELD_CONSTRAINT_BYPASS,False,0,DENY,E_ROOT_FIELD_CONSTRAINT:/action/parameters/amount_cents;E_UNDISCHARGED_ASSUMPTION:0:root-authenticated;E_UNDISCHARGED_ASSUMPTION:1:memory-context-preserved;E_UNDISCHARGED_ASSUMPTION:2:policy-authorized
Full,attack:finance:PRINCIPAL_SUBSTITUTION:701000,finance,PRINCIPAL_SUBSTITUTION,False,0,DENY,E_NOT_PRESERVED:2:/context/principal
Full,attack:finance:AUTHORITY_AMPLIFICATION:801000,finance,AUTHORITY_AMPLIFICATION,False,0,DENY,E_AUTHORITY_AMPLIFICATION:0;E_DELEGATION_WIDENING:0;E_ILLEGAL_TRANSFORM:0:/context/authority;E_ILLEGAL_TRANSFORM:0:/context/delegation_scope;E_NOT_PRESERVED:0:/action/destination;E_NOT_PRESERVED:0:/action/function;E_NOT_PRESERVED:0:/action/operation;E_NOT_PRESERVED:0:/action/resource;E_UNDISCHARGED_ASSUMPTION:1:memory-context-preserved;E_UNDISCHARGED_ASSUMPTION:2:policy-authorized
Full,attack:finance:DELEGATION_WIDENING:901000,finance,DELEGATION_WIDENING,False,0,DENY,E_DELEGATION_WIDENING:0;E_ILLEGAL_TRANSFORM:0:/context/delegation_scope;E_NOT_PRESERVED:0:/action/resource;E_UNDISCHARGED_ASSUMPTION:1:memory-context-preserved;E_UNDISCHARGED_ASSUMPTION:2:policy-authorized
Full,attack:finance:ARGUMENT_MUTATION:1001000,finance,ARGUMENT_MUTATION,False,0,DENY,E_NOT_PRESERVED:2:/action/parameters/amount_cents
Full,attack:finance:DESTINATION_SUBSTITUTION:1101000,finance,DESTINATION_SUBSTITUTION,False,0,DENY,E_UNTRUSTED_TRANSFORM_ISSUER:adapter:/action/destination
Full,attack:finance:TOOL_SERVER_SWAP:1201000,finance,TOOL_SERVER_SWAP,False,0,DENY,E_NOT_PRESERVED:2:/action/server_id;E_NOT_PRESERVED:2:/action/tool_manifest_digest;E_UNTRUSTED_TOOL_MANIFEST
Full,attack:finance:POLICY_DOWNGRADE:1301000,finance,POLICY_DOWNGRADE,False,0,DENY,E_GUARANTEE_FALSE:2:policy_matches;E_ILLEGAL_TRANSFORM:2:/context/policy_digest;E_ILLEGAL_TRANSFORM:2:/context/policy_epoch;E_POLICY_DOWNGRADE:2;E_STALE_POLICY
Full,attack:finance:NONCE_REPLAY:1401000,finance,NONCE_REPLAY,False,1,EXECUTE_ONCE,EXECUTED;IDEMPOTENT_REPLAY
Full,attack:finance:ALTERNATE_PATH:1501000,finance,ALTERNATE_PATH,False,0,DENY,E_UNMEDIATED_PATH
Full,attack:finance:MEMORY_LAUNDERING:1601000,finance,MEMORY_LAUNDERING,False,0,DENY,E_NOT_PRESERVED:0:/context/protected_field_sources;E_NOT_PRESERVED:0:/context/source_classes;E_UNDISCHARGED_ASSUMPTION:1:memory-context-preserved;E_UNDISCHARGED_ASSUMPTION:2:policy-authorized;E_UNRELEASED_FIELD:/action/parameters/amount_cents
Full,attack:finance:TAINT_DOWNGRADE:1701000,finance,TAINT_DOWNGRADE,False,0,DENY,E_ILLEGAL_TRANSFORM:0:/context/taint;E_TAINT_DOWNGRADE:0;E_UNDISCHARGED_ASSUMPTION:1:memory-context-preserved;E_UNDISCHARGED_ASSUMPTION:2:policy-authorized;E_UNTRACKED_DATA_CLASS
Full,attack:finance:EFFECT_CLASS_DOWNGRADE:1801000,finance,EFFECT_CLASS_DOWNGRADE,False,0,DENY,E_NOT_PRESERVED:2:/action/effect_class
Full,attack:finance:CONTEXT_ROOT_OMISSION:1901000,finance,CONTEXT_ROOT_OMISSION,False,0,DENY,E_CONTEXT_ROOT;E_ENSURED_FIELD_MISSING:2:/context/context_root;E_NOT_PRESERVED:2:/context/context_root
Full,attack:finance:RETRY_DUPLICATE:2001000,finance,RETRY_DUPLICATE,False,1,EXECUTE_ONCE,EXECUTED;IDEMPOTENT_REPLAY
Full,attack:finance:UNAUTHORISED_STAGE_SIGNER:2101000,finance,UNAUTHORISED_STAGE_SIGNER,False,0,DENY,E_UNAUTHORISED_PREDECESSOR:1;E_UNAUTHORISED_STAGE_SIGNER:0;E_UNDISCHARGED_ASSUMPTION:1:memory-context-preserved;E_UNDISCHARGED_ASSUMPTION:2:policy-authorized
Full,attack:finance:RECEIPT_PRODUCER_MISMATCH:2201000,finance,RECEIPT_PRODUCER_MISMATCH,False,0,DENY,E_RECEIPT_PRODUCER_MISMATCH:0;E_UNAUTHORISED_STAGE_SIGNER:0;E_UNDISCHARGED_ASSUMPTION:1:memory-context-preserved;E_UNDISCHARGED_ASSUMPTION:2:policy-authorized
Full,attack:finance:MISSING_TRANSFORM_WITNESS:2301000,finance,MISSING_TRANSFORM_WITNESS,False,0,DENY,E_MISSING_TRANSFORM_WITNESS:2:/action/destination
Full,attack:finance:INVALID_TRANSFORM_WITNESS:2401000,finance,INVALID_TRANSFORM_WITNESS,False,0,DENY,E_TRANSFORM_AFTER_MISMATCH:adapter:/action/destination;E_TRANSFORM_RELATION_FALSE:adapter:/action/destination
Full,attack:finance:RELEASE_PREDICATE_BYPASS:2501000,finance,RELEASE_PREDICATE_BYPASS,False,0,DENY,E_INVALID_RELEASE:/action/parameters/amount_cents
Full,attack:finance:RELEASE_VALUE_SUBSTITUTION:2601000,finance,RELEASE_VALUE_SUBSTITUTION,False,0,DENY,E_INVALID_RELEASE:/action/parameters/amount_cents
Full,attack:finance:EXPIRED_RELEASE:2701000,finance,EXPIRED_RELEASE,False,0,DENY,E_EXPIRED_RELEASE:release:finance:attack:EXPIRED_RELEASE:2701000
Full,attack:finance:SUBJECT_SUBSTITUTION:2801000,finance,SUBJECT_SUBSTITUTION,False,0,DENY,E_SUBJECT_SUBSTITUTION
Full,attack:finance:POST_PERMIT_ACTION_SUBSTITUTION:2901000,finance,POST_PERMIT_ACTION_SUBSTITUTION,False,0,DENY,E_ACTION_SUBSTITUTION
Full,attack:finance:REVOKED_GRANT:3001000,finance,REVOKED_GRANT,False,0,DENY,E_REVOKED_AT_FINALITY
Full,attack:finance:CONTRACT_GUARANTEE_VIOLATION:3101000,finance,CONTRACT_GUARANTEE_VIOLATION,False,0,DENY,E_GUARANTEE_FALSE:2:canonical_destination
Full,attack:devops:UNTRUSTED_FIELD_BINDING:2000,devops,UNTRUSTED_FIELD_BINDING,False,0,ESCALATE,E_UNRELEASED_FIELD:/action/parameters/commit
Full,attack:devops:DROP_PROVENANCE:102000,devops,DROP_PROVENANCE,False,0,DENY,E_ENSURED_FIELD_MISSING:2:/context/protected_field_sources;E_ENSURED_FIELD_MISSING:2:/context/provenance_root;E_NOT_PRESERVED:2:/context/protected_field_sources;E_NOT_PRESERVED:2:/context/provenance_root;E_PROVENANCE_CONTEXT
Full,attack:devops:PROVENANCE_VALUE_SUBSTITUTION:202000,devops,PROVENANCE_VALUE_SUBSTITUTION,False,0,DENY,E_PROVENANCE_VALUE_MISMATCH:/action/parameters/commit;E_UNDISCHARGED_ASSUMPTION:0:provenance-authenticated;E_UNDISCHARGED_ASSUMPTION:1:memory-context-preserved;E_UNDISCHARGED_ASSUMPTION:2:policy-authorized
Full,attack:devops:UNTRUSTED_ROOT_PRODUCER:302000,devops,UNTRUSTED_ROOT_PRODUCER,False,0,DENY,E_UNDISCHARGED_ASSUMPTION:0:root-authenticated;E_UNDISCHARGED_ASSUMPTION:1:memory-context-preserved;E_UNDISCHARGED_ASSUMPTION:2:policy-authorized;E_UNTRUSTED_ROOT;E_UNTRUSTED_ROOT_ISSUER
Full,attack:devops:ROOT_AUTHORITY_EXCEEDED:402000,devops,ROOT_AUTHORITY_EXCEEDED,False,0,DENY,E_ROOT_ACTION_SCOPE_EXCEEDED;E_ROOT_AUTHORITY_EXCEEDED;E_ROOT_OPERATION_NOT_GRANTED;E_ROOT_SCOPE_EXCEEDED;E_UNDISCHARGED_ASSUMPTION:0:root-authenticated;E_UNDISCHARGED_ASSUMPTION:1:memory-context-preserved;E_UNDISCHARGED_ASSUMPTION:2:policy-authorized
Full,attack:devops:ROOT_SCOPE_EXCEEDED:502000,devops,ROOT_SCOPE_EXCEEDED,False,0,DENY,E_ROOT_ACTION_SCOPE_EXCEEDED;E_ROOT_SCOPE_EXCEEDED;E_UNDISCHARGED_ASSUMPTION:0:root-authenticated;E_UNDISCHARGED_ASSUMPTION:1:memory-context-preserved;E_UNDISCHARGED_ASSUMPTION:2:policy-authorized
Full,attack:devops:ROOT_FIELD_CONSTRAINT_BYPASS:602000,devops,ROOT_FIELD_CONSTRAINT_BYPASS,False,0,DENY,E_ROOT_FIELD_CONSTRAINT:/action/parameters/commit;E_UNDISCHARGED_ASSUMPTION:0:root-authenticated;E_UNDISCHARGED_ASSUMPTION:1:memory-context-preserved;E_UNDISCHARGED_ASSUMPTION:2:policy-authorized
Full,attack:devops:PRINCIPAL_SUBSTITUTION:702000,devops,PRINCIPAL_SUBSTITUTION,False,0,DENY,E_NOT_PRESERVED:2:/context/principal
Full,attack:devops:AUTHORITY_AMPLIFICATION:802000,devops,AUTHORITY_AMPLIFICATION,False,0,DENY,E_AUTHORITY_AMPLIFICATION:0;E_DELEGATION_WIDENING:0;E_ILLEGAL_TRANSFORM:0:/context/authority;E_ILLEGAL_TRANSFORM:0:/context/delegation_scope;E_NOT_PRESERVED:0:/action/destination;E_NOT_PRESERVED:0:/action/function;E_NOT_PRESERVED:0:/action/operation;E_NOT_PRESERVED:0:/action/resource;E_UNDISCHARGED_ASSUMPTION:1:memory-context-preserved;E_UNDISCHARGED_ASSUMPTION:2:policy-authorized
Full,attack:devops:DELEGATION_WIDENING:902000,devops,DELEGATION_WIDENING,False,0,DENY,E_DELEGATION_WIDENING:0;E_ILLEGAL_TRANSFORM:0:/context/delegation_scope;E_NOT_PRESERVED:0:/action/resource;E_UNDISCHARGED_ASSUMPTION:1:memory-context-preserved;E_UNDISCHARGED_ASSUMPTION:2:policy-authorized
Full,attack:devops:ARGUMENT_MUTATION:1002000,devops,ARGUMENT_MUTATION,False,0,DENY,E_NOT_PRESERVED:2:/action/parameters/environment
Full,attack:devops:DESTINATION_SUBSTITUTION:1102000,devops,DESTINATION_SUBSTITUTION,False,0,DENY,E_UNTRUSTED_TRANSFORM_ISSUER:adapter:/action/destination
Full,attack:devops:TOOL_SERVER_SWAP:1202000,devops,TOOL_SERVER_SWAP,False,0,DENY,E_NOT_PRESERVED:2:/action/server_id;E_NOT_PRESERVED:2:/action/tool_manifest_digest;E_UNTRUSTED_TOOL_MANIFEST
Full,attack:devops:POLICY_DOWNGRADE:1302000,devops,POLICY_DOWNGRADE,False,0,DENY,E_GUARANTEE_FALSE:2:policy_matches;E_ILLEGAL_TRANSFORM:2:/context/policy_digest;E_ILLEGAL_TRANSFORM:2:/context/policy_epoch;E_POLICY_DOWNGRADE:2;E_STALE_POLICY
Full,attack:devops:NONCE_REPLAY:1402000,devops,NONCE_REPLAY,False,1,EXECUTE_ONCE,EXECUTED;IDEMPOTENT_REPLAY
Full,attack:devops:ALTERNATE_PATH:1502000,devops,ALTERNATE_PATH,False,0,DENY,E_UNMEDIATED_PATH
Full,attack:devops:MEMORY_LAUNDERING:1602000,devops,MEMORY_LAUNDERING,False,0,DENY,E_NOT_PRESERVED:0:/context/protected_field_sources;E_NOT_PRESERVED:0:/context/source_classes;E_UNDISCHARGED_ASSUMPTION:1:memory-context-preserved;E_UNDISCHARGED_ASSUMPTION:2:policy-authorized;E_UNRELEASED_FIELD:/action/parameters/commit
Full,attack:devops:TAINT_DOWNGRADE:1702000,devops,TAINT_DOWNGRADE,False,0,DENY,E_ILLEGAL_TRANSFORM:0:/context/taint;E_TAINT_DOWNGRADE:0;E_UNDISCHARGED_ASSUMPTION:1:memory-context-preserved;E_UNDISCHARGED_ASSUMPTION:2:policy-authorized;E_UNTRACKED_DATA_CLASS
Full,attack:devops:EFFECT_CLASS_DOWNGRADE:1802000,devops,EFFECT_CLASS_DOWNGRADE,False,0,DENY,E_NOT_PRESERVED:2:/action/effect_class
Full,attack:devops:CONTEXT_ROOT_OMISSION:1902000,devops,CONTEXT_ROOT_OMISSION,False,0,DENY,E_CONTEXT_ROOT;E_ENSURED_FIELD_MISSING:2:/context/context_root;E_NOT_PRESERVED:2:/context/context_root
Full,attack:devops:RETRY_DUPLICATE:2002000,devops,RETRY_DUPLICATE,False,1,EXECUTE_ONCE,EXECUTED;IDEMPOTENT_REPLAY
Full,attack:devops:UNAUTHORISED_STAGE_SIGNER:2102000,devops,UNAUTHORISED_STAGE_SIGNER,False,0,DENY,E_UNAUTHORISED_PREDECESSOR:1;E_UNAUTHORISED_STAGE_SIGNER:0;E_UNDISCHARGED_ASSUMPTION:1:memory-context-preserved;E_UNDISCHARGED_ASSUMPTION:2:policy-authorized
Full,attack:devops:RECEIPT_PRODUCER_MISMATCH:2202000,devops,RECEIPT_PRODUCER_MISMATCH,False,0,DENY,E_RECEIPT_PRODUCER_MISMATCH:0;E_UNAUTHORISED_STAGE_SIGNER:0;E_UNDISCHARGED_ASSUMPTION:1:memory-context-preserved;E_UNDISCHARGED_ASSUMPTION:2:policy-authorized
Full,attack:devops:MISSING_TRANSFORM_WITNESS:2302000,devops,MISSING_TRANSFORM_WITNESS,False,0,DENY,E_MISSING_TRANSFORM_WITNESS:2:/action/destination
Full,attack:devops:INVALID_TRANSFORM_WITNESS:2402000,devops,INVALID_TRANSFORM_WITNESS,False,0,DENY,E_TRANSFORM_AFTER_MISMATCH:adapter:/action/destination;E_TRANSFORM_RELATION_FALSE:adapter:/action/destination
Full,attack:devops:RELEASE_PREDICATE_BYPASS:2502000,devops,RELEASE_PREDICATE_BYPASS,False,0,DENY,E_INVALID_RELEASE:/action/parameters/commit
Full,attack:devops:RELEASE_VALUE_SUBSTITUTION:2602000,devops,RELEASE_VALUE_SUBSTITUTION,False,0,DENY,E_INVALID_RELEASE:/action/parameters/commit
Full,attack:devops:EXPIRED_RELEASE:2702000,devops,EXPIRED_RELEASE,False,0,DENY,E_EXPIRED_RELEASE:release:devops:attack:EXPIRED_RELEASE:2702000
Full,attack:devops:SUBJECT_SUBSTITUTION:2802000,devops,SUBJECT_SUBSTITUTION,False,0,DENY,E_SUBJECT_SUBSTITUTION
Full,attack:devops:POST_PERMIT_ACTION_SUBSTITUTION:2902000,devops,POST_PERMIT_ACTION_SUBSTITUTION,False,0,DENY,E_ACTION_SUBSTITUTION
Full,attack:devops:REVOKED_GRANT:3002000,devops,REVOKED_GRANT,False,0,DENY,E_REVOKED_AT_FINALITY
Full,attack:devops:CONTRACT_GUARANTEE_VIOLATION:3102000,devops,CONTRACT_GUARANTEE_VIOLATION,False,0,DENY,E_GUARANTEE_FALSE:2:canonical_destination
Full,attack:multiagent:UNTRUSTED_FIELD_BINDING:3000,multiagent,UNTRUSTED_FIELD_BINDING,False,0,ESCALATE,E_UNRELEASED_FIELD:/action/parameters/capability
Full,attack:multiagent:DROP_PROVENANCE:103000,multiagent,DROP_PROVENANCE,False,0,DENY,E_ENSURED_FIELD_MISSING:2:/context/protected_field_sources;E_ENSURED_FIELD_MISSING:2:/context/provenance_root;E_NOT_PRESERVED:2:/context/protected_field_sources;E_NOT_PRESERVED:2:/context/provenance_root;E_PROVENANCE_CONTEXT
Full,attack:multiagent:PROVENANCE_VALUE_SUBSTITUTION:203000,multiagent,PROVENANCE_VALUE_SUBSTITUTION,False,0,DENY,E_PROVENANCE_VALUE_MISMATCH:/action/parameters/capability;E_UNDISCHARGED_ASSUMPTION:0:provenance-authenticated;E_UNDISCHARGED_ASSUMPTION:1:memory-context-preserved;E_UNDISCHARGED_ASSUMPTION:2:policy-authorized
Full,attack:multiagent:UNTRUSTED_ROOT_PRODUCER:303000,multiagent,UNTRUSTED_ROOT_PRODUCER,False,0,DENY,E_UNDISCHARGED_ASSUMPTION:0:root-authenticated;E_UNDISCHARGED_ASSUMPTION:1:memory-context-preserved;E_UNDISCHARGED_ASSUMPTION:2:policy-authorized;E_UNTRUSTED_ROOT;E_UNTRUSTED_ROOT_ISSUER
Full,attack:multiagent:ROOT_AUTHORITY_EXCEEDED:403000,multiagent,ROOT_AUTHORITY_EXCEEDED,False,0,DENY,E_ROOT_ACTION_SCOPE_EXCEEDED;E_ROOT_AUTHORITY_EXCEEDED;E_ROOT_OPERATION_NOT_GRANTED;E_ROOT_SCOPE_EXCEEDED;E_UNDISCHARGED_ASSUMPTION:0:root-authenticated;E_UNDISCHARGED_ASSUMPTION:1:memory-context-preserved;E_UNDISCHARGED_ASSUMPTION:2:policy-authorized
Full,attack:multiagent:ROOT_SCOPE_EXCEEDED:503000,multiagent,ROOT_SCOPE_EXCEEDED,False,0,DENY,E_ROOT_ACTION_SCOPE_EXCEEDED;E_ROOT_SCOPE_EXCEEDED;E_UNDISCHARGED_ASSUMPTION:0:root-authenticated;E_UNDISCHARGED_ASSUMPTION:1:memory-context-preserved;E_UNDISCHARGED_ASSUMPTION:2:policy-authorized
Full,attack:multiagent:ROOT_FIELD_CONSTRAINT_BYPASS:603000,multiagent,ROOT_FIELD_CONSTRAINT_BYPASS,False,0,DENY,E_ROOT_FIELD_CONSTRAINT:/action/parameters/capability;E_UNDISCHARGED_ASSUMPTION:0:root-authenticated;E_UNDISCHARGED_ASSUMPTION:1:memory-context-preserved;E_UNDISCHARGED_ASSUMPTION:2:policy-authorized
Full,attack:multiagent:PRINCIPAL_SUBSTITUTION:703000,multiagent,PRINCIPAL_SUBSTITUTION,False,0,DENY,E_NOT_PRESERVED:2:/context/principal
Full,attack:multiagent:AUTHORITY_AMPLIFICATION:803000,multiagent,AUTHORITY_AMPLIFICATION,False,0,DENY,E_AUTHORITY_AMPLIFICATION:0;E_DELEGATION_WIDENING:0;E_ILLEGAL_TRANSFORM:0:/context/authority;E_ILLEGAL_TRANSFORM:0:/context/delegation_scope;E_NOT_PRESERVED:0:/action/destination;E_NOT_PRESERVED:0:/action/function;E_NOT_PRESERVED:0:/action/operation;E_NOT_PRESERVED:0:/action/resource;E_UNDISCHARGED_ASSUMPTION:1:memory-context-preserved;E_UNDISCHARGED_ASSUMPTION:2:policy-authorized
Full,attack:multiagent:DELEGATION_WIDENING:903000,multiagent,DELEGATION_WIDENING,False,0,DENY,E_DELEGATION_WIDENING:0;E_ILLEGAL_TRANSFORM:0:/context/delegation_scope;E_NOT_PRESERVED:0:/action/resource;E_UNDISCHARGED_ASSUMPTION:1:memory-context-preserved;E_UNDISCHARGED_ASSUMPTION:2:policy-authorized
Full,attack:multiagent:ARGUMENT_MUTATION:1003000,multiagent,ARGUMENT_MUTATION,False,0,DENY,E_NOT_PRESERVED:2:/action/parameters/max_depth
Full,attack:multiagent:DESTINATION_SUBSTITUTION:1103000,multiagent,DESTINATION_SUBSTITUTION,False,0,DENY,E_UNTRUSTED_TRANSFORM_ISSUER:adapter:/action/destination
Full,attack:multiagent:TOOL_SERVER_SWAP:1203000,multiagent,TOOL_SERVER_SWAP,False,0,DENY,E_NOT_PRESERVED:2:/action/server_id;E_NOT_PRESERVED:2:/action/tool_manifest_digest;E_UNTRUSTED_TOOL_MANIFEST
Full,attack:multiagent:POLICY_DOWNGRADE:1303000,multiagent,POLICY_DOWNGRADE,False,0,DENY,E_GUARANTEE_FALSE:2:policy_matches;E_ILLEGAL_TRANSFORM:2:/context/policy_digest;E_ILLEGAL_TRANSFORM:2:/context/policy_epoch;E_POLICY_DOWNGRADE:2;E_STALE_POLICY
Full,attack:multiagent:NONCE_REPLAY:1403000,multiagent,NONCE_REPLAY,False,1,EXECUTE_ONCE,EXECUTED;IDEMPOTENT_REPLAY
Full,attack:multiagent:ALTERNATE_PATH:1503000,multiagent,ALTERNATE_PATH,False,0,DENY,E_UNMEDIATED_PATH
Full,attack:multiagent:MEMORY_LAUNDERING:1603000,multiagent,MEMORY_LAUNDERING,False,0,DENY,E_NOT_PRESERVED:0:/context/protected_field_sources;E_NOT_PRESERVED:0:/context/source_classes;E_UNDISCHARGED_ASSUMPTION:1:memory-context-preserved;E_UNDISCHARGED_ASSUMPTION:2:policy-authorized;E_UNRELEASED_FIELD:/action/parameters/capability
Full,attack:multiagent:TAINT_DOWNGRADE:1703000,multiagent,TAINT_DOWNGRADE,False,0,DENY,E_ILLEGAL_TRANSFORM:0:/context/taint;E_TAINT_DOWNGRADE:0;E_UNDISCHARGED_ASSUMPTION:1:memory-context-preserved;E_UNDISCHARGED_ASSUMPTION:2:policy-authorized;E_UNTRACKED_DATA_CLASS
Full,attack:multiagent:EFFECT_CLASS_DOWNGRADE:1803000,multiagent,EFFECT_CLASS_DOWNGRADE,False,0,DENY,E_NOT_PRESERVED:2:/action/effect_class
Full,attack:multiagent:CONTEXT_ROOT_OMISSION:1903000,multiagent,CONTEXT_ROOT_OMISSION,False,0,DENY,E_CONTEXT_ROOT;E_ENSURED_FIELD_MISSING:2:/context/context_root;E_NOT_PRESERVED:2:/context/context_root
Full,attack:multiagent:RETRY_DUPLICATE:2003000,multiagent,RETRY_DUPLICATE,False,1,EXECUTE_ONCE,EXECUTED;IDEMPOTENT_REPLAY
Full,attack:multiagent:UNAUTHORISED_STAGE_SIGNER:2103000,multiagent,UNAUTHORISED_STAGE_SIGNER,False,0,DENY,E_UNAUTHORISED_PREDECESSOR:1;E_UNAUTHORISED_STAGE_SIGNER:0;E_UNDISCHARGED_ASSUMPTION:1:memory-context-preserved;E_UNDISCHARGED_ASSUMPTION:2:policy-authorized
Full,attack:multiagent:RECEIPT_PRODUCER_MISMATCH:2203000,multiagent,RECEIPT_PRODUCER_MISMATCH,False,0,DENY,E_RECEIPT_PRODUCER_MISMATCH:0;E_UNAUTHORISED_STAGE_SIGNER:0;E_UNDISCHARGED_ASSUMPTION:1:memory-context-preserved;E_UNDISCHARGED_ASSUMPTION:2:policy-authorized
Full,attack:multiagent:MISSING_TRANSFORM_WITNESS:2303000,multiagent,MISSING_TRANSFORM_WITNESS,False,0,DENY,E_MISSING_TRANSFORM_WITNESS:2:/action/destination
Full,attack:multiagent:INVALID_TRANSFORM_WITNESS:2403000,multiagent,INVALID_TRANSFORM_WITNESS,False,0,DENY,E_TRANSFORM_AFTER_MISMATCH:adapter:/action/destination;E_TRANSFORM_RELATION_FALSE:adapter:/action/destination
Full,attack:multiagent:RELEASE_PREDICATE_BYPASS:2503000,multiagent,RELEASE_PREDICATE_BYPASS,False,0,DENY,E_INVALID_RELEASE:/action/parameters/capability
Full,attack:multiagent:RELEASE_VALUE_SUBSTITUTION:2603000,multiagent,RELEASE_VALUE_SUBSTITUTION,False,0,DENY,E_INVALID_RELEASE:/action/parameters/capability
Full,attack:multiagent:EXPIRED_RELEASE:2703000,multiagent,EXPIRED_RELEASE,False,0,DENY,E_EXPIRED_RELEASE:release:multiagent:attack:EXPIRED_RELEASE:2703000
Full,attack:multiagent:SUBJECT_SUBSTITUTION:2803000,multiagent,SUBJECT_SUBSTITUTION,False,0,DENY,E_SUBJECT_SUBSTITUTION
Full,attack:multiagent:POST_PERMIT_ACTION_SUBSTITUTION:2903000,multiagent,POST_PERMIT_ACTION_SUBSTITUTION,False,0,DENY,E_ACTION_SUBSTITUTION
Full,attack:multiagent:REVOKED_GRANT:3003000,multiagent,REVOKED_GRANT,False,0,DENY,E_REVOKED_AT_FINALITY
Full,attack:multiagent:CONTRACT_GUARANTEE_VIOLATION:3103000,multiagent,CONTRACT_GUARANTEE_VIOLATION,False,0,DENY,E_GUARANTEE_FALSE:2:canonical_destination
NoRootAuthentication,attack:workspace:UNTRUSTED_FIELD_BINDING:0,workspace,UNTRUSTED_FIELD_BINDING,False,0,ESCALATE,E_UNRELEASED_FIELD:/action/destination
NoRootAuthentication,attack:workspace:DROP_PROVENANCE:100000,workspace,DROP_PROVENANCE,False,0,DENY,E_ENSURED_FIELD_MISSING:2:/context/protected_field_sources;E_ENSURED_FIELD_MISSING:2:/context/provenance_root;E_NOT_PRESERVED:2:/context/protected_field_sources;E_NOT_PRESERVED:2:/context/provenance_root;E_PROVENANCE_CONTEXT
NoRootAuthentication,attack:workspace:PROVENANCE_VALUE_SUBSTITUTION:200000,workspace,PROVENANCE_VALUE_SUBSTITUTION,False,0,DENY,E_PROVENANCE_VALUE_MISMATCH:/action/destination;E_UNDISCHARGED_ASSUMPTION:0:provenance-authenticated;E_UNDISCHARGED_ASSUMPTION:1:memory-context-preserved;E_UNDISCHARGED_ASSUMPTION:2:policy-authorized
NoRootAuthentication,attack:workspace:UNTRUSTED_ROOT_PRODUCER:300000,workspace,UNTRUSTED_ROOT_PRODUCER,True,1,EXECUTE,EXECUTED
NoRootAuthentication,attack:workspace:ROOT_AUTHORITY_EXCEEDED:400000,workspace,ROOT_AUTHORITY_EXCEEDED,True,1,EXECUTE,EXECUTED
NoRootAuthentication,attack:workspace:ROOT_SCOPE_EXCEEDED:500000,workspace,ROOT_SCOPE_EXCEEDED,True,1,EXECUTE,EXECUTED
NoRootAuthentication,attack:workspace:ROOT_FIELD_CONSTRAINT_BYPASS:600000,workspace,ROOT_FIELD_CONSTRAINT_BYPASS,True,1,EXECUTE,EXECUTED
NoRootAuthentication,attack:workspace:PRINCIPAL_SUBSTITUTION:700000,workspace,PRINCIPAL_SUBSTITUTION,False,0,DENY,E_NOT_PRESERVED:2:/context/principal
NoRootAuthentication,attack:workspace:AUTHORITY_AMPLIFICATION:800000,workspace,AUTHORITY_AMPLIFICATION,False,0,DENY,E_AUTHORITY_AMPLIFICATION:0;E_DELEGATION_WIDENING:0;E_ILLEGAL_TRANSFORM:0:/context/authority;E_ILLEGAL_TRANSFORM:0:/context/delegation_scope;E_NOT_PRESERVED:0:/action/destination;E_NOT_PRESERVED:0:/action/function;E_NOT_PRESERVED:0:/action/operation;E_NOT_PRESERVED:0:/action/resource;E_UNDISCHARGED_ASSUMPTION:1:memory-context-preserved;E_UNDISCHARGED_ASSUMPTION:2:policy-authorized
NoRootAuthentication,attack:workspace:DELEGATION_WIDENING:900000,workspace,DELEGATION_WIDENING,False,0,DENY,E_DELEGATION_WIDENING:0;E_ILLEGAL_TRANSFORM:0:/context/delegation_scope;E_NOT_PRESERVED:0:/action/resource;E_UNDISCHARGED_ASSUMPTION:1:memory-context-preserved;E_UNDISCHARGED_ASSUMPTION:2:policy-authorized
NoRootAuthentication,attack:workspace:ARGUMENT_MUTATION:1000000,workspace,ARGUMENT_MUTATION,False,0,DENY,E_NOT_PRESERVED:2:/action/parameters/body
NoRootAuthentication,attack:workspace:DESTINATION_SUBSTITUTION:1100000,workspace,DESTINATION_SUBSTITUTION,False,0,DENY,E_UNTRUSTED_TRANSFORM_ISSUER:adapter:/action/destination
NoRootAuthentication,attack:workspace:TOOL_SERVER_SWAP:1200000,workspace,TOOL_SERVER_SWAP,False,0,DENY,E_NOT_PRESERVED:2:/action/server_id;E_NOT_PRESERVED:2:/action/tool_manifest_digest;E_UNTRUSTED_TOOL_MANIFEST
NoRootAuthentication,attack:workspace:POLICY_DOWNGRADE:1300000,workspace,POLICY_DOWNGRADE,False,0,DENY,E_GUARANTEE_FALSE:2:policy_matches;E_ILLEGAL_TRANSFORM:2:/context/policy_digest;E_ILLEGAL_TRANSFORM:2:/context/policy_epoch;E_POLICY_DOWNGRADE:2;E_STALE_POLICY
NoRootAuthentication,attack:workspace:NONCE_REPLAY:1400000,workspace,NONCE_REPLAY,False,1,EXECUTE_ONCE,EXECUTED;IDEMPOTENT_REPLAY
NoRootAuthentication,attack:workspace:ALTERNATE_PATH:1500000,workspace,ALTERNATE_PATH,False,0,DENY,E_UNMEDIATED_PATH
NoRootAuthentication,attack:workspace:MEMORY_LAUNDERING:1600000,workspace,MEMORY_LAUNDERING,False,0,DENY,E_NOT_PRESERVED:0:/context/protected_field_sources;E_NOT_PRESERVED:0:/context/source_classes;E_UNDISCHARGED_ASSUMPTION:1:memory-context-preserved;E_UNDISCHARGED_ASSUMPTION:2:policy-authorized;E_UNRELEASED_FIELD:/action/destination
NoRootAuthentication,attack:workspace:TAINT_DOWNGRADE:1700000,workspace,TAINT_DOWNGRADE,False,0,DENY,E_ILLEGAL_TRANSFORM:0:/context/taint;E_TAINT_DOWNGRADE:0;E_UNDISCHARGED_ASSUMPTION:1:memory-context-preserved;E_UNDISCHARGED_ASSUMPTION:2:policy-authorized;E_UNTRACKED_DATA_CLASS
NoRootAuthentication,attack:workspace:EFFECT_CLASS_DOWNGRADE:1800000,workspace,EFFECT_CLASS_DOWNGRADE,False,0,DENY,E_NOT_PRESERVED:2:/action/effect_class
NoRootAuthentication,attack:workspace:CONTEXT_ROOT_OMISSION:1900000,workspace,CONTEXT_ROOT_OMISSION,False,0,DENY,E_CONTEXT_ROOT;E_ENSURED_FIELD_MISSING:2:/context/context_root;E_NOT_PRESERVED:2:/context/context_root
NoRootAuthentication,attack:workspace:RETRY_DUPLICATE:2000000,workspace,RETRY_DUPLICATE,False,1,EXECUTE_ONCE,EXECUTED;IDEMPOTENT_REPLAY
NoRootAuthentication,attack:workspace:UNAUTHORISED_STAGE_SIGNER:2100000,workspace,UNAUTHORISED_STAGE_SIGNER,False,0,DENY,E_UNAUTHORISED_PREDECESSOR:1;E_UNAUTHORISED_STAGE_SIGNER:0;E_UNDISCHARGED_ASSUMPTION:1:memory-context-preserved;E_UNDISCHARGED_ASSUMPTION:2:policy-authorized
NoRootAuthentication,attack:workspace:RECEIPT_PRODUCER_MISMATCH:2200000,workspace,RECEIPT_PRODUCER_MISMATCH,False,0,DENY,E_RECEIPT_PRODUCER_MISMATCH:0;E_UNAUTHORISED_STAGE_SIGNER:0;E_UNDISCHARGED_ASSUMPTION:1:memory-context-preserved;E_UNDISCHARGED_ASSUMPTION:2:policy-authorized
NoRootAuthentication,attack:workspace:MISSING_TRANSFORM_WITNESS:2300000,workspace,MISSING_TRANSFORM_WITNESS,False,0,DENY,E_MISSING_TRANSFORM_WITNESS:2:/action/destination
NoRootAuthentication,attack:workspace:INVALID_TRANSFORM_WITNESS:2400000,workspace,INVALID_TRANSFORM_WITNESS,False,0,DENY,E_TRANSFORM_AFTER_MISMATCH:adapter:/action/destination;E_TRANSFORM_RELATION_FALSE:adapter:/action/destination
NoRootAuthentication,attack:workspace:RELEASE_PREDICATE_BYPASS:2500000,workspace,RELEASE_PREDICATE_BYPASS,False,0,DENY,E_INVALID_RELEASE:/action/destination
NoRootAuthentication,attack:workspace:RELEASE_VALUE_SUBSTITUTION:2600000,workspace,RELEASE_VALUE_SUBSTITUTION,False,0,DENY,E_INVALID_RELEASE:/action/destination
NoRootAuthentication,attack:workspace:EXPIRED_RELEASE:2700000,workspace,EXPIRED_RELEASE,False,0,DENY,E_EXPIRED_RELEASE:release:workspace:attack:EXPIRED_RELEASE:2700000
NoRootAuthentication,attack:workspace:SUBJECT_SUBSTITUTION:2800000,workspace,SUBJECT_SUBSTITUTION,False,0,DENY,E_SUBJECT_SUBSTITUTION
NoRootAuthentication,attack:workspace:POST_PERMIT_ACTION_SUBSTITUTION:2900000,workspace,POST_PERMIT_ACTION_SUBSTITUTION,False,0,DENY,E_ACTION_SUBSTITUTION
NoRootAuthentication,attack:workspace:REVOKED_GRANT:3000000,workspace,REVOKED_GRANT,False,0,DENY,E_REVOKED_AT_FINALITY
NoRootAuthentication,attack:workspace:CONTRACT_GUARANTEE_VIOLATION:3100000,workspace,CONTRACT_GUARANTEE_VIOLATION,False,0,DENY,E_GUARANTEE_FALSE:2:canonical_destination
NoRootAuthentication,attack:finance:UNTRUSTED_FIELD_BINDING:1000,finance,UNTRUSTED_FIELD_BINDING,False,0,ESCALATE,E_UNRELEASED_FIELD:/action/parameters/amount_cents
NoRootAuthentication,attack:finance:DROP_PROVENANCE:101000,finance,DROP_PROVENANCE,False,0,DENY,E_ENSURED_FIELD_MISSING:2:/context/protected_field_sources;E_ENSURED_FIELD_MISSING:2:/context/provenance_root;E_NOT_PRESERVED:2:/context/protected_field_sources;E_NOT_PRESERVED:2:/context/provenance_root;E_PROVENANCE_CONTEXT
NoRootAuthentication,attack:finance:PROVENANCE_VALUE_SUBSTITUTION:201000,finance,PROVENANCE_VALUE_SUBSTITUTION,False,0,DENY,E_PROVENANCE_VALUE_MISMATCH:/action/parameters/amount_cents;E_UNDISCHARGED_ASSUMPTION:0:provenance-authenticated;E_UNDISCHARGED_ASSUMPTION:1:memory-context-preserved;E_UNDISCHARGED_ASSUMPTION:2:policy-authorized
NoRootAuthentication,attack:finance:UNTRUSTED_ROOT_PRODUCER:301000,finance,UNTRUSTED_ROOT_PRODUCER,True,1,EXECUTE,EXECUTED
NoRootAuthentication,attack:finance:ROOT_AUTHORITY_EXCEEDED:401000,finance,ROOT_AUTHORITY_EXCEEDED,True,1,EXECUTE,EXECUTED
NoRootAuthentication,attack:finance:ROOT_SCOPE_EXCEEDED:501000,finance,ROOT_SCOPE_EXCEEDED,True,1,EXECUTE,EXECUTED
NoRootAuthentication,attack:finance:ROOT_FIELD_CONSTRAINT_BYPASS:601000,finance,ROOT_FIELD_CONSTRAINT_BYPASS,True,1,EXECUTE,EXECUTED
NoRootAuthentication,attack:finance:PRINCIPAL_SUBSTITUTION:701000,finance,PRINCIPAL_SUBSTITUTION,False,0,DENY,E_NOT_PRESERVED:2:/context/principal
NoRootAuthentication,attack:finance:AUTHORITY_AMPLIFICATION:801000,finance,AUTHORITY_AMPLIFICATION,False,0,DENY,E_AUTHORITY_AMPLIFICATION:0;E_DELEGATION_WIDENING:0;E_ILLEGAL_TRANSFORM:0:/context/authority;E_ILLEGAL_TRANSFORM:0:/context/delegation_scope;E_NOT_PRESERVED:0:/action/destination;E_NOT_PRESERVED:0:/action/function;E_NOT_PRESERVED:0:/action/operation;E_NOT_PRESERVED:0:/action/resource;E_UNDISCHARGED_ASSUMPTION:1:memory-context-preserved;E_UNDISCHARGED_ASSUMPTION:2:policy-authorized
NoRootAuthentication,attack:finance:DELEGATION_WIDENING:901000,finance,DELEGATION_WIDENING,False,0,DENY,E_DELEGATION_WIDENING:0;E_ILLEGAL_TRANSFORM:0:/context/delegation_scope;E_NOT_PRESERVED:0:/action/resource;E_UNDISCHARGED_ASSUMPTION:1:memory-context-preserved;E_UNDISCHARGED_ASSUMPTION:2:policy-authorized
NoRootAuthentication,attack:finance:ARGUMENT_MUTATION:1001000,finance,ARGUMENT_MUTATION,False,0,DENY,E_NOT_PRESERVED:2:/action/parameters/amount_cents
NoRootAuthentication,attack:finance:DESTINATION_SUBSTITUTION:1101000,finance,DESTINATION_SUBSTITUTION,False,0,DENY,E_UNTRUSTED_TRANSFORM_ISSUER:adapter:/action/destination
NoRootAuthentication,attack:finance:TOOL_SERVER_SWAP:1201000,finance,TOOL_SERVER_SWAP,False,0,DENY,E_NOT_PRESERVED:2:/action/server_id;E_NOT_PRESERVED:2:/action/tool_manifest_digest;E_UNTRUSTED_TOOL_MANIFEST
NoRootAuthentication,attack:finance:POLICY_DOWNGRADE:1301000,finance,POLICY_DOWNGRADE,False,0,DENY,E_GUARANTEE_FALSE:2:policy_matches;E_ILLEGAL_TRANSFORM:2:/context/policy_digest;E_ILLEGAL_TRANSFORM:2:/context/policy_epoch;E_POLICY_DOWNGRADE:2;E_STALE_POLICY
NoRootAuthentication,attack:finance:NONCE_REPLAY:1401000,finance,NONCE_REPLAY,False,1,EXECUTE_ONCE,EXECUTED;IDEMPOTENT_REPLAY
NoRootAuthentication,attack:finance:ALTERNATE_PATH:1501000,finance,ALTERNATE_PATH,False,0,DENY,E_UNMEDIATED_PATH
NoRootAuthentication,attack:finance:MEMORY_LAUNDERING:1601000,finance,MEMORY_LAUNDERING,False,0,DENY,E_NOT_PRESERVED:0:/context/protected_field_sources;E_NOT_PRESERVED:0:/context/source_classes;E_UNDISCHARGED_ASSUMPTION:1:memory-context-preserved;E_UNDISCHARGED_ASSUMPTION:2:policy-authorized;E_UNRELEASED_FIELD:/action/parameters/amount_cents
NoRootAuthentication,attack:finance:TAINT_DOWNGRADE:1701000,finance,TAINT_DOWNGRADE,False,0,DENY,E_ILLEGAL_TRANSFORM:0:/context/taint;E_TAINT_DOWNGRADE:0;E_UNDISCHARGED_ASSUMPTION:1:memory-context-preserved;E_UNDISCHARGED_ASSUMPTION:2:policy-authorized;E_UNTRACKED_DATA_CLASS
NoRootAuthentication,attack:finance:EFFECT_CLASS_DOWNGRADE:1801000,finance,EFFECT_CLASS_DOWNGRADE,False,0,DENY,E_NOT_PRESERVED:2:/action/effect_class
NoRootAuthentication,attack:finance:CONTEXT_ROOT_OMISSION:1901000,finance,CONTEXT_ROOT_OMISSION,False,0,DENY,E_CONTEXT_ROOT;E_ENSURED_FIELD_MISSING:2:/context/context_root;E_NOT_PRESERVED:2:/context/context_root
NoRootAuthentication,attack:finance:RETRY_DUPLICATE:2001000,finance,RETRY_DUPLICATE,False,1,EXECUTE_ONCE,EXECUTED;IDEMPOTENT_REPLAY
NoRootAuthentication,attack:finance:UNAUTHORISED_STAGE_SIGNER:2101000,finance,UNAUTHORISED_STAGE_SIGNER,False,0,DENY,E_UNAUTHORISED_PREDECESSOR:1;E_UNAUTHORISED_STAGE_SIGNER:0;E_UNDISCHARGED_ASSUMPTION:1:memory-context-preserved;E_UNDISCHARGED_ASSUMPTION:2:policy-authorized
NoRootAuthentication,attack:finance:RECEIPT_PRODUCER_MISMATCH:2201000,finance,RECEIPT_PRODUCER_MISMATCH,False,0,DENY,E_RECEIPT_PRODUCER_MISMATCH:0;E_UNAUTHORISED_STAGE_SIGNER:0;E_UNDISCHARGED_ASSUMPTION:1:memory-context-preserved;E_UNDISCHARGED_ASSUMPTION:2:policy-authorized
NoRootAuthentication,attack:finance:MISSING_TRANSFORM_WITNESS:2301000,finance,MISSING_TRANSFORM_WITNESS,False,0,DENY,E_MISSING_TRANSFORM_WITNESS:2:/action/destination
NoRootAuthentication,attack:finance:INVALID_TRANSFORM_WITNESS:2401000,finance,INVALID_TRANSFORM_WITNESS,False,0,DENY,E_TRANSFORM_AFTER_MISMATCH:adapter:/action/destination;E_TRANSFORM_RELATION_FALSE:adapter:/action/destination
NoRootAuthentication,attack:finance:RELEASE_PREDICATE_BYPASS:2501000,finance,RELEASE_PREDICATE_BYPASS,False,0,DENY,E_INVALID_RELEASE:/action/parameters/amount_cents
NoRootAuthentication,attack:finance:RELEASE_VALUE_SUBSTITUTION:2601000,finance,RELEASE_VALUE_SUBSTITUTION,False,0,DENY,E_INVALID_RELEASE:/action/parameters/amount_cents
NoRootAuthentication,attack:finance:EXPIRED_RELEASE:2701000,finance,EXPIRED_RELEASE,False,0,DENY,E_EXPIRED_RELEASE:release:finance:attack:EXPIRED_RELEASE:2701000
NoRootAuthentication,attack:finance:SUBJECT_SUBSTITUTION:2801000,finance,SUBJECT_SUBSTITUTION,False,0,DENY,E_SUBJECT_SUBSTITUTION
NoRootAuthentication,attack:finance:POST_PERMIT_ACTION_SUBSTITUTION:2901000,finance,POST_PERMIT_ACTION_SUBSTITUTION,False,0,DENY,E_ACTION_SUBSTITUTION
NoRootAuthentication,attack:finance:REVOKED_GRANT:3001000,finance,REVOKED_GRANT,False,0,DENY,E_REVOKED_AT_FINALITY
NoRootAuthentication,attack:finance:CONTRACT_GUARANTEE_VIOLATION:3101000,finance,CONTRACT_GUARANTEE_VIOLATION,False,0,DENY,E_GUARANTEE_FALSE:2:canonical_destination
NoRootAuthentication,attack:devops:UNTRUSTED_FIELD_BINDING:2000,devops,UNTRUSTED_FIELD_BINDING,False,0,ESCALATE,E_UNRELEASED_FIELD:/action/parameters/commit
NoRootAuthentication,attack:devops:DROP_PROVENANCE:102000,devops,DROP_PROVENANCE,False,0,DENY,E_ENSURED_FIELD_MISSING:2:/context/protected_field_sources;E_ENSURED_FIELD_MISSING:2:/context/provenance_root;E_NOT_PRESERVED:2:/context/protected_field_sources;E_NOT_PRESERVED:2:/context/provenance_root;E_PROVENANCE_CONTEXT
NoRootAuthentication,attack:devops:PROVENANCE_VALUE_SUBSTITUTION:202000,devops,PROVENANCE_VALUE_SUBSTITUTION,False,0,DENY,E_PROVENANCE_VALUE_MISMATCH:/action/parameters/commit;E_UNDISCHARGED_ASSUMPTION:0:provenance-authenticated;E_UNDISCHARGED_ASSUMPTION:1:memory-context-preserved;E_UNDISCHARGED_ASSUMPTION:2:policy-authorized
NoRootAuthentication,attack:devops:UNTRUSTED_ROOT_PRODUCER:302000,devops,UNTRUSTED_ROOT_PRODUCER,True,1,EXECUTE,EXECUTED
NoRootAuthentication,attack:devops:ROOT_AUTHORITY_EXCEEDED:402000,devops,ROOT_AUTHORITY_EXCEEDED,True,1,EXECUTE,EXECUTED
NoRootAuthentication,attack:devops:ROOT_SCOPE_EXCEEDED:502000,devops,ROOT_SCOPE_EXCEEDED,True,1,EXECUTE,EXECUTED
NoRootAuthentication,attack:devops:ROOT_FIELD_CONSTRAINT_BYPASS:602000,devops,ROOT_FIELD_CONSTRAINT_BYPASS,True,1,EXECUTE,EXECUTED
NoRootAuthentication,attack:devops:PRINCIPAL_SUBSTITUTION:702000,devops,PRINCIPAL_SUBSTITUTION,False,0,DENY,E_NOT_PRESERVED:2:/context/principal
NoRootAuthentication,attack:devops:AUTHORITY_AMPLIFICATION:802000,devops,AUTHORITY_AMPLIFICATION,False,0,DENY,E_AUTHORITY_AMPLIFICATION:0;E_DELEGATION_WIDENING:0;E_ILLEGAL_TRANSFORM:0:/context/authority;E_ILLEGAL_TRANSFORM:0:/context/delegation_scope;E_NOT_PRESERVED:0:/action/destination;E_NOT_PRESERVED:0:/action/function;E_NOT_PRESERVED:0:/action/operation;E_NOT_PRESERVED:0:/action/resource;E_UNDISCHARGED_ASSUMPTION:1:memory-context-preserved;E_UNDISCHARGED_ASSUMPTION:2:policy-authorized
NoRootAuthentication,attack:devops:DELEGATION_WIDENING:902000,devops,DELEGATION_WIDENING,False,0,DENY,E_DELEGATION_WIDENING:0;E_ILLEGAL_TRANSFORM:0:/context/delegation_scope;E_NOT_PRESERVED:0:/action/resource;E_UNDISCHARGED_ASSUMPTION:1:memory-context-preserved;E_UNDISCHARGED_ASSUMPTION:2:policy-authorized
NoRootAuthentication,attack:devops:ARGUMENT_MUTATION:1002000,devops,ARGUMENT_MUTATION,False,0,DENY,E_NOT_PRESERVED:2:/action/parameters/environment
NoRootAuthentication,attack:devops:DESTINATION_SUBSTITUTION:1102000,devops,DESTINATION_SUBSTITUTION,False,0,DENY,E_UNTRUSTED_TRANSFORM_ISSUER:adapter:/action/destination
NoRootAuthentication,attack:devops:TOOL_SERVER_SWAP:1202000,devops,TOOL_SERVER_SWAP,False,0,DENY,E_NOT_PRESERVED:2:/action/server_id;E_NOT_PRESERVED:2:/action/tool_manifest_digest;E_UNTRUSTED_TOOL_MANIFEST
NoRootAuthentication,attack:devops:POLICY_DOWNGRADE:1302000,devops,POLICY_DOWNGRADE,False,0,DENY,E_GUARANTEE_FALSE:2:policy_matches;E_ILLEGAL_TRANSFORM:2:/context/policy_digest;E_ILLEGAL_TRANSFORM:2:/context/policy_epoch;E_POLICY_DOWNGRADE:2;E_STALE_POLICY
NoRootAuthentication,attack:devops:NONCE_REPLAY:1402000,devops,NONCE_REPLAY,False,1,EXECUTE_ONCE,EXECUTED;IDEMPOTENT_REPLAY
NoRootAuthentication,attack:devops:ALTERNATE_PATH:1502000,devops,ALTERNATE_PATH,False,0,DENY,E_UNMEDIATED_PATH
NoRootAuthentication,attack:devops:MEMORY_LAUNDERING:1602000,devops,MEMORY_LAUNDERING,False,0,DENY,E_NOT_PRESERVED:0:/context/protected_field_sources;E_NOT_PRESERVED:0:/context/source_classes;E_UNDISCHARGED_ASSUMPTION:1:memory-context-preserved;E_UNDISCHARGED_ASSUMPTION:2:policy-authorized;E_UNRELEASED_FIELD:/action/parameters/commit
NoRootAuthentication,attack:devops:TAINT_DOWNGRADE:1702000,devops,TAINT_DOWNGRADE,False,0,DENY,E_ILLEGAL_TRANSFORM:0:/context/taint;E_TAINT_DOWNGRADE:0;E_UNDISCHARGED_ASSUMPTION:1:memory-context-preserved;E_UNDISCHARGED_ASSUMPTION:2:policy-authorized;E_UNTRACKED_DATA_CLASS
NoRootAuthentication,attack:devops:EFFECT_CLASS_DOWNGRADE:1802000,devops,EFFECT_CLASS_DOWNGRADE,False,0,DENY,E_NOT_PRESERVED:2:/action/effect_class
NoRootAuthentication,attack:devops:CONTEXT_ROOT_OMISSION:1902000,devops,CONTEXT_ROOT_OMISSION,False,0,DENY,E_CONTEXT_ROOT;E_ENSURED_FIELD_MISSING:2:/context/context_root;E_NOT_PRESERVED:2:/context/context_root
NoRootAuthentication,attack:devops:RETRY_DUPLICATE:2002000,devops,RETRY_DUPLICATE,False,1,EXECUTE_ONCE,EXECUTED;IDEMPOTENT_REPLAY
NoRootAuthentication,attack:devops:UNAUTHORISED_STAGE_SIGNER:2102000,devops,UNAUTHORISED_STAGE_SIGNER,False,0,DENY,E_UNAUTHORISED_PREDECESSOR:1;E_UNAUTHORISED_STAGE_SIGNER:0;E_UNDISCHARGED_ASSUMPTION:1:memory-context-preserved;E_UNDISCHARGED_ASSUMPTION:2:policy-authorized
NoRootAuthentication,attack:devops:RECEIPT_PRODUCER_MISMATCH:2202000,devops,RECEIPT_PRODUCER_MISMATCH,False,0,DENY,E_RECEIPT_PRODUCER_MISMATCH:0;E_UNAUTHORISED_STAGE_SIGNER:0;E_UNDISCHARGED_ASSUMPTION:1:memory-context-preserved;E_UNDISCHARGED_ASSUMPTION:2:policy-authorized
NoRootAuthentication,attack:devops:MISSING_TRANSFORM_WITNESS:2302000,devops,MISSING_TRANSFORM_WITNESS,False,0,DENY,E_MISSING_TRANSFORM_WITNESS:2:/action/destination
NoRootAuthentication,attack:devops:INVALID_TRANSFORM_WITNESS:2402000,devops,INVALID_TRANSFORM_WITNESS,False,0,DENY,E_TRANSFORM_AFTER_MISMATCH:adapter:/action/destination;E_TRANSFORM_RELATION_FALSE:adapter:/action/destination
NoRootAuthentication,attack:devops:RELEASE_PREDICATE_BYPASS:2502000,devops,RELEASE_PREDICATE_BYPASS,False,0,DENY,E_INVALID_RELEASE:/action/parameters/commit
NoRootAuthentication,attack:devops:RELEASE_VALUE_SUBSTITUTION:2602000,devops,RELEASE_VALUE_SUBSTITUTION,False,0,DENY,E_INVALID_RELEASE:/action/parameters/commit
NoRootAuthentication,attack:devops:EXPIRED_RELEASE:2702000,devops,EXPIRED_RELEASE,False,0,DENY,E_EXPIRED_RELEASE:release:devops:attack:EXPIRED_RELEASE:2702000
NoRootAuthentication,attack:devops:SUBJECT_SUBSTITUTION:2802000,devops,SUBJECT_SUBSTITUTION,False,0,DENY,E_SUBJECT_SUBSTITUTION
NoRootAuthentication,attack:devops:POST_PERMIT_ACTION_SUBSTITUTION:2902000,devops,POST_PERMIT_ACTION_SUBSTITUTION,False,0,DENY,E_ACTION_SUBSTITUTION
NoRootAuthentication,attack:devops:REVOKED_GRANT:3002000,devops,REVOKED_GRANT,False,0,DENY,E_REVOKED_AT_FINALITY
NoRootAuthentication,attack:devops:CONTRACT_GUARANTEE_VIOLATION:3102000,devops,CONTRACT_GUARANTEE_VIOLATION,False,0,DENY,E_GUARANTEE_FALSE:2:canonical_destination
NoRootAuthentication,attack:multiagent:UNTRUSTED_FIELD_BINDING:3000,multiagent,UNTRUSTED_FIELD_BINDING,False,0,ESCALATE,E_UNRELEASED_FIELD:/action/parameters/capability
NoRootAuthentication,attack:multiagent:DROP_PROVENANCE:103000,multiagent,DROP_PROVENANCE,False,0,DENY,E_ENSURED_FIELD_MISSING:2:/context/protected_field_sources;E_ENSURED_FIELD_MISSING:2:/context/provenance_root;E_NOT_PRESERVED:2:/context/protected_field_sources;E_NOT_PRESERVED:2:/context/provenance_root;E_PROVENANCE_CONTEXT
NoRootAuthentication,attack:multiagent:PROVENANCE_VALUE_SUBSTITUTION:203000,multiagent,PROVENANCE_VALUE_SUBSTITUTION,False,0,DENY,E_PROVENANCE_VALUE_MISMATCH:/action/parameters/capability;E_UNDISCHARGED_ASSUMPTION:0:provenance-authenticated;E_UNDISCHARGED_ASSUMPTION:1:memory-context-preserved;E_UNDISCHARGED_ASSUMPTION:2:policy-authorized
NoRootAuthentication,attack:multiagent:UNTRUSTED_ROOT_PRODUCER:303000,multiagent,UNTRUSTED_ROOT_PRODUCER,True,1,EXECUTE,EXECUTED
NoRootAuthentication,attack:multiagent:ROOT_AUTHORITY_EXCEEDED:403000,multiagent,ROOT_AUTHORITY_EXCEEDED,True,1,EXECUTE,EXECUTED
NoRootAuthentication,attack:multiagent:ROOT_SCOPE_EXCEEDED:503000,multiagent,ROOT_SCOPE_EXCEEDED,True,1,EXECUTE,EXECUTED
NoRootAuthentication,attack:multiagent:ROOT_FIELD_CONSTRAINT_BYPASS:603000,multiagent,ROOT_FIELD_CONSTRAINT_BYPASS,True,1,EXECUTE,EXECUTED
NoRootAuthentication,attack:multiagent:PRINCIPAL_SUBSTITUTION:703000,multiagent,PRINCIPAL_SUBSTITUTION,False,0,DENY,E_NOT_PRESERVED:2:/context/principal
NoRootAuthentication,attack:multiagent:AUTHORITY_AMPLIFICATION:803000,multiagent,AUTHORITY_AMPLIFICATION,False,0,DENY,E_AUTHORITY_AMPLIFICATION:0;E_DELEGATION_WIDENING:0;E_ILLEGAL_TRANSFORM:0:/context/authority;E_ILLEGAL_TRANSFORM:0:/context/delegation_scope;E_NOT_PRESERVED:0:/action/destination;E_NOT_PRESERVED:0:/action/function;E_NOT_PRESERVED:0:/action/operation;E_NOT_PRESERVED:0:/action/resource;E_UNDISCHARGED_ASSUMPTION:1:memory-context-preserved;E_UNDISCHARGED_ASSUMPTION:2:policy-authorized
NoRootAuthentication,attack:multiagent:DELEGATION_WIDENING:903000,multiagent,DELEGATION_WIDENING,False,0,DENY,E_DELEGATION_WIDENING:0;E_ILLEGAL_TRANSFORM:0:/context/delegation_scope;E_NOT_PRESERVED:0:/action/resource;E_UNDISCHARGED_ASSUMPTION:1:memory-context-preserved;E_UNDISCHARGED_ASSUMPTION:2:policy-authorized
NoRootAuthentication,attack:multiagent:ARGUMENT_MUTATION:1003000,multiagent,ARGUMENT_MUTATION,False,0,DENY,E_NOT_PRESERVED:2:/action/parameters/max_depth
NoRootAuthentication,attack:multiagent:DESTINATION_SUBSTITUTION:1103000,multiagent,DESTINATION_SUBSTITUTION,False,0,DENY,E_UNTRUSTED_TRANSFORM_ISSUER:adapter:/action/destination
NoRootAuthentication,attack:multiagent:TOOL_SERVER_SWAP:1203000,multiagent,TOOL_SERVER_SWAP,False,0,DENY,E_NOT_PRESERVED:2:/action/server_id;E_NOT_PRESERVED:2:/action/tool_manifest_digest;E_UNTRUSTED_TOOL_MANIFEST
NoRootAuthentication,attack:multiagent:POLICY_DOWNGRADE:1303000,multiagent,POLICY_DOWNGRADE,False,0,DENY,E_GUARANTEE_FALSE:2:policy_matches;E_ILLEGAL_TRANSFORM:2:/context/policy_digest;E_ILLEGAL_TRANSFORM:2:/context/policy_epoch;E_POLICY_DOWNGRADE:2;E_STALE_POLICY
NoRootAuthentication,attack:multiagent:NONCE_REPLAY:1403000,multiagent,NONCE_REPLAY,False,1,EXECUTE_ONCE,EXECUTED;IDEMPOTENT_REPLAY
NoRootAuthentication,attack:multiagent:ALTERNATE_PATH:1503000,multiagent,ALTERNATE_PATH,False,0,DENY,E_UNMEDIATED_PATH
NoRootAuthentication,attack:multiagent:MEMORY_LAUNDERING:1603000,multiagent,MEMORY_LAUNDERING,False,0,DENY,E_NOT_PRESERVED:0:/context/protected_field_sources;E_NOT_PRESERVED:0:/context/source_classes;E_UNDISCHARGED_ASSUMPTION:1:memory-context-preserved;E_UNDISCHARGED_ASSUMPTION:2:policy-authorized;E_UNRELEASED_FIELD:/action/parameters/capability
NoRootAuthentication,attack:multiagent:TAINT_DOWNGRADE:1703000,multiagent,TAINT_DOWNGRADE,False,0,DENY,E_ILLEGAL_TRANSFORM:0:/context/taint;E_TAINT_DOWNGRADE:0;E_UNDISCHARGED_ASSUMPTION:1:memory-context-preserved;E_UNDISCHARGED_ASSUMPTION:2:policy-authorized;E_UNTRACKED_DATA_CLASS
NoRootAuthentication,attack:multiagent:EFFECT_CLASS_DOWNGRADE:1803000,multiagent,EFFECT_CLASS_DOWNGRADE,False,0,DENY,E_NOT_PRESERVED:2:/action/effect_class
NoRootAuthentication,attack:multiagent:CONTEXT_ROOT_OMISSION:1903000,multiagent,CONTEXT_ROOT_OMISSION,False,0,DENY,E_CONTEXT_ROOT;E_ENSURED_FIELD_MISSING:2:/context/context_root;E_NOT_PRESERVED:2:/context/context_root
NoRootAuthentication,attack:multiagent:RETRY_DUPLICATE:2003000,multiagent,RETRY_DUPLICATE,False,1,EXECUTE_ONCE,EXECUTED;IDEMPOTENT_REPLAY
NoRootAuthentication,attack:multiagent:UNAUTHORISED_STAGE_SIGNER:2103000,multiagent,UNAUTHORISED_STAGE_SIGNER,False,0,DENY,E_UNAUTHORISED_PREDECESSOR:1;E_UNAUTHORISED_STAGE_SIGNER:0;E_UNDISCHARGED_ASSUMPTION:1:memory-context-preserved;E_UNDISCHARGED_ASSUMPTION:2:policy-authorized
NoRootAuthentication,attack:multiagent:RECEIPT_PRODUCER_MISMATCH:2203000,multiagent,RECEIPT_PRODUCER_MISMATCH,False,0,DENY,E_RECEIPT_PRODUCER_MISMATCH:0;E_UNAUTHORISED_STAGE_SIGNER:0;E_UNDISCHARGED_ASSUMPTION:1:memory-context-preserved;E_UNDISCHARGED_ASSUMPTION:2:policy-authorized
NoRootAuthentication,attack:multiagent:MISSING_TRANSFORM_WITNESS:2303000,multiagent,MISSING_TRANSFORM_WITNESS,False,0,DENY,E_MISSING_TRANSFORM_WITNESS:2:/action/destination
NoRootAuthentication,attack:multiagent:INVALID_TRANSFORM_WITNESS:2403000,multiagent,INVALID_TRANSFORM_WITNESS,False,0,DENY,E_TRANSFORM_AFTER_MISMATCH:adapter:/action/destination;E_TRANSFORM_RELATION_FALSE:adapter:/action/destination
NoRootAuthentication,attack:multiagent:RELEASE_PREDICATE_BYPASS:2503000,multiagent,RELEASE_PREDICATE_BYPASS,False,0,DENY,E_INVALID_RELEASE:/action/parameters/capability
NoRootAuthentication,attack:multiagent:RELEASE_VALUE_SUBSTITUTION:2603000,multiagent,RELEASE_VALUE_SUBSTITUTION,False,0,DENY,E_INVALID_RELEASE:/action/parameters/capability
NoRootAuthentication,attack:multiagent:EXPIRED_RELEASE:2703000,multiagent,EXPIRED_RELEASE,False,0,DENY,E_EXPIRED_RELEASE:release:multiagent:attack:EXPIRED_RELEASE:2703000
NoRootAuthentication,attack:multiagent:SUBJECT_SUBSTITUTION:2803000,multiagent,SUBJECT_SUBSTITUTION,False,0,DENY,E_SUBJECT_SUBSTITUTION
NoRootAuthentication,attack:multiagent:POST_PERMIT_ACTION_SUBSTITUTION:2903000,multiagent,POST_PERMIT_ACTION_SUBSTITUTION,False,0,DENY,E_ACTION_SUBSTITUTION
NoRootAuthentication,attack:multiagent:REVOKED_GRANT:3003000,multiagent,REVOKED_GRANT,False,0,DENY,E_REVOKED_AT_FINALITY
NoRootAuthentication,attack:multiagent:CONTRACT_GUARANTEE_VIOLATION:3103000,multiagent,CONTRACT_GUARANTEE_VIOLATION,False,0,DENY,E_GUARANTEE_FALSE:2:canonical_destination
NoComponentRoleBinding,attack:workspace:UNTRUSTED_FIELD_BINDING:0,workspace,UNTRUSTED_FIELD_BINDING,False,0,ESCALATE,E_UNRELEASED_FIELD:/action/destination
NoComponentRoleBinding,attack:workspace:DROP_PROVENANCE:100000,workspace,DROP_PROVENANCE,False,0,DENY,E_ENSURED_FIELD_MISSING:2:/context/protected_field_sources;E_ENSURED_FIELD_MISSING:2:/context/provenance_root;E_NOT_PRESERVED:2:/context/protected_field_sources;E_NOT_PRESERVED:2:/context/provenance_root;E_PROVENANCE_CONTEXT
NoComponentRoleBinding,attack:workspace:PROVENANCE_VALUE_SUBSTITUTION:200000,workspace,PROVENANCE_VALUE_SUBSTITUTION,False,0,DENY,E_PROVENANCE_VALUE_MISMATCH:/action/destination;E_UNDISCHARGED_ASSUMPTION:0:provenance-authenticated;E_UNDISCHARGED_ASSUMPTION:1:memory-context-preserved;E_UNDISCHARGED_ASSUMPTION:2:policy-authorized
NoComponentRoleBinding,attack:workspace:UNTRUSTED_ROOT_PRODUCER:300000,workspace,UNTRUSTED_ROOT_PRODUCER,False,0,DENY,E_UNDISCHARGED_ASSUMPTION:0:root-authenticated;E_UNDISCHARGED_ASSUMPTION:1:memory-context-preserved;E_UNDISCHARGED_ASSUMPTION:2:policy-authorized;E_UNTRUSTED_ROOT;E_UNTRUSTED_ROOT_ISSUER
NoComponentRoleBinding,attack:workspace:ROOT_AUTHORITY_EXCEEDED:400000,workspace,ROOT_AUTHORITY_EXCEEDED,False,0,DENY,E_ROOT_ACTION_SCOPE_EXCEEDED;E_ROOT_AUTHORITY_EXCEEDED;E_ROOT_OPERATION_NOT_GRANTED;E_ROOT_SCOPE_EXCEEDED;E_UNDISCHARGED_ASSUMPTION:0:root-authenticated;E_UNDISCHARGED_ASSUMPTION:1:memory-context-preserved;E_UNDISCHARGED_ASSUMPTION:2:policy-authorized
NoComponentRoleBinding,attack:workspace:ROOT_SCOPE_EXCEEDED:500000,workspace,ROOT_SCOPE_EXCEEDED,False,0,DENY,E_ROOT_ACTION_SCOPE_EXCEEDED;E_ROOT_SCOPE_EXCEEDED;E_UNDISCHARGED_ASSUMPTION:0:root-authenticated;E_UNDISCHARGED_ASSUMPTION:1:memory-context-preserved;E_UNDISCHARGED_ASSUMPTION:2:policy-authorized
NoComponentRoleBinding,attack:workspace:ROOT_FIELD_CONSTRAINT_BYPASS:600000,workspace,ROOT_FIELD_CONSTRAINT_BYPASS,False,0,DENY,E_ROOT_FIELD_CONSTRAINT:/action/destination;E_UNDISCHARGED_ASSUMPTION:0:root-authenticated;E_UNDISCHARGED_ASSUMPTION:1:memory-context-preserved;E_UNDISCHARGED_ASSUMPTION:2:policy-authorized
NoComponentRoleBinding,attack:workspace:PRINCIPAL_SUBSTITUTION:700000,workspace,PRINCIPAL_SUBSTITUTION,False,0,DENY,E_NOT_PRESERVED:2:/context/principal
NoComponentRoleBinding,attack:workspace:AUTHORITY_AMPLIFICATION:800000,workspace,AUTHORITY_AMPLIFICATION,False,0,DENY,E_AUTHORITY_AMPLIFICATION:0;E_DELEGATION_WIDENING:0;E_ILLEGAL_TRANSFORM:0:/context/authority;E_ILLEGAL_TRANSFORM:0:/context/delegation_scope;E_NOT_PRESERVED:0:/action/destination;E_NOT_PRESERVED:0:/action/function;E_NOT_PRESERVED:0:/action/operation;E_NOT_PRESERVED:0:/action/resource;E_UNDISCHARGED_ASSUMPTION:1:memory-context-preserved;E_UNDISCHARGED_ASSUMPTION:2:policy-authorized
NoComponentRoleBinding,attack:workspace:DELEGATION_WIDENING:900000,workspace,DELEGATION_WIDENING,False,0,DENY,E_DELEGATION_WIDENING:0;E_ILLEGAL_TRANSFORM:0:/context/delegation_scope;E_NOT_PRESERVED:0:/action/resource;E_UNDISCHARGED_ASSUMPTION:1:memory-context-preserved;E_UNDISCHARGED_ASSUMPTION:2:policy-authorized
NoComponentRoleBinding,attack:workspace:ARGUMENT_MUTATION:1000000,workspace,ARGUMENT_MUTATION,False,0,DENY,E_NOT_PRESERVED:2:/action/parameters/body
NoComponentRoleBinding,attack:workspace:DESTINATION_SUBSTITUTION:1100000,workspace,DESTINATION_SUBSTITUTION,False,0,DENY,E_UNTRUSTED_TRANSFORM_ISSUER:adapter:/action/destination
NoComponentRoleBinding,attack:workspace:TOOL_SERVER_SWAP:1200000,workspace,TOOL_SERVER_SWAP,False,0,DENY,E_NOT_PRESERVED:2:/action/server_id;E_NOT_PRESERVED:2:/action/tool_manifest_digest;E_UNTRUSTED_TOOL_MANIFEST
NoComponentRoleBinding,attack:workspace:POLICY_DOWNGRADE:1300000,workspace,POLICY_DOWNGRADE,False,0,DENY,E_GUARANTEE_FALSE:2:policy_matches;E_ILLEGAL_TRANSFORM:2:/context/policy_digest;E_ILLEGAL_TRANSFORM:2:/context/policy_epoch;E_POLICY_DOWNGRADE:2;E_STALE_POLICY
NoComponentRoleBinding,attack:workspace:NONCE_REPLAY:1400000,workspace,NONCE_REPLAY,False,1,EXECUTE_ONCE,EXECUTED;IDEMPOTENT_REPLAY
NoComponentRoleBinding,attack:workspace:ALTERNATE_PATH:1500000,workspace,ALTERNATE_PATH,False,0,DENY,E_UNMEDIATED_PATH
NoComponentRoleBinding,attack:workspace:MEMORY_LAUNDERING:1600000,workspace,MEMORY_LAUNDERING,False,0,DENY,E_NOT_PRESERVED:0:/context/protected_field_sources;E_NOT_PRESERVED:0:/context/source_classes;E_UNDISCHARGED_ASSUMPTION:1:memory-context-preserved;E_UNDISCHARGED_ASSUMPTION:2:policy-authorized;E_UNRELEASED_FIELD:/action/destination
NoComponentRoleBinding,attack:workspace:TAINT_DOWNGRADE:1700000,workspace,TAINT_DOWNGRADE,False,0,DENY,E_ILLEGAL_TRANSFORM:0:/context/taint;E_TAINT_DOWNGRADE:0;E_UNDISCHARGED_ASSUMPTION:1:memory-context-preserved;E_UNDISCHARGED_ASSUMPTION:2:policy-authorized;E_UNTRACKED_DATA_CLASS
NoComponentRoleBinding,attack:workspace:EFFECT_CLASS_DOWNGRADE:1800000,workspace,EFFECT_CLASS_DOWNGRADE,False,0,DENY,E_NOT_PRESERVED:2:/action/effect_class
NoComponentRoleBinding,attack:workspace:CONTEXT_ROOT_OMISSION:1900000,workspace,CONTEXT_ROOT_OMISSION,False,0,DENY,E_CONTEXT_ROOT;E_ENSURED_FIELD_MISSING:2:/context/context_root;E_NOT_PRESERVED:2:/context/context_root
NoComponentRoleBinding,attack:workspace:RETRY_DUPLICATE:2000000,workspace,RETRY_DUPLICATE,False,1,EXECUTE_ONCE,EXECUTED;IDEMPOTENT_REPLAY
NoComponentRoleBinding,attack:workspace:UNAUTHORISED_STAGE_SIGNER:2100000,workspace,UNAUTHORISED_STAGE_SIGNER,True,1,EXECUTE,EXECUTED
NoComponentRoleBinding,attack:workspace:RECEIPT_PRODUCER_MISMATCH:2200000,workspace,RECEIPT_PRODUCER_MISMATCH,False,0,DENY,E_RECEIPT_PRODUCER_MISMATCH:0;E_UNDISCHARGED_ASSUMPTION:1:memory-context-preserved;E_UNDISCHARGED_ASSUMPTION:2:policy-authorized
NoComponentRoleBinding,attack:workspace:MISSING_TRANSFORM_WITNESS:2300000,workspace,MISSING_TRANSFORM_WITNESS,False,0,DENY,E_MISSING_TRANSFORM_WITNESS:2:/action/destination
NoComponentRoleBinding,attack:workspace:INVALID_TRANSFORM_WITNESS:2400000,workspace,INVALID_TRANSFORM_WITNESS,False,0,DENY,E_TRANSFORM_AFTER_MISMATCH:adapter:/action/destination;E_TRANSFORM_RELATION_FALSE:adapter:/action/destination
NoComponentRoleBinding,attack:workspace:RELEASE_PREDICATE_BYPASS:2500000,workspace,RELEASE_PREDICATE_BYPASS,False,0,DENY,E_INVALID_RELEASE:/action/destination
NoComponentRoleBinding,attack:workspace:RELEASE_VALUE_SUBSTITUTION:2600000,workspace,RELEASE_VALUE_SUBSTITUTION,False,0,DENY,E_INVALID_RELEASE:/action/destination
NoComponentRoleBinding,attack:workspace:EXPIRED_RELEASE:2700000,workspace,EXPIRED_RELEASE,False,0,DENY,E_EXPIRED_RELEASE:release:workspace:attack:EXPIRED_RELEASE:2700000
NoComponentRoleBinding,attack:workspace:SUBJECT_SUBSTITUTION:2800000,workspace,SUBJECT_SUBSTITUTION,False,0,DENY,E_SUBJECT_SUBSTITUTION
NoComponentRoleBinding,attack:workspace:POST_PERMIT_ACTION_SUBSTITUTION:2900000,workspace,POST_PERMIT_ACTION_SUBSTITUTION,False,0,DENY,E_ACTION_SUBSTITUTION
NoComponentRoleBinding,attack:workspace:REVOKED_GRANT:3000000,workspace,REVOKED_GRANT,False,0,DENY,E_REVOKED_AT_FINALITY
NoComponentRoleBinding,attack:workspace:CONTRACT_GUARANTEE_VIOLATION:3100000,workspace,CONTRACT_GUARANTEE_VIOLATION,False,0,DENY,E_GUARANTEE_FALSE:2:canonical_destination
NoComponentRoleBinding,attack:finance:UNTRUSTED_FIELD_BINDING:1000,finance,UNTRUSTED_FIELD_BINDING,False,0,ESCALATE,E_UNRELEASED_FIELD:/action/parameters/amount_cents
NoComponentRoleBinding,attack:finance:DROP_PROVENANCE:101000,finance,DROP_PROVENANCE,False,0,DENY,E_ENSURED_FIELD_MISSING:2:/context/protected_field_sources;E_ENSURED_FIELD_MISSING:2:/context/provenance_root;E_NOT_PRESERVED:2:/context/protected_field_sources;E_NOT_PRESERVED:2:/context/provenance_root;E_PROVENANCE_CONTEXT
NoComponentRoleBinding,attack:finance:PROVENANCE_VALUE_SUBSTITUTION:201000,finance,PROVENANCE_VALUE_SUBSTITUTION,False,0,DENY,E_PROVENANCE_VALUE_MISMATCH:/action/parameters/amount_cents;E_UNDISCHARGED_ASSUMPTION:0:provenance-authenticated;E_UNDISCHARGED_ASSUMPTION:1:memory-context-preserved;E_UNDISCHARGED_ASSUMPTION:2:policy-authorized
NoComponentRoleBinding,attack:finance:UNTRUSTED_ROOT_PRODUCER:301000,finance,UNTRUSTED_ROOT_PRODUCER,False,0,DENY,E_UNDISCHARGED_ASSUMPTION:0:root-authenticated;E_UNDISCHARGED_ASSUMPTION:1:memory-context-preserved;E_UNDISCHARGED_ASSUMPTION:2:policy-authorized;E_UNTRUSTED_ROOT;E_UNTRUSTED_ROOT_ISSUER
NoComponentRoleBinding,attack:finance:ROOT_AUTHORITY_EXCEEDED:401000,finance,ROOT_AUTHORITY_EXCEEDED,False,0,DENY,E_ROOT_ACTION_SCOPE_EXCEEDED;E_ROOT_AUTHORITY_EXCEEDED;E_ROOT_OPERATION_NOT_GRANTED;E_ROOT_SCOPE_EXCEEDED;E_UNDISCHARGED_ASSUMPTION:0:root-authenticated;E_UNDISCHARGED_ASSUMPTION:1:memory-context-preserved;E_UNDISCHARGED_ASSUMPTION:2:policy-authorized
NoComponentRoleBinding,attack:finance:ROOT_SCOPE_EXCEEDED:501000,finance,ROOT_SCOPE_EXCEEDED,False,0,DENY,E_ROOT_ACTION_SCOPE_EXCEEDED;E_ROOT_SCOPE_EXCEEDED;E_UNDISCHARGED_ASSUMPTION:0:root-authenticated;E_UNDISCHARGED_ASSUMPTION:1:memory-context-preserved;E_UNDISCHARGED_ASSUMPTION:2:policy-authorized
NoComponentRoleBinding,attack:finance:ROOT_FIELD_CONSTRAINT_BYPASS:601000,finance,ROOT_FIELD_CONSTRAINT_BYPASS,False,0,DENY,E_ROOT_FIELD_CONSTRAINT:/action/parameters/amount_cents;E_UNDISCHARGED_ASSUMPTION:0:root-authenticated;E_UNDISCHARGED_ASSUMPTION:1:memory-context-preserved;E_UNDISCHARGED_ASSUMPTION:2:policy-authorized
NoComponentRoleBinding,attack:finance:PRINCIPAL_SUBSTITUTION:701000,finance,PRINCIPAL_SUBSTITUTION,False,0,DENY,E_NOT_PRESERVED:2:/context/principal
NoComponentRoleBinding,attack:finance:AUTHORITY_AMPLIFICATION:801000,finance,AUTHORITY_AMPLIFICATION,False,0,DENY,E_AUTHORITY_AMPLIFICATION:0;E_DELEGATION_WIDENING:0;E_ILLEGAL_TRANSFORM:0:/context/authority;E_ILLEGAL_TRANSFORM:0:/context/delegation_scope;E_NOT_PRESERVED:0:/action/destination;E_NOT_PRESERVED:0:/action/function;E_NOT_PRESERVED:0:/action/operation;E_NOT_PRESERVED:0:/action/resource;E_UNDISCHARGED_ASSUMPTION:1:memory-context-preserved;E_UNDISCHARGED_ASSUMPTION:2:policy-authorized
NoComponentRoleBinding,attack:finance:DELEGATION_WIDENING:901000,finance,DELEGATION_WIDENING,False,0,DENY,E_DELEGATION_WIDENING:0;E_ILLEGAL_TRANSFORM:0:/context/delegation_scope;E_NOT_PRESERVED:0:/action/resource;E_UNDISCHARGED_ASSUMPTION:1:memory-context-preserved;E_UNDISCHARGED_ASSUMPTION:2:policy-authorized
NoComponentRoleBinding,attack:finance:ARGUMENT_MUTATION:1001000,finance,ARGUMENT_MUTATION,False,0,DENY,E_NOT_PRESERVED:2:/action/parameters/amount_cents
NoComponentRoleBinding,attack:finance:DESTINATION_SUBSTITUTION:1101000,finance,DESTINATION_SUBSTITUTION,False,0,DENY,E_UNTRUSTED_TRANSFORM_ISSUER:adapter:/action/destination
NoComponentRoleBinding,attack:finance:TOOL_SERVER_SWAP:1201000,finance,TOOL_SERVER_SWAP,False,0,DENY,E_NOT_PRESERVED:2:/action/server_id;E_NOT_PRESERVED:2:/action/tool_manifest_digest;E_UNTRUSTED_TOOL_MANIFEST
NoComponentRoleBinding,attack:finance:POLICY_DOWNGRADE:1301000,finance,POLICY_DOWNGRADE,False,0,DENY,E_GUARANTEE_FALSE:2:policy_matches;E_ILLEGAL_TRANSFORM:2:/context/policy_digest;E_ILLEGAL_TRANSFORM:2:/context/policy_epoch;E_POLICY_DOWNGRADE:2;E_STALE_POLICY
NoComponentRoleBinding,attack:finance:NONCE_REPLAY:1401000,finance,NONCE_REPLAY,False,1,EXECUTE_ONCE,EXECUTED;IDEMPOTENT_REPLAY
NoComponentRoleBinding,attack:finance:ALTERNATE_PATH:1501000,finance,ALTERNATE_PATH,False,0,DENY,E_UNMEDIATED_PATH
NoComponentRoleBinding,attack:finance:MEMORY_LAUNDERING:1601000,finance,MEMORY_LAUNDERING,False,0,DENY,E_NOT_PRESERVED:0:/context/protected_field_sources;E_NOT_PRESERVED:0:/context/source_classes;E_UNDISCHARGED_ASSUMPTION:1:memory-context-preserved;E_UNDISCHARGED_ASSUMPTION:2:policy-authorized;E_UNRELEASED_FIELD:/action/parameters/amount_cents
NoComponentRoleBinding,attack:finance:TAINT_DOWNGRADE:1701000,finance,TAINT_DOWNGRADE,False,0,DENY,E_ILLEGAL_TRANSFORM:0:/context/taint;E_TAINT_DOWNGRADE:0;E_UNDISCHARGED_ASSUMPTION:1:memory-context-preserved;E_UNDISCHARGED_ASSUMPTION:2:policy-authorized;E_UNTRACKED_DATA_CLASS
NoComponentRoleBinding,attack:finance:EFFECT_CLASS_DOWNGRADE:1801000,finance,EFFECT_CLASS_DOWNGRADE,False,0,DENY,E_NOT_PRESERVED:2:/action/effect_class
NoComponentRoleBinding,attack:finance:CONTEXT_ROOT_OMISSION:1901000,finance,CONTEXT_ROOT_OMISSION,False,0,DENY,E_CONTEXT_ROOT;E_ENSURED_FIELD_MISSING:2:/context/context_root;E_NOT_PRESERVED:2:/context/context_root
NoComponentRoleBinding,attack:finance:RETRY_DUPLICATE:2001000,finance,RETRY_DUPLICATE,False,1,EXECUTE_ONCE,EXECUTED;IDEMPOTENT_REPLAY
NoComponentRoleBinding,attack:finance:UNAUTHORISED_STAGE_SIGNER:2101000,finance,UNAUTHORISED_STAGE_SIGNER,True,1,EXECUTE,EXECUTED
NoComponentRoleBinding,attack:finance:RECEIPT_PRODUCER_MISMATCH:2201000,finance,RECEIPT_PRODUCER_MISMATCH,False,0,DENY,E_RECEIPT_PRODUCER_MISMATCH:0;E_UNDISCHARGED_ASSUMPTION:1:memory-context-preserved;E_UNDISCHARGED_ASSUMPTION:2:policy-authorized
NoComponentRoleBinding,attack:finance:MISSING_TRANSFORM_WITNESS:2301000,finance,MISSING_TRANSFORM_WITNESS,False,0,DENY,E_MISSING_TRANSFORM_WITNESS:2:/action/destination
NoComponentRoleBinding,attack:finance:INVALID_TRANSFORM_WITNESS:2401000,finance,INVALID_TRANSFORM_WITNESS,False,0,DENY,E_TRANSFORM_AFTER_MISMATCH:adapter:/action/destination;E_TRANSFORM_RELATION_FALSE:adapter:/action/destination
NoComponentRoleBinding,attack:finance:RELEASE_PREDICATE_BYPASS:2501000,finance,RELEASE_PREDICATE_BYPASS,False,0,DENY,E_INVALID_RELEASE:/action/parameters/amount_cents
NoComponentRoleBinding,attack:finance:RELEASE_VALUE_SUBSTITUTION:2601000,finance,RELEASE_VALUE_SUBSTITUTION,False,0,DENY,E_INVALID_RELEASE:/action/parameters/amount_cents
NoComponentRoleBinding,attack:finance:EXPIRED_RELEASE:2701000,finance,EXPIRED_RELEASE,False,0,DENY,E_EXPIRED_RELEASE:release:finance:attack:EXPIRED_RELEASE:2701000
NoComponentRoleBinding,attack:finance:SUBJECT_SUBSTITUTION:2801000,finance,SUBJECT_SUBSTITUTION,False,0,DENY,E_SUBJECT_SUBSTITUTION
NoComponentRoleBinding,attack:finance:POST_PERMIT_ACTION_SUBSTITUTION:2901000,finance,POST_PERMIT_ACTION_SUBSTITUTION,False,0,DENY,E_ACTION_SUBSTITUTION
NoComponentRoleBinding,attack:finance:REVOKED_GRANT:3001000,finance,REVOKED_GRANT,False,0,DENY,E_REVOKED_AT_FINALITY
NoComponentRoleBinding,attack:finance:CONTRACT_GUARANTEE_VIOLATION:3101000,finance,CONTRACT_GUARANTEE_VIOLATION,False,0,DENY,E_GUARANTEE_FALSE:2:canonical_destination
NoComponentRoleBinding,attack:devops:UNTRUSTED_FIELD_BINDING:2000,devops,UNTRUSTED_FIELD_BINDING,False,0,ESCALATE,E_UNRELEASED_FIELD:/action/parameters/commit
NoComponentRoleBinding,attack:devops:DROP_PROVENANCE:102000,devops,DROP_PROVENANCE,False,0,DENY,E_ENSURED_FIELD_MISSING:2:/context/protected_field_sources;E_ENSURED_FIELD_MISSING:2:/context/provenance_root;E_NOT_PRESERVED:2:/context/protected_field_sources;E_NOT_PRESERVED:2:/context/provenance_root;E_PROVENANCE_CONTEXT
NoComponentRoleBinding,attack:devops:PROVENANCE_VALUE_SUBSTITUTION:202000,devops,PROVENANCE_VALUE_SUBSTITUTION,False,0,DENY,E_PROVENANCE_VALUE_MISMATCH:/action/parameters/commit;E_UNDISCHARGED_ASSUMPTION:0:provenance-authenticated;E_UNDISCHARGED_ASSUMPTION:1:memory-context-preserved;E_UNDISCHARGED_ASSUMPTION:2:policy-authorized
NoComponentRoleBinding,attack:devops:UNTRUSTED_ROOT_PRODUCER:302000,devops,UNTRUSTED_ROOT_PRODUCER,False,0,DENY,E_UNDISCHARGED_ASSUMPTION:0:root-authenticated;E_UNDISCHARGED_ASSUMPTION:1:memory-context-preserved;E_UNDISCHARGED_ASSUMPTION:2:policy-authorized;E_UNTRUSTED_ROOT;E_UNTRUSTED_ROOT_ISSUER
NoComponentRoleBinding,attack:devops:ROOT_AUTHORITY_EXCEEDED:402000,devops,ROOT_AUTHORITY_EXCEEDED,False,0,DENY,E_ROOT_ACTION_SCOPE_EXCEEDED;E_ROOT_AUTHORITY_EXCEEDED;E_ROOT_OPERATION_NOT_GRANTED;E_ROOT_SCOPE_EXCEEDED;E_UNDISCHARGED_ASSUMPTION:0:root-authenticated;E_UNDISCHARGED_ASSUMPTION:1:memory-context-preserved;E_UNDISCHARGED_ASSUMPTION:2:policy-authorized
NoComponentRoleBinding,attack:devops:ROOT_SCOPE_EXCEEDED:502000,devops,ROOT_SCOPE_EXCEEDED,False,0,DENY,E_ROOT_ACTION_SCOPE_EXCEEDED;E_ROOT_SCOPE_EXCEEDED;E_UNDISCHARGED_ASSUMPTION:0:root-authenticated;E_UNDISCHARGED_ASSUMPTION:1:memory-context-preserved;E_UNDISCHARGED_ASSUMPTION:2:policy-authorized
NoComponentRoleBinding,attack:devops:ROOT_FIELD_CONSTRAINT_BYPASS:602000,devops,ROOT_FIELD_CONSTRAINT_BYPASS,False,0,DENY,E_ROOT_FIELD_CONSTRAINT:/action/parameters/commit;E_UNDISCHARGED_ASSUMPTION:0:root-authenticated;E_UNDISCHARGED_ASSUMPTION:1:memory-context-preserved;E_UNDISCHARGED_ASSUMPTION:2:policy-authorized
NoComponentRoleBinding,attack:devops:PRINCIPAL_SUBSTITUTION:702000,devops,PRINCIPAL_SUBSTITUTION,False,0,DENY,E_NOT_PRESERVED:2:/context/principal
NoComponentRoleBinding,attack:devops:AUTHORITY_AMPLIFICATION:802000,devops,AUTHORITY_AMPLIFICATION,False,0,DENY,E_AUTHORITY_AMPLIFICATION:0;E_DELEGATION_WIDENING:0;E_ILLEGAL_TRANSFORM:0:/context/authority;E_ILLEGAL_TRANSFORM:0:/context/delegation_scope;E_NOT_PRESERVED:0:/action/destination;E_NOT_PRESERVED:0:/action/function;E_NOT_PRESERVED:0:/action/operation;E_NOT_PRESERVED:0:/action/resource;E_UNDISCHARGED_ASSUMPTION:1:memory-context-preserved;E_UNDISCHARGED_ASSUMPTION:2:policy-authorized
NoComponentRoleBinding,attack:devops:DELEGATION_WIDENING:902000,devops,DELEGATION_WIDENING,False,0,DENY,E_DELEGATION_WIDENING:0;E_ILLEGAL_TRANSFORM:0:/context/delegation_scope;E_NOT_PRESERVED:0:/action/resource;E_UNDISCHARGED_ASSUMPTION:1:memory-context-preserved;E_UNDISCHARGED_ASSUMPTION:2:policy-authorized
NoComponentRoleBinding,attack:devops:ARGUMENT_MUTATION:1002000,devops,ARGUMENT_MUTATION,False,0,DENY,E_NOT_PRESERVED:2:/action/parameters/environment
NoComponentRoleBinding,attack:devops:DESTINATION_SUBSTITUTION:1102000,devops,DESTINATION_SUBSTITUTION,False,0,DENY,E_UNTRUSTED_TRANSFORM_ISSUER:adapter:/action/destination
NoComponentRoleBinding,attack:devops:TOOL_SERVER_SWAP:1202000,devops,TOOL_SERVER_SWAP,False,0,DENY,E_NOT_PRESERVED:2:/action/server_id;E_NOT_PRESERVED:2:/action/tool_manifest_digest;E_UNTRUSTED_TOOL_MANIFEST
NoComponentRoleBinding,attack:devops:POLICY_DOWNGRADE:1302000,devops,POLICY_DOWNGRADE,False,0,DENY,E_GUARANTEE_FALSE:2:policy_matches;E_ILLEGAL_TRANSFORM:2:/context/policy_digest;E_ILLEGAL_TRANSFORM:2:/context/policy_epoch;E_POLICY_DOWNGRADE:2;E_STALE_POLICY
NoComponentRoleBinding,attack:devops:NONCE_REPLAY:1402000,devops,NONCE_REPLAY,False,1,EXECUTE_ONCE,EXECUTED;IDEMPOTENT_REPLAY
NoComponentRoleBinding,attack:devops:ALTERNATE_PATH:1502000,devops,ALTERNATE_PATH,False,0,DENY,E_UNMEDIATED_PATH
NoComponentRoleBinding,attack:devops:MEMORY_LAUNDERING:1602000,devops,MEMORY_LAUNDERING,False,0,DENY,E_NOT_PRESERVED:0:/context/protected_field_sources;E_NOT_PRESERVED:0:/context/source_classes;E_UNDISCHARGED_ASSUMPTION:1:memory-context-preserved;E_UNDISCHARGED_ASSUMPTION:2:policy-authorized;E_UNRELEASED_FIELD:/action/parameters/commit
NoComponentRoleBinding,attack:devops:TAINT_DOWNGRADE:1702000,devops,TAINT_DOWNGRADE,False,0,DENY,E_ILLEGAL_TRANSFORM:0:/context/taint;E_TAINT_DOWNGRADE:0;E_UNDISCHARGED_ASSUMPTION:1:memory-context-preserved;E_UNDISCHARGED_ASSUMPTION:2:policy-authorized;E_UNTRACKED_DATA_CLASS
NoComponentRoleBinding,attack:devops:EFFECT_CLASS_DOWNGRADE:1802000,devops,EFFECT_CLASS_DOWNGRADE,False,0,DENY,E_NOT_PRESERVED:2:/action/effect_class
NoComponentRoleBinding,attack:devops:CONTEXT_ROOT_OMISSION:1902000,devops,CONTEXT_ROOT_OMISSION,False,0,DENY,E_CONTEXT_ROOT;E_ENSURED_FIELD_MISSING:2:/context/context_root;E_NOT_PRESERVED:2:/context/context_root
NoComponentRoleBinding,attack:devops:RETRY_DUPLICATE:2002000,devops,RETRY_DUPLICATE,False,1,EXECUTE_ONCE,EXECUTED;IDEMPOTENT_REPLAY
NoComponentRoleBinding,attack:devops:UNAUTHORISED_STAGE_SIGNER:2102000,devops,UNAUTHORISED_STAGE_SIGNER,True,1,EXECUTE,EXECUTED
NoComponentRoleBinding,attack:devops:RECEIPT_PRODUCER_MISMATCH:2202000,devops,RECEIPT_PRODUCER_MISMATCH,False,0,DENY,E_RECEIPT_PRODUCER_MISMATCH:0;E_UNDISCHARGED_ASSUMPTION:1:memory-context-preserved;E_UNDISCHARGED_ASSUMPTION:2:policy-authorized
NoComponentRoleBinding,attack:devops:MISSING_TRANSFORM_WITNESS:2302000,devops,MISSING_TRANSFORM_WITNESS,False,0,DENY,E_MISSING_TRANSFORM_WITNESS:2:/action/destination
NoComponentRoleBinding,attack:devops:INVALID_TRANSFORM_WITNESS:2402000,devops,INVALID_TRANSFORM_WITNESS,False,0,DENY,E_TRANSFORM_AFTER_MISMATCH:adapter:/action/destination;E_TRANSFORM_RELATION_FALSE:adapter:/action/destination
NoComponentRoleBinding,attack:devops:RELEASE_PREDICATE_BYPASS:2502000,devops,RELEASE_PREDICATE_BYPASS,False,0,DENY,E_INVALID_RELEASE:/action/parameters/commit
NoComponentRoleBinding,attack:devops:RELEASE_VALUE_SUBSTITUTION:2602000,devops,RELEASE_VALUE_SUBSTITUTION,False,0,DENY,E_INVALID_RELEASE:/action/parameters/commit
NoComponentRoleBinding,attack:devops:EXPIRED_RELEASE:2702000,devops,EXPIRED_RELEASE,False,0,DENY,E_EXPIRED_RELEASE:release:devops:attack:EXPIRED_RELEASE:2702000
NoComponentRoleBinding,attack:devops:SUBJECT_SUBSTITUTION:2802000,devops,SUBJECT_SUBSTITUTION,False,0,DENY,E_SUBJECT_SUBSTITUTION
NoComponentRoleBinding,attack:devops:POST_PERMIT_ACTION_SUBSTITUTION:2902000,devops,POST_PERMIT_ACTION_SUBSTITUTION,False,0,DENY,E_ACTION_SUBSTITUTION
NoComponentRoleBinding,attack:devops:REVOKED_GRANT:3002000,devops,REVOKED_GRANT,False,0,DENY,E_REVOKED_AT_FINALITY
NoComponentRoleBinding,attack:devops:CONTRACT_GUARANTEE_VIOLATION:3102000,devops,CONTRACT_GUARANTEE_VIOLATION,False,0,DENY,E_GUARANTEE_FALSE:2:canonical_destination
NoComponentRoleBinding,attack:multiagent:UNTRUSTED_FIELD_BINDING:3000,multiagent,UNTRUSTED_FIELD_BINDING,False,0,ESCALATE,E_UNRELEASED_FIELD:/action/parameters/capability
NoComponentRoleBinding,attack:multiagent:DROP_PROVENANCE:103000,multiagent,DROP_PROVENANCE,False,0,DENY,E_ENSURED_FIELD_MISSING:2:/context/protected_field_sources;E_ENSURED_FIELD_MISSING:2:/context/provenance_root;E_NOT_PRESERVED:2:/context/protected_field_sources;E_NOT_PRESERVED:2:/context/provenance_root;E_PROVENANCE_CONTEXT
NoComponentRoleBinding,attack:multiagent:PROVENANCE_VALUE_SUBSTITUTION:203000,multiagent,PROVENANCE_VALUE_SUBSTITUTION,False,0,DENY,E_PROVENANCE_VALUE_MISMATCH:/action/parameters/capability;E_UNDISCHARGED_ASSUMPTION:0:provenance-authenticated;E_UNDISCHARGED_ASSUMPTION:1:memory-context-preserved;E_UNDISCHARGED_ASSUMPTION:2:policy-authorized
NoComponentRoleBinding,attack:multiagent:UNTRUSTED_ROOT_PRODUCER:303000,multiagent,UNTRUSTED_ROOT_PRODUCER,False,0,DENY,E_UNDISCHARGED_ASSUMPTION:0:root-authenticated;E_UNDISCHARGED_ASSUMPTION:1:memory-context-preserved;E_UNDISCHARGED_ASSUMPTION:2:policy-authorized;E_UNTRUSTED_ROOT;E_UNTRUSTED_ROOT_ISSUER
NoComponentRoleBinding,attack:multiagent:ROOT_AUTHORITY_EXCEEDED:403000,multiagent,ROOT_AUTHORITY_EXCEEDED,False,0,DENY,E_ROOT_ACTION_SCOPE_EXCEEDED;E_ROOT_AUTHORITY_EXCEEDED;E_ROOT_OPERATION_NOT_GRANTED;E_ROOT_SCOPE_EXCEEDED;E_UNDISCHARGED_ASSUMPTION:0:root-authenticated;E_UNDISCHARGED_ASSUMPTION:1:memory-context-preserved;E_UNDISCHARGED_ASSUMPTION:2:policy-authorized
NoComponentRoleBinding,attack:multiagent:ROOT_SCOPE_EXCEEDED:503000,multiagent,ROOT_SCOPE_EXCEEDED,False,0,DENY,E_ROOT_ACTION_SCOPE_EXCEEDED;E_ROOT_SCOPE_EXCEEDED;E_UNDISCHARGED_ASSUMPTION:0:root-authenticated;E_UNDISCHARGED_ASSUMPTION:1:memory-context-preserved;E_UNDISCHARGED_ASSUMPTION:2:policy-authorized
NoComponentRoleBinding,attack:multiagent:ROOT_FIELD_CONSTRAINT_BYPASS:603000,multiagent,ROOT_FIELD_CONSTRAINT_BYPASS,False,0,DENY,E_ROOT_FIELD_CONSTRAINT:/action/parameters/capability;E_UNDISCHARGED_ASSUMPTION:0:root-authenticated;E_UNDISCHARGED_ASSUMPTION:1:memory-context-preserved;E_UNDISCHARGED_ASSUMPTION:2:policy-authorized
NoComponentRoleBinding,attack:multiagent:PRINCIPAL_SUBSTITUTION:703000,multiagent,PRINCIPAL_SUBSTITUTION,False,0,DENY,E_NOT_PRESERVED:2:/context/principal
NoComponentRoleBinding,attack:multiagent:AUTHORITY_AMPLIFICATION:803000,multiagent,AUTHORITY_AMPLIFICATION,False,0,DENY,E_AUTHORITY_AMPLIFICATION:0;E_DELEGATION_WIDENING:0;E_ILLEGAL_TRANSFORM:0:/context/authority;E_ILLEGAL_TRANSFORM:0:/context/delegation_scope;E_NOT_PRESERVED:0:/action/destination;E_NOT_PRESERVED:0:/action/function;E_NOT_PRESERVED:0:/action/operation;E_NOT_PRESERVED:0:/action/resource;E_UNDISCHARGED_ASSUMPTION:1:memory-context-preserved;E_UNDISCHARGED_ASSUMPTION:2:policy-authorized
NoComponentRoleBinding,attack:multiagent:DELEGATION_WIDENING:903000,multiagent,DELEGATION_WIDENING,False,0,DENY,E_DELEGATION_WIDENING:0;E_ILLEGAL_TRANSFORM:0:/context/delegation_scope;E_NOT_PRESERVED:0:/action/resource;E_UNDISCHARGED_ASSUMPTION:1:memory-context-preserved;E_UNDISCHARGED_ASSUMPTION:2:policy-authorized
NoComponentRoleBinding,attack:multiagent:ARGUMENT_MUTATION:1003000,multiagent,ARGUMENT_MUTATION,False,0,DENY,E_NOT_PRESERVED:2:/action/parameters/max_depth
NoComponentRoleBinding,attack:multiagent:DESTINATION_SUBSTITUTION:1103000,multiagent,DESTINATION_SUBSTITUTION,False,0,DENY,E_UNTRUSTED_TRANSFORM_ISSUER:adapter:/action/destination
NoComponentRoleBinding,attack:multiagent:TOOL_SERVER_SWAP:1203000,multiagent,TOOL_SERVER_SWAP,False,0,DENY,E_NOT_PRESERVED:2:/action/server_id;E_NOT_PRESERVED:2:/action/tool_manifest_digest;E_UNTRUSTED_TOOL_MANIFEST
NoComponentRoleBinding,attack:multiagent:POLICY_DOWNGRADE:1303000,multiagent,POLICY_DOWNGRADE,False,0,DENY,E_GUARANTEE_FALSE:2:policy_matches;E_ILLEGAL_TRANSFORM:2:/context/policy_digest;E_ILLEGAL_TRANSFORM:2:/context/policy_epoch;E_POLICY_DOWNGRADE:2;E_STALE_POLICY
NoComponentRoleBinding,attack:multiagent:NONCE_REPLAY:1403000,multiagent,NONCE_REPLAY,False,1,EXECUTE_ONCE,EXECUTED;IDEMPOTENT_REPLAY
NoComponentRoleBinding,attack:multiagent:ALTERNATE_PATH:1503000,multiagent,ALTERNATE_PATH,False,0,DENY,E_UNMEDIATED_PATH
NoComponentRoleBinding,attack:multiagent:MEMORY_LAUNDERING:1603000,multiagent,MEMORY_LAUNDERING,False,0,DENY,E_NOT_PRESERVED:0:/context/protected_field_sources;E_NOT_PRESERVED:0:/context/source_classes;E_UNDISCHARGED_ASSUMPTION:1:memory-context-preserved;E_UNDISCHARGED_ASSUMPTION:2:policy-authorized;E_UNRELEASED_FIELD:/action/parameters/capability
NoComponentRoleBinding,attack:multiagent:TAINT_DOWNGRADE:1703000,multiagent,TAINT_DOWNGRADE,False,0,DENY,E_ILLEGAL_TRANSFORM:0:/context/taint;E_TAINT_DOWNGRADE:0;E_UNDISCHARGED_ASSUMPTION:1:memory-context-preserved;E_UNDISCHARGED_ASSUMPTION:2:policy-authorized;E_UNTRACKED_DATA_CLASS
NoComponentRoleBinding,attack:multiagent:EFFECT_CLASS_DOWNGRADE:1803000,multiagent,EFFECT_CLASS_DOWNGRADE,False,0,DENY,E_NOT_PRESERVED:2:/action/effect_class
NoComponentRoleBinding,attack:multiagent:CONTEXT_ROOT_OMISSION:1903000,multiagent,CONTEXT_ROOT_OMISSION,False,0,DENY,E_CONTEXT_ROOT;E_ENSURED_FIELD_MISSING:2:/context/context_root;E_NOT_PRESERVED:2:/context/context_root
NoComponentRoleBinding,attack:multiagent:RETRY_DUPLICATE:2003000,multiagent,RETRY_DUPLICATE,False,1,EXECUTE_ONCE,EXECUTED;IDEMPOTENT_REPLAY
NoComponentRoleBinding,attack:multiagent:UNAUTHORISED_STAGE_SIGNER:2103000,multiagent,UNAUTHORISED_STAGE_SIGNER,True,1,EXECUTE,EXECUTED
NoComponentRoleBinding,attack:multiagent:RECEIPT_PRODUCER_MISMATCH:2203000,multiagent,RECEIPT_PRODUCER_MISMATCH,False,0,DENY,E_RECEIPT_PRODUCER_MISMATCH:0;E_UNDISCHARGED_ASSUMPTION:1:memory-context-preserved;E_UNDISCHARGED_ASSUMPTION:2:policy-authorized
NoComponentRoleBinding,attack:multiagent:MISSING_TRANSFORM_WITNESS:2303000,multiagent,MISSING_TRANSFORM_WITNESS,False,0,DENY,E_MISSING_TRANSFORM_WITNESS:2:/action/destination
NoComponentRoleBinding,attack:multiagent:INVALID_TRANSFORM_WITNESS:2403000,multiagent,INVALID_TRANSFORM_WITNESS,False,0,DENY,E_TRANSFORM_AFTER_MISMATCH:adapter:/action/destination;E_TRANSFORM_RELATION_FALSE:adapter:/action/destination
NoComponentRoleBinding,attack:multiagent:RELEASE_PREDICATE_BYPASS:2503000,multiagent,RELEASE_PREDICATE_BYPASS,False,0,DENY,E_INVALID_RELEASE:/action/parameters/capability
NoComponentRoleBinding,attack:multiagent:RELEASE_VALUE_SUBSTITUTION:2603000,multiagent,RELEASE_VALUE_SUBSTITUTION,False,0,DENY,E_INVALID_RELEASE:/action/parameters/capability
NoComponentRoleBinding,attack:multiagent:EXPIRED_RELEASE:2703000,multiagent,EXPIRED_RELEASE,False,0,DENY,E_EXPIRED_RELEASE:release:multiagent:attack:EXPIRED_RELEASE:2703000
NoComponentRoleBinding,attack:multiagent:SUBJECT_SUBSTITUTION:2803000,multiagent,SUBJECT_SUBSTITUTION,False,0,DENY,E_SUBJECT_SUBSTITUTION
NoComponentRoleBinding,attack:multiagent:POST_PERMIT_ACTION_SUBSTITUTION:2903000,multiagent,POST_PERMIT_ACTION_SUBSTITUTION,False,0,DENY,E_ACTION_SUBSTITUTION
NoComponentRoleBinding,attack:multiagent:REVOKED_GRANT:3003000,multiagent,REVOKED_GRANT,False,0,DENY,E_REVOKED_AT_FINALITY
NoComponentRoleBinding,attack:multiagent:CONTRACT_GUARANTEE_VIOLATION:3103000,multiagent,CONTRACT_GUARANTEE_VIOLATION,False,0,DENY,E_GUARANTEE_FALSE:2:canonical_destination
NoContractConformance,attack:workspace:UNTRUSTED_FIELD_BINDING:0,workspace,UNTRUSTED_FIELD_BINDING,False,0,ESCALATE,E_UNRELEASED_FIELD:/action/destination
NoContractConformance,attack:workspace:DROP_PROVENANCE:100000,workspace,DROP_PROVENANCE,False,0,DENY,E_ENSURED_FIELD_MISSING:2:/context/protected_field_sources;E_ENSURED_FIELD_MISSING:2:/context/provenance_root;E_PROVENANCE_CONTEXT
NoContractConformance,attack:workspace:PROVENANCE_VALUE_SUBSTITUTION:200000,workspace,PROVENANCE_VALUE_SUBSTITUTION,False,0,DENY,E_PROVENANCE_VALUE_MISMATCH:/action/destination;E_UNDISCHARGED_ASSUMPTION:0:provenance-authenticated;E_UNDISCHARGED_ASSUMPTION:1:memory-context-preserved;E_UNDISCHARGED_ASSUMPTION:2:policy-authorized
NoContractConformance,attack:workspace:UNTRUSTED_ROOT_PRODUCER:300000,workspace,UNTRUSTED_ROOT_PRODUCER,False,0,DENY,E_UNDISCHARGED_ASSUMPTION:0:root-authenticated;E_UNDISCHARGED_ASSUMPTION:1:memory-context-preserved;E_UNDISCHARGED_ASSUMPTION:2:policy-authorized;E_UNTRUSTED_ROOT;E_UNTRUSTED_ROOT_ISSUER
NoContractConformance,attack:workspace:ROOT_AUTHORITY_EXCEEDED:400000,workspace,ROOT_AUTHORITY_EXCEEDED,False,0,DENY,E_ROOT_ACTION_SCOPE_EXCEEDED;E_ROOT_AUTHORITY_EXCEEDED;E_ROOT_OPERATION_NOT_GRANTED;E_ROOT_SCOPE_EXCEEDED;E_UNDISCHARGED_ASSUMPTION:0:root-authenticated;E_UNDISCHARGED_ASSUMPTION:1:memory-context-preserved;E_UNDISCHARGED_ASSUMPTION:2:policy-authorized
NoContractConformance,attack:workspace:ROOT_SCOPE_EXCEEDED:500000,workspace,ROOT_SCOPE_EXCEEDED,False,0,DENY,E_ROOT_ACTION_SCOPE_EXCEEDED;E_ROOT_SCOPE_EXCEEDED;E_UNDISCHARGED_ASSUMPTION:0:root-authenticated;E_UNDISCHARGED_ASSUMPTION:1:memory-context-preserved;E_UNDISCHARGED_ASSUMPTION:2:policy-authorized
NoContractConformance,attack:workspace:ROOT_FIELD_CONSTRAINT_BYPASS:600000,workspace,ROOT_FIELD_CONSTRAINT_BYPASS,False,0,DENY,E_ROOT_FIELD_CONSTRAINT:/action/destination;E_UNDISCHARGED_ASSUMPTION:0:root-authenticated;E_UNDISCHARGED_ASSUMPTION:1:memory-context-preserved;E_UNDISCHARGED_ASSUMPTION:2:policy-authorized
NoContractConformance,attack:workspace:PRINCIPAL_SUBSTITUTION:700000,workspace,PRINCIPAL_SUBSTITUTION,True,1,EXECUTE,EXECUTED
NoContractConformance,attack:workspace:AUTHORITY_AMPLIFICATION:800000,workspace,AUTHORITY_AMPLIFICATION,False,0,DENY,E_AUTHORITY_AMPLIFICATION:0;E_DELEGATION_WIDENING:0;E_UNDISCHARGED_ASSUMPTION:1:memory-context-preserved;E_UNDISCHARGED_ASSUMPTION:2:policy-authorized
NoContractConformance,attack:workspace:DELEGATION_WIDENING:900000,workspace,DELEGATION_WIDENING,False,0,DENY,E_DELEGATION_WIDENING:0;E_UNDISCHARGED_ASSUMPTION:1:memory-context-preserved;E_UNDISCHARGED_ASSUMPTION:2:policy-authorized
NoContractConformance,attack:workspace:ARGUMENT_MUTATION:1000000,workspace,ARGUMENT_MUTATION,True,1,EXECUTE,EXECUTED
NoContractConformance,attack:workspace:DESTINATION_SUBSTITUTION:1100000,workspace,DESTINATION_SUBSTITUTION,True,1,EXECUTE,EXECUTED
NoContractConformance,attack:workspace:TOOL_SERVER_SWAP:1200000,workspace,TOOL_SERVER_SWAP,False,0,DENY,E_UNTRUSTED_TOOL_MANIFEST
NoContractConformance,attack:workspace:POLICY_DOWNGRADE:1300000,workspace,POLICY_DOWNGRADE,False,0,DENY,E_GUARANTEE_FALSE:2:policy_matches;E_POLICY_DOWNGRADE:2;E_STALE_POLICY
NoContractConformance,attack:workspace:NONCE_REPLAY:1400000,workspace,NONCE_REPLAY,False,1,EXECUTE_ONCE,EXECUTED;IDEMPOTENT_REPLAY
NoContractConformance,attack:workspace:ALTERNATE_PATH:1500000,workspace,ALTERNATE_PATH,False,0,DENY,E_UNMEDIATED_PATH
NoContractConformance,attack:workspace:MEMORY_LAUNDERING:1600000,workspace,MEMORY_LAUNDERING,False,0,ESCALATE,E_UNRELEASED_FIELD:/action/destination
NoContractConformance,attack:workspace:TAINT_DOWNGRADE:1700000,workspace,TAINT_DOWNGRADE,False,0,DENY,E_TAINT_DOWNGRADE:0;E_UNDISCHARGED_ASSUMPTION:1:memory-context-preserved;E_UNDISCHARGED_ASSUMPTION:2:policy-authorized;E_UNTRACKED_DATA_CLASS
NoContractConformance,attack:workspace:EFFECT_CLASS_DOWNGRADE:1800000,workspace,EFFECT_CLASS_DOWNGRADE,True,1,EXECUTE,EXECUTED
NoContractConformance,attack:workspace:CONTEXT_ROOT_OMISSION:1900000,workspace,CONTEXT_ROOT_OMISSION,False,0,DENY,E_CONTEXT_ROOT;E_ENSURED_FIELD_MISSING:2:/context/context_root
NoContractConformance,attack:workspace:RETRY_DUPLICATE:2000000,workspace,RETRY_DUPLICATE,False,1,EXECUTE_ONCE,EXECUTED;IDEMPOTENT_REPLAY
NoContractConformance,attack:workspace:UNAUTHORISED_STAGE_SIGNER:2100000,workspace,UNAUTHORISED_STAGE_SIGNER,False,0,DENY,E_UNAUTHORISED_PREDECESSOR:1;E_UNAUTHORISED_STAGE_SIGNER:0;E_UNDISCHARGED_ASSUMPTION:1:memory-context-preserved;E_UNDISCHARGED_ASSUMPTION:2:policy-authorized
NoContractConformance,attack:workspace:RECEIPT_PRODUCER_MISMATCH:2200000,workspace,RECEIPT_PRODUCER_MISMATCH,False,0,DENY,E_RECEIPT_PRODUCER_MISMATCH:0;E_UNAUTHORISED_STAGE_SIGNER:0;E_UNDISCHARGED_ASSUMPTION:1:memory-context-preserved;E_UNDISCHARGED_ASSUMPTION:2:policy-authorized
NoContractConformance,attack:workspace:MISSING_TRANSFORM_WITNESS:2300000,workspace,MISSING_TRANSFORM_WITNESS,True,1,EXECUTE,EXECUTED
NoContractConformance,attack:workspace:INVALID_TRANSFORM_WITNESS:2400000,workspace,INVALID_TRANSFORM_WITNESS,True,1,EXECUTE,EXECUTED
NoContractConformance,attack:workspace:RELEASE_PREDICATE_BYPASS:2500000,workspace,RELEASE_PREDICATE_BYPASS,False,0,DENY,E_INVALID_RELEASE:/action/destination
NoContractConformance,attack:workspace:RELEASE_VALUE_SUBSTITUTION:2600000,workspace,RELEASE_VALUE_SUBSTITUTION,False,0,DENY,E_INVALID_RELEASE:/action/destination
NoContractConformance,attack:workspace:EXPIRED_RELEASE:2700000,workspace,EXPIRED_RELEASE,False,0,DENY,E_EXPIRED_RELEASE:release:workspace:attack:EXPIRED_RELEASE:2700000
NoContractConformance,attack:workspace:SUBJECT_SUBSTITUTION:2800000,workspace,SUBJECT_SUBSTITUTION,False,0,DENY,E_SUBJECT_SUBSTITUTION
NoContractConformance,attack:workspace:POST_PERMIT_ACTION_SUBSTITUTION:2900000,workspace,POST_PERMIT_ACTION_SUBSTITUTION,False,0,DENY,E_ACTION_SUBSTITUTION
NoContractConformance,attack:workspace:REVOKED_GRANT:3000000,workspace,REVOKED_GRANT,False,0,DENY,E_REVOKED_AT_FINALITY
NoContractConformance,attack:workspace:CONTRACT_GUARANTEE_VIOLATION:3100000,workspace,CONTRACT_GUARANTEE_VIOLATION,False,0,DENY,E_GUARANTEE_FALSE:2:canonical_destination
NoContractConformance,attack:finance:UNTRUSTED_FIELD_BINDING:1000,finance,UNTRUSTED_FIELD_BINDING,False,0,ESCALATE,E_UNRELEASED_FIELD:/action/parameters/amount_cents
NoContractConformance,attack:finance:DROP_PROVENANCE:101000,finance,DROP_PROVENANCE,False,0,DENY,E_ENSURED_FIELD_MISSING:2:/context/protected_field_sources;E_ENSURED_FIELD_MISSING:2:/context/provenance_root;E_PROVENANCE_CONTEXT
NoContractConformance,attack:finance:PROVENANCE_VALUE_SUBSTITUTION:201000,finance,PROVENANCE_VALUE_SUBSTITUTION,False,0,DENY,E_PROVENANCE_VALUE_MISMATCH:/action/parameters/amount_cents;E_UNDISCHARGED_ASSUMPTION:0:provenance-authenticated;E_UNDISCHARGED_ASSUMPTION:1:memory-context-preserved;E_UNDISCHARGED_ASSUMPTION:2:policy-authorized
NoContractConformance,attack:finance:UNTRUSTED_ROOT_PRODUCER:301000,finance,UNTRUSTED_ROOT_PRODUCER,False,0,DENY,E_UNDISCHARGED_ASSUMPTION:0:root-authenticated;E_UNDISCHARGED_ASSUMPTION:1:memory-context-preserved;E_UNDISCHARGED_ASSUMPTION:2:policy-authorized;E_UNTRUSTED_ROOT;E_UNTRUSTED_ROOT_ISSUER
NoContractConformance,attack:finance:ROOT_AUTHORITY_EXCEEDED:401000,finance,ROOT_AUTHORITY_EXCEEDED,False,0,DENY,E_ROOT_ACTION_SCOPE_EXCEEDED;E_ROOT_AUTHORITY_EXCEEDED;E_ROOT_OPERATION_NOT_GRANTED;E_ROOT_SCOPE_EXCEEDED;E_UNDISCHARGED_ASSUMPTION:0:root-authenticated;E_UNDISCHARGED_ASSUMPTION:1:memory-context-preserved;E_UNDISCHARGED_ASSUMPTION:2:policy-authorized
NoContractConformance,attack:finance:ROOT_SCOPE_EXCEEDED:501000,finance,ROOT_SCOPE_EXCEEDED,False,0,DENY,E_ROOT_ACTION_SCOPE_EXCEEDED;E_ROOT_SCOPE_EXCEEDED;E_UNDISCHARGED_ASSUMPTION:0:root-authenticated;E_UNDISCHARGED_ASSUMPTION:1:memory-context-preserved;E_UNDISCHARGED_ASSUMPTION:2:policy-authorized
NoContractConformance,attack:finance:ROOT_FIELD_CONSTRAINT_BYPASS:601000,finance,ROOT_FIELD_CONSTRAINT_BYPASS,False,0,DENY,E_ROOT_FIELD_CONSTRAINT:/action/parameters/amount_cents;E_UNDISCHARGED_ASSUMPTION:0:root-authenticated;E_UNDISCHARGED_ASSUMPTION:1:memory-context-preserved;E_UNDISCHARGED_ASSUMPTION:2:policy-authorized
NoContractConformance,attack:finance:PRINCIPAL_SUBSTITUTION:701000,finance,PRINCIPAL_SUBSTITUTION,True,1,EXECUTE,EXECUTED
NoContractConformance,attack:finance:AUTHORITY_AMPLIFICATION:801000,finance,AUTHORITY_AMPLIFICATION,False,0,DENY,E_AUTHORITY_AMPLIFICATION:0;E_DELEGATION_WIDENING:0;E_UNDISCHARGED_ASSUMPTION:1:memory-context-preserved;E_UNDISCHARGED_ASSUMPTION:2:policy-authorized
NoContractConformance,attack:finance:DELEGATION_WIDENING:901000,finance,DELEGATION_WIDENING,False,0,DENY,E_DELEGATION_WIDENING:0;E_UNDISCHARGED_ASSUMPTION:1:memory-context-preserved;E_UNDISCHARGED_ASSUMPTION:2:policy-authorized
NoContractConformance,attack:finance:ARGUMENT_MUTATION:1001000,finance,ARGUMENT_MUTATION,True,1,EXECUTE,EXECUTED
NoContractConformance,attack:finance:DESTINATION_SUBSTITUTION:1101000,finance,DESTINATION_SUBSTITUTION,True,1,EXECUTE,EXECUTED
NoContractConformance,attack:finance:TOOL_SERVER_SWAP:1201000,finance,TOOL_SERVER_SWAP,False,0,DENY,E_UNTRUSTED_TOOL_MANIFEST
NoContractConformance,attack:finance:POLICY_DOWNGRADE:1301000,finance,POLICY_DOWNGRADE,False,0,DENY,E_GUARANTEE_FALSE:2:policy_matches;E_POLICY_DOWNGRADE:2;E_STALE_POLICY
NoContractConformance,attack:finance:NONCE_REPLAY:1401000,finance,NONCE_REPLAY,False,1,EXECUTE_ONCE,EXECUTED;IDEMPOTENT_REPLAY
NoContractConformance,attack:finance:ALTERNATE_PATH:1501000,finance,ALTERNATE_PATH,False,0,DENY,E_UNMEDIATED_PATH
NoContractConformance,attack:finance:MEMORY_LAUNDERING:1601000,finance,MEMORY_LAUNDERING,False,0,ESCALATE,E_UNRELEASED_FIELD:/action/parameters/amount_cents
NoContractConformance,attack:finance:TAINT_DOWNGRADE:1701000,finance,TAINT_DOWNGRADE,False,0,DENY,E_TAINT_DOWNGRADE:0;E_UNDISCHARGED_ASSUMPTION:1:memory-context-preserved;E_UNDISCHARGED_ASSUMPTION:2:policy-authorized;E_UNTRACKED_DATA_CLASS
NoContractConformance,attack:finance:EFFECT_CLASS_DOWNGRADE:1801000,finance,EFFECT_CLASS_DOWNGRADE,True,1,EXECUTE,EXECUTED
NoContractConformance,attack:finance:CONTEXT_ROOT_OMISSION:1901000,finance,CONTEXT_ROOT_OMISSION,False,0,DENY,E_CONTEXT_ROOT;E_ENSURED_FIELD_MISSING:2:/context/context_root
NoContractConformance,attack:finance:RETRY_DUPLICATE:2001000,finance,RETRY_DUPLICATE,False,1,EXECUTE_ONCE,EXECUTED;IDEMPOTENT_REPLAY
NoContractConformance,attack:finance:UNAUTHORISED_STAGE_SIGNER:2101000,finance,UNAUTHORISED_STAGE_SIGNER,False,0,DENY,E_UNAUTHORISED_PREDECESSOR:1;E_UNAUTHORISED_STAGE_SIGNER:0;E_UNDISCHARGED_ASSUMPTION:1:memory-context-preserved;E_UNDISCHARGED_ASSUMPTION:2:policy-authorized
NoContractConformance,attack:finance:RECEIPT_PRODUCER_MISMATCH:2201000,finance,RECEIPT_PRODUCER_MISMATCH,False,0,DENY,E_RECEIPT_PRODUCER_MISMATCH:0;E_UNAUTHORISED_STAGE_SIGNER:0;E_UNDISCHARGED_ASSUMPTION:1:memory-context-preserved;E_UNDISCHARGED_ASSUMPTION:2:policy-authorized
NoContractConformance,attack:finance:MISSING_TRANSFORM_WITNESS:2301000,finance,MISSING_TRANSFORM_WITNESS,True,1,EXECUTE,EXECUTED
NoContractConformance,attack:finance:INVALID_TRANSFORM_WITNESS:2401000,finance,INVALID_TRANSFORM_WITNESS,True,1,EXECUTE,EXECUTED
NoContractConformance,attack:finance:RELEASE_PREDICATE_BYPASS:2501000,finance,RELEASE_PREDICATE_BYPASS,False,0,DENY,E_INVALID_RELEASE:/action/parameters/amount_cents
NoContractConformance,attack:finance:RELEASE_VALUE_SUBSTITUTION:2601000,finance,RELEASE_VALUE_SUBSTITUTION,False,0,DENY,E_INVALID_RELEASE:/action/parameters/amount_cents
NoContractConformance,attack:finance:EXPIRED_RELEASE:2701000,finance,EXPIRED_RELEASE,False,0,DENY,E_EXPIRED_RELEASE:release:finance:attack:EXPIRED_RELEASE:2701000
NoContractConformance,attack:finance:SUBJECT_SUBSTITUTION:2801000,finance,SUBJECT_SUBSTITUTION,False,0,DENY,E_SUBJECT_SUBSTITUTION
NoContractConformance,attack:finance:POST_PERMIT_ACTION_SUBSTITUTION:2901000,finance,POST_PERMIT_ACTION_SUBSTITUTION,False,0,DENY,E_ACTION_SUBSTITUTION
NoContractConformance,attack:finance:REVOKED_GRANT:3001000,finance,REVOKED_GRANT,False,0,DENY,E_REVOKED_AT_FINALITY
NoContractConformance,attack:finance:CONTRACT_GUARANTEE_VIOLATION:3101000,finance,CONTRACT_GUARANTEE_VIOLATION,False,0,DENY,E_GUARANTEE_FALSE:2:canonical_destination
NoContractConformance,attack:devops:UNTRUSTED_FIELD_BINDING:2000,devops,UNTRUSTED_FIELD_BINDING,False,0,ESCALATE,E_UNRELEASED_FIELD:/action/parameters/commit
NoContractConformance,attack:devops:DROP_PROVENANCE:102000,devops,DROP_PROVENANCE,False,0,DENY,E_ENSURED_FIELD_MISSING:2:/context/protected_field_sources;E_ENSURED_FIELD_MISSING:2:/context/provenance_root;E_PROVENANCE_CONTEXT
NoContractConformance,attack:devops:PROVENANCE_VALUE_SUBSTITUTION:202000,devops,PROVENANCE_VALUE_SUBSTITUTION,False,0,DENY,E_PROVENANCE_VALUE_MISMATCH:/action/parameters/commit;E_UNDISCHARGED_ASSUMPTION:0:provenance-authenticated;E_UNDISCHARGED_ASSUMPTION:1:memory-context-preserved;E_UNDISCHARGED_ASSUMPTION:2:policy-authorized
NoContractConformance,attack:devops:UNTRUSTED_ROOT_PRODUCER:302000,devops,UNTRUSTED_ROOT_PRODUCER,False,0,DENY,E_UNDISCHARGED_ASSUMPTION:0:root-authenticated;E_UNDISCHARGED_ASSUMPTION:1:memory-context-preserved;E_UNDISCHARGED_ASSUMPTION:2:policy-authorized;E_UNTRUSTED_ROOT;E_UNTRUSTED_ROOT_ISSUER
NoContractConformance,attack:devops:ROOT_AUTHORITY_EXCEEDED:402000,devops,ROOT_AUTHORITY_EXCEEDED,False,0,DENY,E_ROOT_ACTION_SCOPE_EXCEEDED;E_ROOT_AUTHORITY_EXCEEDED;E_ROOT_OPERATION_NOT_GRANTED;E_ROOT_SCOPE_EXCEEDED;E_UNDISCHARGED_ASSUMPTION:0:root-authenticated;E_UNDISCHARGED_ASSUMPTION:1:memory-context-preserved;E_UNDISCHARGED_ASSUMPTION:2:policy-authorized
NoContractConformance,attack:devops:ROOT_SCOPE_EXCEEDED:502000,devops,ROOT_SCOPE_EXCEEDED,False,0,DENY,E_ROOT_ACTION_SCOPE_EXCEEDED;E_ROOT_SCOPE_EXCEEDED;E_UNDISCHARGED_ASSUMPTION:0:root-authenticated;E_UNDISCHARGED_ASSUMPTION:1:memory-context-preserved;E_UNDISCHARGED_ASSUMPTION:2:policy-authorized
NoContractConformance,attack:devops:ROOT_FIELD_CONSTRAINT_BYPASS:602000,devops,ROOT_FIELD_CONSTRAINT_BYPASS,False,0,DENY,E_ROOT_FIELD_CONSTRAINT:/action/parameters/commit;E_UNDISCHARGED_ASSUMPTION:0:root-authenticated;E_UNDISCHARGED_ASSUMPTION:1:memory-context-preserved;E_UNDISCHARGED_ASSUMPTION:2:policy-authorized
NoContractConformance,attack:devops:PRINCIPAL_SUBSTITUTION:702000,devops,PRINCIPAL_SUBSTITUTION,True,1,EXECUTE,EXECUTED
NoContractConformance,attack:devops:AUTHORITY_AMPLIFICATION:802000,devops,AUTHORITY_AMPLIFICATION,False,0,DENY,E_AUTHORITY_AMPLIFICATION:0;E_DELEGATION_WIDENING:0;E_UNDISCHARGED_ASSUMPTION:1:memory-context-preserved;E_UNDISCHARGED_ASSUMPTION:2:policy-authorized
NoContractConformance,attack:devops:DELEGATION_WIDENING:902000,devops,DELEGATION_WIDENING,False,0,DENY,E_DELEGATION_WIDENING:0;E_UNDISCHARGED_ASSUMPTION:1:memory-context-preserved;E_UNDISCHARGED_ASSUMPTION:2:policy-authorized
NoContractConformance,attack:devops:ARGUMENT_MUTATION:1002000,devops,ARGUMENT_MUTATION,True,1,EXECUTE,EXECUTED
NoContractConformance,attack:devops:DESTINATION_SUBSTITUTION:1102000,devops,DESTINATION_SUBSTITUTION,True,1,EXECUTE,EXECUTED
NoContractConformance,attack:devops:TOOL_SERVER_SWAP:1202000,devops,TOOL_SERVER_SWAP,False,0,DENY,E_UNTRUSTED_TOOL_MANIFEST
NoContractConformance,attack:devops:POLICY_DOWNGRADE:1302000,devops,POLICY_DOWNGRADE,False,0,DENY,E_GUARANTEE_FALSE:2:policy_matches;E_POLICY_DOWNGRADE:2;E_STALE_POLICY
NoContractConformance,attack:devops:NONCE_REPLAY:1402000,devops,NONCE_REPLAY,False,1,EXECUTE_ONCE,EXECUTED;IDEMPOTENT_REPLAY
NoContractConformance,attack:devops:ALTERNATE_PATH:1502000,devops,ALTERNATE_PATH,False,0,DENY,E_UNMEDIATED_PATH
NoContractConformance,attack:devops:MEMORY_LAUNDERING:1602000,devops,MEMORY_LAUNDERING,False,0,ESCALATE,E_UNRELEASED_FIELD:/action/parameters/commit
NoContractConformance,attack:devops:TAINT_DOWNGRADE:1702000,devops,TAINT_DOWNGRADE,False,0,DENY,E_TAINT_DOWNGRADE:0;E_UNDISCHARGED_ASSUMPTION:1:memory-context-preserved;E_UNDISCHARGED_ASSUMPTION:2:policy-authorized;E_UNTRACKED_DATA_CLASS
NoContractConformance,attack:devops:EFFECT_CLASS_DOWNGRADE:1802000,devops,EFFECT_CLASS_DOWNGRADE,True,1,EXECUTE,EXECUTED
NoContractConformance,attack:devops:CONTEXT_ROOT_OMISSION:1902000,devops,CONTEXT_ROOT_OMISSION,False,0,DENY,E_CONTEXT_ROOT;E_ENSURED_FIELD_MISSING:2:/context/context_root
NoContractConformance,attack:devops:RETRY_DUPLICATE:2002000,devops,RETRY_DUPLICATE,False,1,EXECUTE_ONCE,EXECUTED;IDEMPOTENT_REPLAY
NoContractConformance,attack:devops:UNAUTHORISED_STAGE_SIGNER:2102000,devops,UNAUTHORISED_STAGE_SIGNER,False,0,DENY,E_UNAUTHORISED_PREDECESSOR:1;E_UNAUTHORISED_STAGE_SIGNER:0;E_UNDISCHARGED_ASSUMPTION:1:memory-context-preserved;E_UNDISCHARGED_ASSUMPTION:2:policy-authorized
NoContractConformance,attack:devops:RECEIPT_PRODUCER_MISMATCH:2202000,devops,RECEIPT_PRODUCER_MISMATCH,False,0,DENY,E_RECEIPT_PRODUCER_MISMATCH:0;E_UNAUTHORISED_STAGE_SIGNER:0;E_UNDISCHARGED_ASSUMPTION:1:memory-context-preserved;E_UNDISCHARGED_ASSUMPTION:2:policy-authorized
NoContractConformance,attack:devops:MISSING_TRANSFORM_WITNESS:2302000,devops,MISSING_TRANSFORM_WITNESS,True,1,EXECUTE,EXECUTED
NoContractConformance,attack:devops:INVALID_TRANSFORM_WITNESS:2402000,devops,INVALID_TRANSFORM_WITNESS,True,1,EXECUTE,EXECUTED
NoContractConformance,attack:devops:RELEASE_PREDICATE_BYPASS:2502000,devops,RELEASE_PREDICATE_BYPASS,False,0,DENY,E_INVALID_RELEASE:/action/parameters/commit
NoContractConformance,attack:devops:RELEASE_VALUE_SUBSTITUTION:2602000,devops,RELEASE_VALUE_SUBSTITUTION,False,0,DENY,E_INVALID_RELEASE:/action/parameters/commit
NoContractConformance,attack:devops:EXPIRED_RELEASE:2702000,devops,EXPIRED_RELEASE,False,0,DENY,E_EXPIRED_RELEASE:release:devops:attack:EXPIRED_RELEASE:2702000
NoContractConformance,attack:devops:SUBJECT_SUBSTITUTION:2802000,devops,SUBJECT_SUBSTITUTION,False,0,DENY,E_SUBJECT_SUBSTITUTION
NoContractConformance,attack:devops:POST_PERMIT_ACTION_SUBSTITUTION:2902000,devops,POST_PERMIT_ACTION_SUBSTITUTION,False,0,DENY,E_ACTION_SUBSTITUTION
NoContractConformance,attack:devops:REVOKED_GRANT:3002000,devops,REVOKED_GRANT,False,0,DENY,E_REVOKED_AT_FINALITY
NoContractConformance,attack:devops:CONTRACT_GUARANTEE_VIOLATION:3102000,devops,CONTRACT_GUARANTEE_VIOLATION,False,0,DENY,E_GUARANTEE_FALSE:2:canonical_destination
NoContractConformance,attack:multiagent:UNTRUSTED_FIELD_BINDING:3000,multiagent,UNTRUSTED_FIELD_BINDING,False,0,ESCALATE,E_UNRELEASED_FIELD:/action/parameters/capability
NoContractConformance,attack:multiagent:DROP_PROVENANCE:103000,multiagent,DROP_PROVENANCE,False,0,DENY,E_ENSURED_FIELD_MISSING:2:/context/protected_field_sources;E_ENSURED_FIELD_MISSING:2:/context/provenance_root;E_PROVENANCE_CONTEXT
NoContractConformance,attack:multiagent:PROVENANCE_VALUE_SUBSTITUTION:203000,multiagent,PROVENANCE_VALUE_SUBSTITUTION,False,0,DENY,E_PROVENANCE_VALUE_MISMATCH:/action/parameters/capability;E_UNDISCHARGED_ASSUMPTION:0:provenance-authenticated;E_UNDISCHARGED_ASSUMPTION:1:memory-context-preserved;E_UNDISCHARGED_ASSUMPTION:2:policy-authorized
NoContractConformance,attack:multiagent:UNTRUSTED_ROOT_PRODUCER:303000,multiagent,UNTRUSTED_ROOT_PRODUCER,False,0,DENY,E_UNDISCHARGED_ASSUMPTION:0:root-authenticated;E_UNDISCHARGED_ASSUMPTION:1:memory-context-preserved;E_UNDISCHARGED_ASSUMPTION:2:policy-authorized;E_UNTRUSTED_ROOT;E_UNTRUSTED_ROOT_ISSUER
NoContractConformance,attack:multiagent:ROOT_AUTHORITY_EXCEEDED:403000,multiagent,ROOT_AUTHORITY_EXCEEDED,False,0,DENY,E_ROOT_ACTION_SCOPE_EXCEEDED;E_ROOT_AUTHORITY_EXCEEDED;E_ROOT_OPERATION_NOT_GRANTED;E_ROOT_SCOPE_EXCEEDED;E_UNDISCHARGED_ASSUMPTION:0:root-authenticated;E_UNDISCHARGED_ASSUMPTION:1:memory-context-preserved;E_UNDISCHARGED_ASSUMPTION:2:policy-authorized
NoContractConformance,attack:multiagent:ROOT_SCOPE_EXCEEDED:503000,multiagent,ROOT_SCOPE_EXCEEDED,False,0,DENY,E_ROOT_ACTION_SCOPE_EXCEEDED;E_ROOT_SCOPE_EXCEEDED;E_UNDISCHARGED_ASSUMPTION:0:root-authenticated;E_UNDISCHARGED_ASSUMPTION:1:memory-context-preserved;E_UNDISCHARGED_ASSUMPTION:2:policy-authorized
NoContractConformance,attack:multiagent:ROOT_FIELD_CONSTRAINT_BYPASS:603000,multiagent,ROOT_FIELD_CONSTRAINT_BYPASS,False,0,DENY,E_ROOT_FIELD_CONSTRAINT:/action/parameters/capability;E_UNDISCHARGED_ASSUMPTION:0:root-authenticated;E_UNDISCHARGED_ASSUMPTION:1:memory-context-preserved;E_UNDISCHARGED_ASSUMPTION:2:policy-authorized
NoContractConformance,attack:multiagent:PRINCIPAL_SUBSTITUTION:703000,multiagent,PRINCIPAL_SUBSTITUTION,True,1,EXECUTE,EXECUTED
NoContractConformance,attack:multiagent:AUTHORITY_AMPLIFICATION:803000,multiagent,AUTHORITY_AMPLIFICATION,False,0,DENY,E_AUTHORITY_AMPLIFICATION:0;E_DELEGATION_WIDENING:0;E_UNDISCHARGED_ASSUMPTION:1:memory-context-preserved;E_UNDISCHARGED_ASSUMPTION:2:policy-authorized
NoContractConformance,attack:multiagent:DELEGATION_WIDENING:903000,multiagent,DELEGATION_WIDENING,False,0,DENY,E_DELEGATION_WIDENING:0;E_UNDISCHARGED_ASSUMPTION:1:memory-context-preserved;E_UNDISCHARGED_ASSUMPTION:2:policy-authorized
NoContractConformance,attack:multiagent:ARGUMENT_MUTATION:1003000,multiagent,ARGUMENT_MUTATION,True,1,EXECUTE,EXECUTED
NoContractConformance,attack:multiagent:DESTINATION_SUBSTITUTION:1103000,multiagent,DESTINATION_SUBSTITUTION,True,1,EXECUTE,EXECUTED
NoContractConformance,attack:multiagent:TOOL_SERVER_SWAP:1203000,multiagent,TOOL_SERVER_SWAP,False,0,DENY,E_UNTRUSTED_TOOL_MANIFEST
NoContractConformance,attack:multiagent:POLICY_DOWNGRADE:1303000,multiagent,POLICY_DOWNGRADE,False,0,DENY,E_GUARANTEE_FALSE:2:policy_matches;E_POLICY_DOWNGRADE:2;E_STALE_POLICY
NoContractConformance,attack:multiagent:NONCE_REPLAY:1403000,multiagent,NONCE_REPLAY,False,1,EXECUTE_ONCE,EXECUTED;IDEMPOTENT_REPLAY
NoContractConformance,attack:multiagent:ALTERNATE_PATH:1503000,multiagent,ALTERNATE_PATH,False,0,DENY,E_UNMEDIATED_PATH
NoContractConformance,attack:multiagent:MEMORY_LAUNDERING:1603000,multiagent,MEMORY_LAUNDERING,False,0,ESCALATE,E_UNRELEASED_FIELD:/action/parameters/capability
NoContractConformance,attack:multiagent:TAINT_DOWNGRADE:1703000,multiagent,TAINT_DOWNGRADE,False,0,DENY,E_TAINT_DOWNGRADE:0;E_UNDISCHARGED_ASSUMPTION:1:memory-context-preserved;E_UNDISCHARGED_ASSUMPTION:2:policy-authorized;E_UNTRACKED_DATA_CLASS
NoContractConformance,attack:multiagent:EFFECT_CLASS_DOWNGRADE:1803000,multiagent,EFFECT_CLASS_DOWNGRADE,True,1,EXECUTE,EXECUTED
NoContractConformance,attack:multiagent:CONTEXT_ROOT_OMISSION:1903000,multiagent,CONTEXT_ROOT_OMISSION,False,0,DENY,E_CONTEXT_ROOT;E_ENSURED_FIELD_MISSING:2:/context/context_root
NoContractConformance,attack:multiagent:RETRY_DUPLICATE:2003000,multiagent,RETRY_DUPLICATE,False,1,EXECUTE_ONCE,EXECUTED;IDEMPOTENT_REPLAY
NoContractConformance,attack:multiagent:UNAUTHORISED_STAGE_SIGNER:2103000,multiagent,UNAUTHORISED_STAGE_SIGNER,False,0,DENY,E_UNAUTHORISED_PREDECESSOR:1;E_UNAUTHORISED_STAGE_SIGNER:0;E_UNDISCHARGED_ASSUMPTION:1:memory-context-preserved;E_UNDISCHARGED_ASSUMPTION:2:policy-authorized
NoContractConformance,attack:multiagent:RECEIPT_PRODUCER_MISMATCH:2203000,multiagent,RECEIPT_PRODUCER_MISMATCH,False,0,DENY,E_RECEIPT_PRODUCER_MISMATCH:0;E_UNAUTHORISED_STAGE_SIGNER:0;E_UNDISCHARGED_ASSUMPTION:1:memory-context-preserved;E_UNDISCHARGED_ASSUMPTION:2:policy-authorized
NoContractConformance,attack:multiagent:MISSING_TRANSFORM_WITNESS:2303000,multiagent,MISSING_TRANSFORM_WITNESS,True,1,EXECUTE,EXECUTED
NoContractConformance,attack:multiagent:INVALID_TRANSFORM_WITNESS:2403000,multiagent,INVALID_TRANSFORM_WITNESS,True,1,EXECUTE,EXECUTED
NoContractConformance,attack:multiagent:RELEASE_PREDICATE_BYPASS:2503000,multiagent,RELEASE_PREDICATE_BYPASS,False,0,DENY,E_INVALID_RELEASE:/action/parameters/capability
NoContractConformance,attack:multiagent:RELEASE_VALUE_SUBSTITUTION:2603000,multiagent,RELEASE_VALUE_SUBSTITUTION,False,0,DENY,E_INVALID_RELEASE:/action/parameters/capability
NoContractConformance,attack:multiagent:EXPIRED_RELEASE:2703000,multiagent,EXPIRED_RELEASE,False,0,DENY,E_EXPIRED_RELEASE:release:multiagent:attack:EXPIRED_RELEASE:2703000
NoContractConformance,attack:multiagent:SUBJECT_SUBSTITUTION:2803000,multiagent,SUBJECT_SUBSTITUTION,False,0,DENY,E_SUBJECT_SUBSTITUTION
NoContractConformance,attack:multiagent:POST_PERMIT_ACTION_SUBSTITUTION:2903000,multiagent,POST_PERMIT_ACTION_SUBSTITUTION,False,0,DENY,E_ACTION_SUBSTITUTION
NoContractConformance,attack:multiagent:REVOKED_GRANT:3003000,multiagent,REVOKED_GRANT,False,0,DENY,E_REVOKED_AT_FINALITY
NoContractConformance,attack:multiagent:CONTRACT_GUARANTEE_VIOLATION:3103000,multiagent,CONTRACT_GUARANTEE_VIOLATION,False,0,DENY,E_GUARANTEE_FALSE:2:canonical_destination
NoTransformWitnessValidation,attack:workspace:UNTRUSTED_FIELD_BINDING:0,workspace,UNTRUSTED_FIELD_BINDING,False,0,ESCALATE,E_UNRELEASED_FIELD:/action/destination
NoTransformWitnessValidation,attack:workspace:DROP_PROVENANCE:100000,workspace,DROP_PROVENANCE,False,0,DENY,E_ENSURED_FIELD_MISSING:2:/context/protected_field_sources;E_ENSURED_FIELD_MISSING:2:/context/provenance_root;E_NOT_PRESERVED:2:/context/protected_field_sources;E_NOT_PRESERVED:2:/context/provenance_root;E_PROVENANCE_CONTEXT
NoTransformWitnessValidation,attack:workspace:PROVENANCE_VALUE_SUBSTITUTION:200000,workspace,PROVENANCE_VALUE_SUBSTITUTION,False,0,DENY,E_PROVENANCE_VALUE_MISMATCH:/action/destination;E_UNDISCHARGED_ASSUMPTION:0:provenance-authenticated;E_UNDISCHARGED_ASSUMPTION:1:memory-context-preserved;E_UNDISCHARGED_ASSUMPTION:2:policy-authorized
NoTransformWitnessValidation,attack:workspace:UNTRUSTED_ROOT_PRODUCER:300000,workspace,UNTRUSTED_ROOT_PRODUCER,False,0,DENY,E_UNDISCHARGED_ASSUMPTION:0:root-authenticated;E_UNDISCHARGED_ASSUMPTION:1:memory-context-preserved;E_UNDISCHARGED_ASSUMPTION:2:policy-authorized;E_UNTRUSTED_ROOT;E_UNTRUSTED_ROOT_ISSUER
NoTransformWitnessValidation,attack:workspace:ROOT_AUTHORITY_EXCEEDED:400000,workspace,ROOT_AUTHORITY_EXCEEDED,False,0,DENY,E_ROOT_ACTION_SCOPE_EXCEEDED;E_ROOT_AUTHORITY_EXCEEDED;E_ROOT_OPERATION_NOT_GRANTED;E_ROOT_SCOPE_EXCEEDED;E_UNDISCHARGED_ASSUMPTION:0:root-authenticated;E_UNDISCHARGED_ASSUMPTION:1:memory-context-preserved;E_UNDISCHARGED_ASSUMPTION:2:policy-authorized
NoTransformWitnessValidation,attack:workspace:ROOT_SCOPE_EXCEEDED:500000,workspace,ROOT_SCOPE_EXCEEDED,False,0,DENY,E_ROOT_ACTION_SCOPE_EXCEEDED;E_ROOT_SCOPE_EXCEEDED;E_UNDISCHARGED_ASSUMPTION:0:root-authenticated;E_UNDISCHARGED_ASSUMPTION:1:memory-context-preserved;E_UNDISCHARGED_ASSUMPTION:2:policy-authorized
NoTransformWitnessValidation,attack:workspace:ROOT_FIELD_CONSTRAINT_BYPASS:600000,workspace,ROOT_FIELD_CONSTRAINT_BYPASS,False,0,DENY,E_ROOT_FIELD_CONSTRAINT:/action/destination;E_UNDISCHARGED_ASSUMPTION:0:root-authenticated;E_UNDISCHARGED_ASSUMPTION:1:memory-context-preserved;E_UNDISCHARGED_ASSUMPTION:2:policy-authorized
NoTransformWitnessValidation,attack:workspace:PRINCIPAL_SUBSTITUTION:700000,workspace,PRINCIPAL_SUBSTITUTION,False,0,DENY,E_NOT_PRESERVED:2:/context/principal
NoTransformWitnessValidation,attack:workspace:AUTHORITY_AMPLIFICATION:800000,workspace,AUTHORITY_AMPLIFICATION,False,0,DENY,E_AUTHORITY_AMPLIFICATION:0;E_DELEGATION_WIDENING:0;E_ILLEGAL_TRANSFORM:0:/context/authority;E_ILLEGAL_TRANSFORM:0:/context/delegation_scope;E_NOT_PRESERVED:0:/action/destination;E_NOT_PRESERVED:0:/action/function;E_NOT_PRESERVED:0:/action/operation;E_NOT_PRESERVED:0:/action/resource;E_UNDISCHARGED_ASSUMPTION:1:memory-context-preserved;E_UNDISCHARGED_ASSUMPTION:2:policy-authorized
NoTransformWitnessValidation,attack:workspace:DELEGATION_WIDENING:900000,workspace,DELEGATION_WIDENING,False,0,DENY,E_DELEGATION_WIDENING:0;E_ILLEGAL_TRANSFORM:0:/context/delegation_scope;E_NOT_PRESERVED:0:/action/resource;E_UNDISCHARGED_ASSUMPTION:1:memory-context-preserved;E_UNDISCHARGED_ASSUMPTION:2:policy-authorized
NoTransformWitnessValidation,attack:workspace:ARGUMENT_MUTATION:1000000,workspace,ARGUMENT_MUTATION,False,0,DENY,E_NOT_PRESERVED:2:/action/parameters/body
NoTransformWitnessValidation,attack:workspace:DESTINATION_SUBSTITUTION:1100000,workspace,DESTINATION_SUBSTITUTION,True,1,EXECUTE,EXECUTED
NoTransformWitnessValidation,attack:workspace:TOOL_SERVER_SWAP:1200000,workspace,TOOL_SERVER_SWAP,False,0,DENY,E_NOT_PRESERVED:2:/action/server_id;E_NOT_PRESERVED:2:/action/tool_manifest_digest;E_UNTRUSTED_TOOL_MANIFEST
NoTransformWitnessValidation,attack:workspace:POLICY_DOWNGRADE:1300000,workspace,POLICY_DOWNGRADE,False,0,DENY,E_GUARANTEE_FALSE:2:policy_matches;E_ILLEGAL_TRANSFORM:2:/context/policy_digest;E_ILLEGAL_TRANSFORM:2:/context/policy_epoch;E_POLICY_DOWNGRADE:2;E_STALE_POLICY
NoTransformWitnessValidation,attack:workspace:NONCE_REPLAY:1400000,workspace,NONCE_REPLAY,False,1,EXECUTE_ONCE,EXECUTED;IDEMPOTENT_REPLAY
NoTransformWitnessValidation,attack:workspace:ALTERNATE_PATH:1500000,workspace,ALTERNATE_PATH,False,0,DENY,E_UNMEDIATED_PATH
NoTransformWitnessValidation,attack:workspace:MEMORY_LAUNDERING:1600000,workspace,MEMORY_LAUNDERING,False,0,DENY,E_NOT_PRESERVED:0:/context/protected_field_sources;E_NOT_PRESERVED:0:/context/source_classes;E_UNDISCHARGED_ASSUMPTION:1:memory-context-preserved;E_UNDISCHARGED_ASSUMPTION:2:policy-authorized;E_UNRELEASED_FIELD:/action/destination
NoTransformWitnessValidation,attack:workspace:TAINT_DOWNGRADE:1700000,workspace,TAINT_DOWNGRADE,False,0,DENY,E_ILLEGAL_TRANSFORM:0:/context/taint;E_TAINT_DOWNGRADE:0;E_UNDISCHARGED_ASSUMPTION:1:memory-context-preserved;E_UNDISCHARGED_ASSUMPTION:2:policy-authorized;E_UNTRACKED_DATA_CLASS
NoTransformWitnessValidation,attack:workspace:EFFECT_CLASS_DOWNGRADE:1800000,workspace,EFFECT_CLASS_DOWNGRADE,False,0,DENY,E_NOT_PRESERVED:2:/action/effect_class
NoTransformWitnessValidation,attack:workspace:CONTEXT_ROOT_OMISSION:1900000,workspace,CONTEXT_ROOT_OMISSION,False,0,DENY,E_CONTEXT_ROOT;E_ENSURED_FIELD_MISSING:2:/context/context_root;E_NOT_PRESERVED:2:/context/context_root
NoTransformWitnessValidation,attack:workspace:RETRY_DUPLICATE:2000000,workspace,RETRY_DUPLICATE,False,1,EXECUTE_ONCE,EXECUTED;IDEMPOTENT_REPLAY
NoTransformWitnessValidation,attack:workspace:UNAUTHORISED_STAGE_SIGNER:2100000,workspace,UNAUTHORISED_STAGE_SIGNER,False,0,DENY,E_UNAUTHORISED_PREDECESSOR:1;E_UNAUTHORISED_STAGE_SIGNER:0;E_UNDISCHARGED_ASSUMPTION:1:memory-context-preserved;E_UNDISCHARGED_ASSUMPTION:2:policy-authorized
NoTransformWitnessValidation,attack:workspace:RECEIPT_PRODUCER_MISMATCH:2200000,workspace,RECEIPT_PRODUCER_MISMATCH,False,0,DENY,E_RECEIPT_PRODUCER_MISMATCH:0;E_UNAUTHORISED_STAGE_SIGNER:0;E_UNDISCHARGED_ASSUMPTION:1:memory-context-preserved;E_UNDISCHARGED_ASSUMPTION:2:policy-authorized
NoTransformWitnessValidation,attack:workspace:MISSING_TRANSFORM_WITNESS:2300000,workspace,MISSING_TRANSFORM_WITNESS,False,0,DENY,E_MISSING_TRANSFORM_WITNESS:2:/action/destination
NoTransformWitnessValidation,attack:workspace:INVALID_TRANSFORM_WITNESS:2400000,workspace,INVALID_TRANSFORM_WITNESS,True,1,EXECUTE,EXECUTED
NoTransformWitnessValidation,attack:workspace:RELEASE_PREDICATE_BYPASS:2500000,workspace,RELEASE_PREDICATE_BYPASS,False,0,DENY,E_INVALID_RELEASE:/action/destination
NoTransformWitnessValidation,attack:workspace:RELEASE_VALUE_SUBSTITUTION:2600000,workspace,RELEASE_VALUE_SUBSTITUTION,False,0,DENY,E_INVALID_RELEASE:/action/destination
NoTransformWitnessValidation,attack:workspace:EXPIRED_RELEASE:2700000,workspace,EXPIRED_RELEASE,False,0,DENY,E_EXPIRED_RELEASE:release:workspace:attack:EXPIRED_RELEASE:2700000
NoTransformWitnessValidation,attack:workspace:SUBJECT_SUBSTITUTION:2800000,workspace,SUBJECT_SUBSTITUTION,False,0,DENY,E_SUBJECT_SUBSTITUTION
NoTransformWitnessValidation,attack:workspace:POST_PERMIT_ACTION_SUBSTITUTION:2900000,workspace,POST_PERMIT_ACTION_SUBSTITUTION,False,0,DENY,E_ACTION_SUBSTITUTION
NoTransformWitnessValidation,attack:workspace:REVOKED_GRANT:3000000,workspace,REVOKED_GRANT,False,0,DENY,E_REVOKED_AT_FINALITY
NoTransformWitnessValidation,attack:workspace:CONTRACT_GUARANTEE_VIOLATION:3100000,workspace,CONTRACT_GUARANTEE_VIOLATION,False,0,DENY,E_GUARANTEE_FALSE:2:canonical_destination
NoTransformWitnessValidation,attack:finance:UNTRUSTED_FIELD_BINDING:1000,finance,UNTRUSTED_FIELD_BINDING,False,0,ESCALATE,E_UNRELEASED_FIELD:/action/parameters/amount_cents
NoTransformWitnessValidation,attack:finance:DROP_PROVENANCE:101000,finance,DROP_PROVENANCE,False,0,DENY,E_ENSURED_FIELD_MISSING:2:/context/protected_field_sources;E_ENSURED_FIELD_MISSING:2:/context/provenance_root;E_NOT_PRESERVED:2:/context/protected_field_sources;E_NOT_PRESERVED:2:/context/provenance_root;E_PROVENANCE_CONTEXT
NoTransformWitnessValidation,attack:finance:PROVENANCE_VALUE_SUBSTITUTION:201000,finance,PROVENANCE_VALUE_SUBSTITUTION,False,0,DENY,E_PROVENANCE_VALUE_MISMATCH:/action/parameters/amount_cents;E_UNDISCHARGED_ASSUMPTION:0:provenance-authenticated;E_UNDISCHARGED_ASSUMPTION:1:memory-context-preserved;E_UNDISCHARGED_ASSUMPTION:2:policy-authorized
NoTransformWitnessValidation,attack:finance:UNTRUSTED_ROOT_PRODUCER:301000,finance,UNTRUSTED_ROOT_PRODUCER,False,0,DENY,E_UNDISCHARGED_ASSUMPTION:0:root-authenticated;E_UNDISCHARGED_ASSUMPTION:1:memory-context-preserved;E_UNDISCHARGED_ASSUMPTION:2:policy-authorized;E_UNTRUSTED_ROOT;E_UNTRUSTED_ROOT_ISSUER
NoTransformWitnessValidation,attack:finance:ROOT_AUTHORITY_EXCEEDED:401000,finance,ROOT_AUTHORITY_EXCEEDED,False,0,DENY,E_ROOT_ACTION_SCOPE_EXCEEDED;E_ROOT_AUTHORITY_EXCEEDED;E_ROOT_OPERATION_NOT_GRANTED;E_ROOT_SCOPE_EXCEEDED;E_UNDISCHARGED_ASSUMPTION:0:root-authenticated;E_UNDISCHARGED_ASSUMPTION:1:memory-context-preserved;E_UNDISCHARGED_ASSUMPTION:2:policy-authorized
NoTransformWitnessValidation,attack:finance:ROOT_SCOPE_EXCEEDED:501000,finance,ROOT_SCOPE_EXCEEDED,False,0,DENY,E_ROOT_ACTION_SCOPE_EXCEEDED;E_ROOT_SCOPE_EXCEEDED;E_UNDISCHARGED_ASSUMPTION:0:root-authenticated;E_UNDISCHARGED_ASSUMPTION:1:memory-context-preserved;E_UNDISCHARGED_ASSUMPTION:2:policy-authorized
NoTransformWitnessValidation,attack:finance:ROOT_FIELD_CONSTRAINT_BYPASS:601000,finance,ROOT_FIELD_CONSTRAINT_BYPASS,False,0,DENY,E_ROOT_FIELD_CONSTRAINT:/action/parameters/amount_cents;E_UNDISCHARGED_ASSUMPTION:0:root-authenticated;E_UNDISCHARGED_ASSUMPTION:1:memory-context-preserved;E_UNDISCHARGED_ASSUMPTION:2:policy-authorized
NoTransformWitnessValidation,attack:finance:PRINCIPAL_SUBSTITUTION:701000,finance,PRINCIPAL_SUBSTITUTION,False,0,DENY,E_NOT_PRESERVED:2:/context/principal
NoTransformWitnessValidation,attack:finance:AUTHORITY_AMPLIFICATION:801000,finance,AUTHORITY_AMPLIFICATION,False,0,DENY,E_AUTHORITY_AMPLIFICATION:0;E_DELEGATION_WIDENING:0;E_ILLEGAL_TRANSFORM:0:/context/authority;E_ILLEGAL_TRANSFORM:0:/context/delegation_scope;E_NOT_PRESERVED:0:/action/destination;E_NOT_PRESERVED:0:/action/function;E_NOT_PRESERVED:0:/action/operation;E_NOT_PRESERVED:0:/action/resource;E_UNDISCHARGED_ASSUMPTION:1:memory-context-preserved;E_UNDISCHARGED_ASSUMPTION:2:policy-authorized
NoTransformWitnessValidation,attack:finance:DELEGATION_WIDENING:901000,finance,DELEGATION_WIDENING,False,0,DENY,E_DELEGATION_WIDENING:0;E_ILLEGAL_TRANSFORM:0:/context/delegation_scope;E_NOT_PRESERVED:0:/action/resource;E_UNDISCHARGED_ASSUMPTION:1:memory-context-preserved;E_UNDISCHARGED_ASSUMPTION:2:policy-authorized
NoTransformWitnessValidation,attack:finance:ARGUMENT_MUTATION:1001000,finance,ARGUMENT_MUTATION,False,0,DENY,E_NOT_PRESERVED:2:/action/parameters/amount_cents
NoTransformWitnessValidation,attack:finance:DESTINATION_SUBSTITUTION:1101000,finance,DESTINATION_SUBSTITUTION,True,1,EXECUTE,EXECUTED
NoTransformWitnessValidation,attack:finance:TOOL_SERVER_SWAP:1201000,finance,TOOL_SERVER_SWAP,False,0,DENY,E_NOT_PRESERVED:2:/action/server_id;E_NOT_PRESERVED:2:/action/tool_manifest_digest;E_UNTRUSTED_TOOL_MANIFEST
NoTransformWitnessValidation,attack:finance:POLICY_DOWNGRADE:1301000,finance,POLICY_DOWNGRADE,False,0,DENY,E_GUARANTEE_FALSE:2:policy_matches;E_ILLEGAL_TRANSFORM:2:/context/policy_digest;E_ILLEGAL_TRANSFORM:2:/context/policy_epoch;E_POLICY_DOWNGRADE:2;E_STALE_POLICY
NoTransformWitnessValidation,attack:finance:NONCE_REPLAY:1401000,finance,NONCE_REPLAY,False,1,EXECUTE_ONCE,EXECUTED;IDEMPOTENT_REPLAY
NoTransformWitnessValidation,attack:finance:ALTERNATE_PATH:1501000,finance,ALTERNATE_PATH,False,0,DENY,E_UNMEDIATED_PATH
NoTransformWitnessValidation,attack:finance:MEMORY_LAUNDERING:1601000,finance,MEMORY_LAUNDERING,False,0,DENY,E_NOT_PRESERVED:0:/context/protected_field_sources;E_NOT_PRESERVED:0:/context/source_classes;E_UNDISCHARGED_ASSUMPTION:1:memory-context-preserved;E_UNDISCHARGED_ASSUMPTION:2:policy-authorized;E_UNRELEASED_FIELD:/action/parameters/amount_cents
NoTransformWitnessValidation,attack:finance:TAINT_DOWNGRADE:1701000,finance,TAINT_DOWNGRADE,False,0,DENY,E_ILLEGAL_TRANSFORM:0:/context/taint;E_TAINT_DOWNGRADE:0;E_UNDISCHARGED_ASSUMPTION:1:memory-context-preserved;E_UNDISCHARGED_ASSUMPTION:2:policy-authorized;E_UNTRACKED_DATA_CLASS
NoTransformWitnessValidation,attack:finance:EFFECT_CLASS_DOWNGRADE:1801000,finance,EFFECT_CLASS_DOWNGRADE,False,0,DENY,E_NOT_PRESERVED:2:/action/effect_class
NoTransformWitnessValidation,attack:finance:CONTEXT_ROOT_OMISSION:1901000,finance,CONTEXT_ROOT_OMISSION,False,0,DENY,E_CONTEXT_ROOT;E_ENSURED_FIELD_MISSING:2:/context/context_root;E_NOT_PRESERVED:2:/context/context_root
NoTransformWitnessValidation,attack:finance:RETRY_DUPLICATE:2001000,finance,RETRY_DUPLICATE,False,1,EXECUTE_ONCE,EXECUTED;IDEMPOTENT_REPLAY
NoTransformWitnessValidation,attack:finance:UNAUTHORISED_STAGE_SIGNER:2101000,finance,UNAUTHORISED_STAGE_SIGNER,False,0,DENY,E_UNAUTHORISED_PREDECESSOR:1;E_UNAUTHORISED_STAGE_SIGNER:0;E_UNDISCHARGED_ASSUMPTION:1:memory-context-preserved;E_UNDISCHARGED_ASSUMPTION:2:policy-authorized
NoTransformWitnessValidation,attack:finance:RECEIPT_PRODUCER_MISMATCH:2201000,finance,RECEIPT_PRODUCER_MISMATCH,False,0,DENY,E_RECEIPT_PRODUCER_MISMATCH:0;E_UNAUTHORISED_STAGE_SIGNER:0;E_UNDISCHARGED_ASSUMPTION:1:memory-context-preserved;E_UNDISCHARGED_ASSUMPTION:2:policy-authorized
NoTransformWitnessValidation,attack:finance:MISSING_TRANSFORM_WITNESS:2301000,finance,MISSING_TRANSFORM_WITNESS,False,0,DENY,E_MISSING_TRANSFORM_WITNESS:2:/action/destination
NoTransformWitnessValidation,attack:finance:INVALID_TRANSFORM_WITNESS:2401000,finance,INVALID_TRANSFORM_WITNESS,True,1,EXECUTE,EXECUTED
NoTransformWitnessValidation,attack:finance:RELEASE_PREDICATE_BYPASS:2501000,finance,RELEASE_PREDICATE_BYPASS,False,0,DENY,E_INVALID_RELEASE:/action/parameters/amount_cents
NoTransformWitnessValidation,attack:finance:RELEASE_VALUE_SUBSTITUTION:2601000,finance,RELEASE_VALUE_SUBSTITUTION,False,0,DENY,E_INVALID_RELEASE:/action/parameters/amount_cents
NoTransformWitnessValidation,attack:finance:EXPIRED_RELEASE:2701000,finance,EXPIRED_RELEASE,False,0,DENY,E_EXPIRED_RELEASE:release:finance:attack:EXPIRED_RELEASE:2701000
NoTransformWitnessValidation,attack:finance:SUBJECT_SUBSTITUTION:2801000,finance,SUBJECT_SUBSTITUTION,False,0,DENY,E_SUBJECT_SUBSTITUTION
NoTransformWitnessValidation,attack:finance:POST_PERMIT_ACTION_SUBSTITUTION:2901000,finance,POST_PERMIT_ACTION_SUBSTITUTION,False,0,DENY,E_ACTION_SUBSTITUTION
NoTransformWitnessValidation,attack:finance:REVOKED_GRANT:3001000,finance,REVOKED_GRANT,False,0,DENY,E_REVOKED_AT_FINALITY
NoTransformWitnessValidation,attack:finance:CONTRACT_GUARANTEE_VIOLATION:3101000,finance,CONTRACT_GUARANTEE_VIOLATION,False,0,DENY,E_GUARANTEE_FALSE:2:canonical_destination
NoTransformWitnessValidation,attack:devops:UNTRUSTED_FIELD_BINDING:2000,devops,UNTRUSTED_FIELD_BINDING,False,0,ESCALATE,E_UNRELEASED_FIELD:/action/parameters/commit
NoTransformWitnessValidation,attack:devops:DROP_PROVENANCE:102000,devops,DROP_PROVENANCE,False,0,DENY,E_ENSURED_FIELD_MISSING:2:/context/protected_field_sources;E_ENSURED_FIELD_MISSING:2:/context/provenance_root;E_NOT_PRESERVED:2:/context/protected_field_sources;E_NOT_PRESERVED:2:/context/provenance_root;E_PROVENANCE_CONTEXT
NoTransformWitnessValidation,attack:devops:PROVENANCE_VALUE_SUBSTITUTION:202000,devops,PROVENANCE_VALUE_SUBSTITUTION,False,0,DENY,E_PROVENANCE_VALUE_MISMATCH:/action/parameters/commit;E_UNDISCHARGED_ASSUMPTION:0:provenance-authenticated;E_UNDISCHARGED_ASSUMPTION:1:memory-context-preserved;E_UNDISCHARGED_ASSUMPTION:2:policy-authorized
NoTransformWitnessValidation,attack:devops:UNTRUSTED_ROOT_PRODUCER:302000,devops,UNTRUSTED_ROOT_PRODUCER,False,0,DENY,E_UNDISCHARGED_ASSUMPTION:0:root-authenticated;E_UNDISCHARGED_ASSUMPTION:1:memory-context-preserved;E_UNDISCHARGED_ASSUMPTION:2:policy-authorized;E_UNTRUSTED_ROOT;E_UNTRUSTED_ROOT_ISSUER
NoTransformWitnessValidation,attack:devops:ROOT_AUTHORITY_EXCEEDED:402000,devops,ROOT_AUTHORITY_EXCEEDED,False,0,DENY,E_ROOT_ACTION_SCOPE_EXCEEDED;E_ROOT_AUTHORITY_EXCEEDED;E_ROOT_OPERATION_NOT_GRANTED;E_ROOT_SCOPE_EXCEEDED;E_UNDISCHARGED_ASSUMPTION:0:root-authenticated;E_UNDISCHARGED_ASSUMPTION:1:memory-context-preserved;E_UNDISCHARGED_ASSUMPTION:2:policy-authorized
NoTransformWitnessValidation,attack:devops:ROOT_SCOPE_EXCEEDED:502000,devops,ROOT_SCOPE_EXCEEDED,False,0,DENY,E_ROOT_ACTION_SCOPE_EXCEEDED;E_ROOT_SCOPE_EXCEEDED;E_UNDISCHARGED_ASSUMPTION:0:root-authenticated;E_UNDISCHARGED_ASSUMPTION:1:memory-context-preserved;E_UNDISCHARGED_ASSUMPTION:2:policy-authorized
NoTransformWitnessValidation,attack:devops:ROOT_FIELD_CONSTRAINT_BYPASS:602000,devops,ROOT_FIELD_CONSTRAINT_BYPASS,False,0,DENY,E_ROOT_FIELD_CONSTRAINT:/action/parameters/commit;E_UNDISCHARGED_ASSUMPTION:0:root-authenticated;E_UNDISCHARGED_ASSUMPTION:1:memory-context-preserved;E_UNDISCHARGED_ASSUMPTION:2:policy-authorized
NoTransformWitnessValidation,attack:devops:PRINCIPAL_SUBSTITUTION:702000,devops,PRINCIPAL_SUBSTITUTION,False,0,DENY,E_NOT_PRESERVED:2:/context/principal
NoTransformWitnessValidation,attack:devops:AUTHORITY_AMPLIFICATION:802000,devops,AUTHORITY_AMPLIFICATION,False,0,DENY,E_AUTHORITY_AMPLIFICATION:0;E_DELEGATION_WIDENING:0;E_ILLEGAL_TRANSFORM:0:/context/authority;E_ILLEGAL_TRANSFORM:0:/context/delegation_scope;E_NOT_PRESERVED:0:/action/destination;E_NOT_PRESERVED:0:/action/function;E_NOT_PRESERVED:0:/action/operation;E_NOT_PRESERVED:0:/action/resource;E_UNDISCHARGED_ASSUMPTION:1:memory-context-preserved;E_UNDISCHARGED_ASSUMPTION:2:policy-authorized
NoTransformWitnessValidation,attack:devops:DELEGATION_WIDENING:902000,devops,DELEGATION_WIDENING,False,0,DENY,E_DELEGATION_WIDENING:0;E_ILLEGAL_TRANSFORM:0:/context/delegation_scope;E_NOT_PRESERVED:0:/action/resource;E_UNDISCHARGED_ASSUMPTION:1:memory-context-preserved;E_UNDISCHARGED_ASSUMPTION:2:policy-authorized
NoTransformWitnessValidation,attack:devops:ARGUMENT_MUTATION:1002000,devops,ARGUMENT_MUTATION,False,0,DENY,E_NOT_PRESERVED:2:/action/parameters/environment
NoTransformWitnessValidation,attack:devops:DESTINATION_SUBSTITUTION:1102000,devops,DESTINATION_SUBSTITUTION,True,1,EXECUTE,EXECUTED
NoTransformWitnessValidation,attack:devops:TOOL_SERVER_SWAP:1202000,devops,TOOL_SERVER_SWAP,False,0,DENY,E_NOT_PRESERVED:2:/action/server_id;E_NOT_PRESERVED:2:/action/tool_manifest_digest;E_UNTRUSTED_TOOL_MANIFEST
NoTransformWitnessValidation,attack:devops:POLICY_DOWNGRADE:1302000,devops,POLICY_DOWNGRADE,False,0,DENY,E_GUARANTEE_FALSE:2:policy_matches;E_ILLEGAL_TRANSFORM:2:/context/policy_digest;E_ILLEGAL_TRANSFORM:2:/context/policy_epoch;E_POLICY_DOWNGRADE:2;E_STALE_POLICY
NoTransformWitnessValidation,attack:devops:NONCE_REPLAY:1402000,devops,NONCE_REPLAY,False,1,EXECUTE_ONCE,EXECUTED;IDEMPOTENT_REPLAY
NoTransformWitnessValidation,attack:devops:ALTERNATE_PATH:1502000,devops,ALTERNATE_PATH,False,0,DENY,E_UNMEDIATED_PATH
NoTransformWitnessValidation,attack:devops:MEMORY_LAUNDERING:1602000,devops,MEMORY_LAUNDERING,False,0,DENY,E_NOT_PRESERVED:0:/context/protected_field_sources;E_NOT_PRESERVED:0:/context/source_classes;E_UNDISCHARGED_ASSUMPTION:1:memory-context-preserved;E_UNDISCHARGED_ASSUMPTION:2:policy-authorized;E_UNRELEASED_FIELD:/action/parameters/commit
NoTransformWitnessValidation,attack:devops:TAINT_DOWNGRADE:1702000,devops,TAINT_DOWNGRADE,False,0,DENY,E_ILLEGAL_TRANSFORM:0:/context/taint;E_TAINT_DOWNGRADE:0;E_UNDISCHARGED_ASSUMPTION:1:memory-context-preserved;E_UNDISCHARGED_ASSUMPTION:2:policy-authorized;E_UNTRACKED_DATA_CLASS
NoTransformWitnessValidation,attack:devops:EFFECT_CLASS_DOWNGRADE:1802000,devops,EFFECT_CLASS_DOWNGRADE,False,0,DENY,E_NOT_PRESERVED:2:/action/effect_class
NoTransformWitnessValidation,attack:devops:CONTEXT_ROOT_OMISSION:1902000,devops,CONTEXT_ROOT_OMISSION,False,0,DENY,E_CONTEXT_ROOT;E_ENSURED_FIELD_MISSING:2:/context/context_root;E_NOT_PRESERVED:2:/context/context_root
NoTransformWitnessValidation,attack:devops:RETRY_DUPLICATE:2002000,devops,RETRY_DUPLICATE,False,1,EXECUTE_ONCE,EXECUTED;IDEMPOTENT_REPLAY
NoTransformWitnessValidation,attack:devops:UNAUTHORISED_STAGE_SIGNER:2102000,devops,UNAUTHORISED_STAGE_SIGNER,False,0,DENY,E_UNAUTHORISED_PREDECESSOR:1;E_UNAUTHORISED_STAGE_SIGNER:0;E_UNDISCHARGED_ASSUMPTION:1:memory-context-preserved;E_UNDISCHARGED_ASSUMPTION:2:policy-authorized
NoTransformWitnessValidation,attack:devops:RECEIPT_PRODUCER_MISMATCH:2202000,devops,RECEIPT_PRODUCER_MISMATCH,False,0,DENY,E_RECEIPT_PRODUCER_MISMATCH:0;E_UNAUTHORISED_STAGE_SIGNER:0;E_UNDISCHARGED_ASSUMPTION:1:memory-context-preserved;E_UNDISCHARGED_ASSUMPTION:2:policy-authorized
NoTransformWitnessValidation,attack:devops:MISSING_TRANSFORM_WITNESS:2302000,devops,MISSING_TRANSFORM_WITNESS,False,0,DENY,E_MISSING_TRANSFORM_WITNESS:2:/action/destination
NoTransformWitnessValidation,attack:devops:INVALID_TRANSFORM_WITNESS:2402000,devops,INVALID_TRANSFORM_WITNESS,True,1,EXECUTE,EXECUTED
NoTransformWitnessValidation,attack:devops:RELEASE_PREDICATE_BYPASS:2502000,devops,RELEASE_PREDICATE_BYPASS,False,0,DENY,E_INVALID_RELEASE:/action/parameters/commit
NoTransformWitnessValidation,attack:devops:RELEASE_VALUE_SUBSTITUTION:2602000,devops,RELEASE_VALUE_SUBSTITUTION,False,0,DENY,E_INVALID_RELEASE:/action/parameters/commit
NoTransformWitnessValidation,attack:devops:EXPIRED_RELEASE:2702000,devops,EXPIRED_RELEASE,False,0,DENY,E_EXPIRED_RELEASE:release:devops:attack:EXPIRED_RELEASE:2702000
NoTransformWitnessValidation,attack:devops:SUBJECT_SUBSTITUTION:2802000,devops,SUBJECT_SUBSTITUTION,False,0,DENY,E_SUBJECT_SUBSTITUTION
NoTransformWitnessValidation,attack:devops:POST_PERMIT_ACTION_SUBSTITUTION:2902000,devops,POST_PERMIT_ACTION_SUBSTITUTION,False,0,DENY,E_ACTION_SUBSTITUTION
NoTransformWitnessValidation,attack:devops:REVOKED_GRANT:3002000,devops,REVOKED_GRANT,False,0,DENY,E_REVOKED_AT_FINALITY
NoTransformWitnessValidation,attack:devops:CONTRACT_GUARANTEE_VIOLATION:3102000,devops,CONTRACT_GUARANTEE_VIOLATION,False,0,DENY,E_GUARANTEE_FALSE:2:canonical_destination
NoTransformWitnessValidation,attack:multiagent:UNTRUSTED_FIELD_BINDING:3000,multiagent,UNTRUSTED_FIELD_BINDING,False,0,ESCALATE,E_UNRELEASED_FIELD:/action/parameters/capability
NoTransformWitnessValidation,attack:multiagent:DROP_PROVENANCE:103000,multiagent,DROP_PROVENANCE,False,0,DENY,E_ENSURED_FIELD_MISSING:2:/context/protected_field_sources;E_ENSURED_FIELD_MISSING:2:/context/provenance_root;E_NOT_PRESERVED:2:/context/protected_field_sources;E_NOT_PRESERVED:2:/context/provenance_root;E_PROVENANCE_CONTEXT
NoTransformWitnessValidation,attack:multiagent:PROVENANCE_VALUE_SUBSTITUTION:203000,multiagent,PROVENANCE_VALUE_SUBSTITUTION,False,0,DENY,E_PROVENANCE_VALUE_MISMATCH:/action/parameters/capability;E_UNDISCHARGED_ASSUMPTION:0:provenance-authenticated;E_UNDISCHARGED_ASSUMPTION:1:memory-context-preserved;E_UNDISCHARGED_ASSUMPTION:2:policy-authorized
NoTransformWitnessValidation,attack:multiagent:UNTRUSTED_ROOT_PRODUCER:303000,multiagent,UNTRUSTED_ROOT_PRODUCER,False,0,DENY,E_UNDISCHARGED_ASSUMPTION:0:root-authenticated;E_UNDISCHARGED_ASSUMPTION:1:memory-context-preserved;E_UNDISCHARGED_ASSUMPTION:2:policy-authorized;E_UNTRUSTED_ROOT;E_UNTRUSTED_ROOT_ISSUER
NoTransformWitnessValidation,attack:multiagent:ROOT_AUTHORITY_EXCEEDED:403000,multiagent,ROOT_AUTHORITY_EXCEEDED,False,0,DENY,E_ROOT_ACTION_SCOPE_EXCEEDED;E_ROOT_AUTHORITY_EXCEEDED;E_ROOT_OPERATION_NOT_GRANTED;E_ROOT_SCOPE_EXCEEDED;E_UNDISCHARGED_ASSUMPTION:0:root-authenticated;E_UNDISCHARGED_ASSUMPTION:1:memory-context-preserved;E_UNDISCHARGED_ASSUMPTION:2:policy-authorized
NoTransformWitnessValidation,attack:multiagent:ROOT_SCOPE_EXCEEDED:503000,multiagent,ROOT_SCOPE_EXCEEDED,False,0,DENY,E_ROOT_ACTION_SCOPE_EXCEEDED;E_ROOT_SCOPE_EXCEEDED;E_UNDISCHARGED_ASSUMPTION:0:root-authenticated;E_UNDISCHARGED_ASSUMPTION:1:memory-context-preserved;E_UNDISCHARGED_ASSUMPTION:2:policy-authorized
NoTransformWitnessValidation,attack:multiagent:ROOT_FIELD_CONSTRAINT_BYPASS:603000,multiagent,ROOT_FIELD_CONSTRAINT_BYPASS,False,0,DENY,E_ROOT_FIELD_CONSTRAINT:/action/parameters/capability;E_UNDISCHARGED_ASSUMPTION:0:root-authenticated;E_UNDISCHARGED_ASSUMPTION:1:memory-context-preserved;E_UNDISCHARGED_ASSUMPTION:2:policy-authorized
NoTransformWitnessValidation,attack:multiagent:PRINCIPAL_SUBSTITUTION:703000,multiagent,PRINCIPAL_SUBSTITUTION,False,0,DENY,E_NOT_PRESERVED:2:/context/principal
NoTransformWitnessValidation,attack:multiagent:AUTHORITY_AMPLIFICATION:803000,multiagent,AUTHORITY_AMPLIFICATION,False,0,DENY,E_AUTHORITY_AMPLIFICATION:0;E_DELEGATION_WIDENING:0;E_ILLEGAL_TRANSFORM:0:/context/authority;E_ILLEGAL_TRANSFORM:0:/context/delegation_scope;E_NOT_PRESERVED:0:/action/destination;E_NOT_PRESERVED:0:/action/function;E_NOT_PRESERVED:0:/action/operation;E_NOT_PRESERVED:0:/action/resource;E_UNDISCHARGED_ASSUMPTION:1:memory-context-preserved;E_UNDISCHARGED_ASSUMPTION:2:policy-authorized
NoTransformWitnessValidation,attack:multiagent:DELEGATION_WIDENING:903000,multiagent,DELEGATION_WIDENING,False,0,DENY,E_DELEGATION_WIDENING:0;E_ILLEGAL_TRANSFORM:0:/context/delegation_scope;E_NOT_PRESERVED:0:/action/resource;E_UNDISCHARGED_ASSUMPTION:1:memory-context-preserved;E_UNDISCHARGED_ASSUMPTION:2:policy-authorized
NoTransformWitnessValidation,attack:multiagent:ARGUMENT_MUTATION:1003000,multiagent,ARGUMENT_MUTATION,False,0,DENY,E_NOT_PRESERVED:2:/action/parameters/max_depth
NoTransformWitnessValidation,attack:multiagent:DESTINATION_SUBSTITUTION:1103000,multiagent,DESTINATION_SUBSTITUTION,True,1,EXECUTE,EXECUTED
NoTransformWitnessValidation,attack:multiagent:TOOL_SERVER_SWAP:1203000,multiagent,TOOL_SERVER_SWAP,False,0,DENY,E_NOT_PRESERVED:2:/action/server_id;E_NOT_PRESERVED:2:/action/tool_manifest_digest;E_UNTRUSTED_TOOL_MANIFEST
NoTransformWitnessValidation,attack:multiagent:POLICY_DOWNGRADE:1303000,multiagent,POLICY_DOWNGRADE,False,0,DENY,E_GUARANTEE_FALSE:2:policy_matches;E_ILLEGAL_TRANSFORM:2:/context/policy_digest;E_ILLEGAL_TRANSFORM:2:/context/policy_epoch;E_POLICY_DOWNGRADE:2;E_STALE_POLICY
NoTransformWitnessValidation,attack:multiagent:NONCE_REPLAY:1403000,multiagent,NONCE_REPLAY,False,1,EXECUTE_ONCE,EXECUTED;IDEMPOTENT_REPLAY
NoTransformWitnessValidation,attack:multiagent:ALTERNATE_PATH:1503000,multiagent,ALTERNATE_PATH,False,0,DENY,E_UNMEDIATED_PATH
NoTransformWitnessValidation,attack:multiagent:MEMORY_LAUNDERING:1603000,multiagent,MEMORY_LAUNDERING,False,0,DENY,E_NOT_PRESERVED:0:/context/protected_field_sources;E_NOT_PRESERVED:0:/context/source_classes;E_UNDISCHARGED_ASSUMPTION:1:memory-context-preserved;E_UNDISCHARGED_ASSUMPTION:2:policy-authorized;E_UNRELEASED_FIELD:/action/parameters/capability
NoTransformWitnessValidation,attack:multiagent:TAINT_DOWNGRADE:1703000,multiagent,TAINT_DOWNGRADE,False,0,DENY,E_ILLEGAL_TRANSFORM:0:/context/taint;E_TAINT_DOWNGRADE:0;E_UNDISCHARGED_ASSUMPTION:1:memory-context-preserved;E_UNDISCHARGED_ASSUMPTION:2:policy-authorized;E_UNTRACKED_DATA_CLASS
NoTransformWitnessValidation,attack:multiagent:EFFECT_CLASS_DOWNGRADE:1803000,multiagent,EFFECT_CLASS_DOWNGRADE,False,0,DENY,E_NOT_PRESERVED:2:/action/effect_class
NoTransformWitnessValidation,attack:multiagent:CONTEXT_ROOT_OMISSION:1903000,multiagent,CONTEXT_ROOT_OMISSION,False,0,DENY,E_CONTEXT_ROOT;E_ENSURED_FIELD_MISSING:2:/context/context_root;E_NOT_PRESERVED:2:/context/context_root
NoTransformWitnessValidation,attack:multiagent:RETRY_DUPLICATE:2003000,multiagent,RETRY_DUPLICATE,False,1,EXECUTE_ONCE,EXECUTED;IDEMPOTENT_REPLAY
NoTransformWitnessValidation,attack:multiagent:UNAUTHORISED_STAGE_SIGNER:2103000,multiagent,UNAUTHORISED_STAGE_SIGNER,False,0,DENY,E_UNAUTHORISED_PREDECESSOR:1;E_UNAUTHORISED_STAGE_SIGNER:0;E_UNDISCHARGED_ASSUMPTION:1:memory-context-preserved;E_UNDISCHARGED_ASSUMPTION:2:policy-authorized
NoTransformWitnessValidation,attack:multiagent:RECEIPT_PRODUCER_MISMATCH:2203000,multiagent,RECEIPT_PRODUCER_MISMATCH,False,0,DENY,E_RECEIPT_PRODUCER_MISMATCH:0;E_UNAUTHORISED_STAGE_SIGNER:0;E_UNDISCHARGED_ASSUMPTION:1:memory-context-preserved;E_UNDISCHARGED_ASSUMPTION:2:policy-authorized
NoTransformWitnessValidation,attack:multiagent:MISSING_TRANSFORM_WITNESS:2303000,multiagent,MISSING_TRANSFORM_WITNESS,False,0,DENY,E_MISSING_TRANSFORM_WITNESS:2:/action/destination
NoTransformWitnessValidation,attack:multiagent:INVALID_TRANSFORM_WITNESS:2403000,multiagent,INVALID_TRANSFORM_WITNESS,True,1,EXECUTE,EXECUTED
NoTransformWitnessValidation,attack:multiagent:RELEASE_PREDICATE_BYPASS:2503000,multiagent,RELEASE_PREDICATE_BYPASS,False,0,DENY,E_INVALID_RELEASE:/action/parameters/capability
NoTransformWitnessValidation,attack:multiagent:RELEASE_VALUE_SUBSTITUTION:2603000,multiagent,RELEASE_VALUE_SUBSTITUTION,False,0,DENY,E_INVALID_RELEASE:/action/parameters/capability
NoTransformWitnessValidation,attack:multiagent:EXPIRED_RELEASE:2703000,multiagent,EXPIRED_RELEASE,False,0,DENY,E_EXPIRED_RELEASE:release:multiagent:attack:EXPIRED_RELEASE:2703000
NoTransformWitnessValidation,attack:multiagent:SUBJECT_SUBSTITUTION:2803000,multiagent,SUBJECT_SUBSTITUTION,False,0,DENY,E_SUBJECT_SUBSTITUTION
NoTransformWitnessValidation,attack:multiagent:POST_PERMIT_ACTION_SUBSTITUTION:2903000,multiagent,POST_PERMIT_ACTION_SUBSTITUTION,False,0,DENY,E_ACTION_SUBSTITUTION
NoTransformWitnessValidation,attack:multiagent:REVOKED_GRANT:3003000,multiagent,REVOKED_GRANT,False,0,DENY,E_REVOKED_AT_FINALITY
NoTransformWitnessValidation,attack:multiagent:CONTRACT_GUARANTEE_VIOLATION:3103000,multiagent,CONTRACT_GUARANTEE_VIOLATION,False,0,DENY,E_GUARANTEE_FALSE:2:canonical_destination
NoReleaseValidation,attack:workspace:UNTRUSTED_FIELD_BINDING:0,workspace,UNTRUSTED_FIELD_BINDING,False,0,ESCALATE,E_UNRELEASED_FIELD:/action/destination
NoReleaseValidation,attack:workspace:DROP_PROVENANCE:100000,workspace,DROP_PROVENANCE,False,0,DENY,E_ENSURED_FIELD_MISSING:2:/context/protected_field_sources;E_ENSURED_FIELD_MISSING:2:/context/provenance_root;E_NOT_PRESERVED:2:/context/protected_field_sources;E_NOT_PRESERVED:2:/context/provenance_root;E_PROVENANCE_CONTEXT
NoReleaseValidation,attack:workspace:PROVENANCE_VALUE_SUBSTITUTION:200000,workspace,PROVENANCE_VALUE_SUBSTITUTION,False,0,DENY,E_PROVENANCE_VALUE_MISMATCH:/action/destination;E_UNDISCHARGED_ASSUMPTION:0:provenance-authenticated;E_UNDISCHARGED_ASSUMPTION:1:memory-context-preserved;E_UNDISCHARGED_ASSUMPTION:2:policy-authorized
NoReleaseValidation,attack:workspace:UNTRUSTED_ROOT_PRODUCER:300000,workspace,UNTRUSTED_ROOT_PRODUCER,False,0,DENY,E_UNDISCHARGED_ASSUMPTION:0:root-authenticated;E_UNDISCHARGED_ASSUMPTION:1:memory-context-preserved;E_UNDISCHARGED_ASSUMPTION:2:policy-authorized;E_UNTRUSTED_ROOT;E_UNTRUSTED_ROOT_ISSUER
NoReleaseValidation,attack:workspace:ROOT_AUTHORITY_EXCEEDED:400000,workspace,ROOT_AUTHORITY_EXCEEDED,False,0,DENY,E_ROOT_ACTION_SCOPE_EXCEEDED;E_ROOT_AUTHORITY_EXCEEDED;E_ROOT_OPERATION_NOT_GRANTED;E_ROOT_SCOPE_EXCEEDED;E_UNDISCHARGED_ASSUMPTION:0:root-authenticated;E_UNDISCHARGED_ASSUMPTION:1:memory-context-preserved;E_UNDISCHARGED_ASSUMPTION:2:policy-authorized
NoReleaseValidation,attack:workspace:ROOT_SCOPE_EXCEEDED:500000,workspace,ROOT_SCOPE_EXCEEDED,False,0,DENY,E_ROOT_ACTION_SCOPE_EXCEEDED;E_ROOT_SCOPE_EXCEEDED;E_UNDISCHARGED_ASSUMPTION:0:root-authenticated;E_UNDISCHARGED_ASSUMPTION:1:memory-context-preserved;E_UNDISCHARGED_ASSUMPTION:2:policy-authorized
NoReleaseValidation,attack:workspace:ROOT_FIELD_CONSTRAINT_BYPASS:600000,workspace,ROOT_FIELD_CONSTRAINT_BYPASS,False,0,DENY,E_ROOT_FIELD_CONSTRAINT:/action/destination;E_UNDISCHARGED_ASSUMPTION:0:root-authenticated;E_UNDISCHARGED_ASSUMPTION:1:memory-context-preserved;E_UNDISCHARGED_ASSUMPTION:2:policy-authorized
NoReleaseValidation,attack:workspace:PRINCIPAL_SUBSTITUTION:700000,workspace,PRINCIPAL_SUBSTITUTION,False,0,DENY,E_NOT_PRESERVED:2:/context/principal
NoReleaseValidation,attack:workspace:AUTHORITY_AMPLIFICATION:800000,workspace,AUTHORITY_AMPLIFICATION,False,0,DENY,E_AUTHORITY_AMPLIFICATION:0;E_DELEGATION_WIDENING:0;E_ILLEGAL_TRANSFORM:0:/context/authority;E_ILLEGAL_TRANSFORM:0:/context/delegation_scope;E_NOT_PRESERVED:0:/action/destination;E_NOT_PRESERVED:0:/action/function;E_NOT_PRESERVED:0:/action/operation;E_NOT_PRESERVED:0:/action/resource;E_UNDISCHARGED_ASSUMPTION:1:memory-context-preserved;E_UNDISCHARGED_ASSUMPTION:2:policy-authorized
NoReleaseValidation,attack:workspace:DELEGATION_WIDENING:900000,workspace,DELEGATION_WIDENING,False,0,DENY,E_DELEGATION_WIDENING:0;E_ILLEGAL_TRANSFORM:0:/context/delegation_scope;E_NOT_PRESERVED:0:/action/resource;E_UNDISCHARGED_ASSUMPTION:1:memory-context-preserved;E_UNDISCHARGED_ASSUMPTION:2:policy-authorized
NoReleaseValidation,attack:workspace:ARGUMENT_MUTATION:1000000,workspace,ARGUMENT_MUTATION,False,0,DENY,E_NOT_PRESERVED:2:/action/parameters/body
NoReleaseValidation,attack:workspace:DESTINATION_SUBSTITUTION:1100000,workspace,DESTINATION_SUBSTITUTION,False,0,DENY,E_UNTRUSTED_TRANSFORM_ISSUER:adapter:/action/destination
NoReleaseValidation,attack:workspace:TOOL_SERVER_SWAP:1200000,workspace,TOOL_SERVER_SWAP,False,0,DENY,E_NOT_PRESERVED:2:/action/server_id;E_NOT_PRESERVED:2:/action/tool_manifest_digest;E_UNTRUSTED_TOOL_MANIFEST
NoReleaseValidation,attack:workspace:POLICY_DOWNGRADE:1300000,workspace,POLICY_DOWNGRADE,False,0,DENY,E_GUARANTEE_FALSE:2:policy_matches;E_ILLEGAL_TRANSFORM:2:/context/policy_digest;E_ILLEGAL_TRANSFORM:2:/context/policy_epoch;E_POLICY_DOWNGRADE:2;E_STALE_POLICY
NoReleaseValidation,attack:workspace:NONCE_REPLAY:1400000,workspace,NONCE_REPLAY,False,1,EXECUTE_ONCE,EXECUTED;IDEMPOTENT_REPLAY
NoReleaseValidation,attack:workspace:ALTERNATE_PATH:1500000,workspace,ALTERNATE_PATH,False,0,DENY,E_UNMEDIATED_PATH
NoReleaseValidation,attack:workspace:MEMORY_LAUNDERING:1600000,workspace,MEMORY_LAUNDERING,False,0,DENY,E_NOT_PRESERVED:0:/context/protected_field_sources;E_NOT_PRESERVED:0:/context/source_classes;E_UNDISCHARGED_ASSUMPTION:1:memory-context-preserved;E_UNDISCHARGED_ASSUMPTION:2:policy-authorized;E_UNRELEASED_FIELD:/action/destination
NoReleaseValidation,attack:workspace:TAINT_DOWNGRADE:1700000,workspace,TAINT_DOWNGRADE,False,0,DENY,E_ILLEGAL_TRANSFORM:0:/context/taint;E_TAINT_DOWNGRADE:0;E_UNDISCHARGED_ASSUMPTION:1:memory-context-preserved;E_UNDISCHARGED_ASSUMPTION:2:policy-authorized;E_UNTRACKED_DATA_CLASS
NoReleaseValidation,attack:workspace:EFFECT_CLASS_DOWNGRADE:1800000,workspace,EFFECT_CLASS_DOWNGRADE,False,0,DENY,E_NOT_PRESERVED:2:/action/effect_class
NoReleaseValidation,attack:workspace:CONTEXT_ROOT_OMISSION:1900000,workspace,CONTEXT_ROOT_OMISSION,False,0,DENY,E_CONTEXT_ROOT;E_ENSURED_FIELD_MISSING:2:/context/context_root;E_NOT_PRESERVED:2:/context/context_root
NoReleaseValidation,attack:workspace:RETRY_DUPLICATE:2000000,workspace,RETRY_DUPLICATE,False,1,EXECUTE_ONCE,EXECUTED;IDEMPOTENT_REPLAY
NoReleaseValidation,attack:workspace:UNAUTHORISED_STAGE_SIGNER:2100000,workspace,UNAUTHORISED_STAGE_SIGNER,False,0,DENY,E_UNAUTHORISED_PREDECESSOR:1;E_UNAUTHORISED_STAGE_SIGNER:0;E_UNDISCHARGED_ASSUMPTION:1:memory-context-preserved;E_UNDISCHARGED_ASSUMPTION:2:policy-authorized
NoReleaseValidation,attack:workspace:RECEIPT_PRODUCER_MISMATCH:2200000,workspace,RECEIPT_PRODUCER_MISMATCH,False,0,DENY,E_RECEIPT_PRODUCER_MISMATCH:0;E_UNAUTHORISED_STAGE_SIGNER:0;E_UNDISCHARGED_ASSUMPTION:1:memory-context-preserved;E_UNDISCHARGED_ASSUMPTION:2:policy-authorized
NoReleaseValidation,attack:workspace:MISSING_TRANSFORM_WITNESS:2300000,workspace,MISSING_TRANSFORM_WITNESS,False,0,DENY,E_MISSING_TRANSFORM_WITNESS:2:/action/destination
NoReleaseValidation,attack:workspace:INVALID_TRANSFORM_WITNESS:2400000,workspace,INVALID_TRANSFORM_WITNESS,False,0,DENY,E_TRANSFORM_AFTER_MISMATCH:adapter:/action/destination;E_TRANSFORM_RELATION_FALSE:adapter:/action/destination
NoReleaseValidation,attack:workspace:RELEASE_PREDICATE_BYPASS:2500000,workspace,RELEASE_PREDICATE_BYPASS,True,1,EXECUTE,EXECUTED
NoReleaseValidation,attack:workspace:RELEASE_VALUE_SUBSTITUTION:2600000,workspace,RELEASE_VALUE_SUBSTITUTION,True,1,EXECUTE,EXECUTED
NoReleaseValidation,attack:workspace:EXPIRED_RELEASE:2700000,workspace,EXPIRED_RELEASE,True,1,EXECUTE,EXECUTED
NoReleaseValidation,attack:workspace:SUBJECT_SUBSTITUTION:2800000,workspace,SUBJECT_SUBSTITUTION,False,0,DENY,E_SUBJECT_SUBSTITUTION
NoReleaseValidation,attack:workspace:POST_PERMIT_ACTION_SUBSTITUTION:2900000,workspace,POST_PERMIT_ACTION_SUBSTITUTION,False,0,DENY,E_ACTION_SUBSTITUTION
NoReleaseValidation,attack:workspace:REVOKED_GRANT:3000000,workspace,REVOKED_GRANT,False,0,DENY,E_REVOKED_AT_FINALITY
NoReleaseValidation,attack:workspace:CONTRACT_GUARANTEE_VIOLATION:3100000,workspace,CONTRACT_GUARANTEE_VIOLATION,False,0,DENY,E_GUARANTEE_FALSE:2:canonical_destination
NoReleaseValidation,attack:finance:UNTRUSTED_FIELD_BINDING:1000,finance,UNTRUSTED_FIELD_BINDING,False,0,ESCALATE,E_UNRELEASED_FIELD:/action/parameters/amount_cents
NoReleaseValidation,attack:finance:DROP_PROVENANCE:101000,finance,DROP_PROVENANCE,False,0,DENY,E_ENSURED_FIELD_MISSING:2:/context/protected_field_sources;E_ENSURED_FIELD_MISSING:2:/context/provenance_root;E_NOT_PRESERVED:2:/context/protected_field_sources;E_NOT_PRESERVED:2:/context/provenance_root;E_PROVENANCE_CONTEXT
NoReleaseValidation,attack:finance:PROVENANCE_VALUE_SUBSTITUTION:201000,finance,PROVENANCE_VALUE_SUBSTITUTION,False,0,DENY,E_PROVENANCE_VALUE_MISMATCH:/action/parameters/amount_cents;E_UNDISCHARGED_ASSUMPTION:0:provenance-authenticated;E_UNDISCHARGED_ASSUMPTION:1:memory-context-preserved;E_UNDISCHARGED_ASSUMPTION:2:policy-authorized
NoReleaseValidation,attack:finance:UNTRUSTED_ROOT_PRODUCER:301000,finance,UNTRUSTED_ROOT_PRODUCER,False,0,DENY,E_UNDISCHARGED_ASSUMPTION:0:root-authenticated;E_UNDISCHARGED_ASSUMPTION:1:memory-context-preserved;E_UNDISCHARGED_ASSUMPTION:2:policy-authorized;E_UNTRUSTED_ROOT;E_UNTRUSTED_ROOT_ISSUER
NoReleaseValidation,attack:finance:ROOT_AUTHORITY_EXCEEDED:401000,finance,ROOT_AUTHORITY_EXCEEDED,False,0,DENY,E_ROOT_ACTION_SCOPE_EXCEEDED;E_ROOT_AUTHORITY_EXCEEDED;E_ROOT_OPERATION_NOT_GRANTED;E_ROOT_SCOPE_EXCEEDED;E_UNDISCHARGED_ASSUMPTION:0:root-authenticated;E_UNDISCHARGED_ASSUMPTION:1:memory-context-preserved;E_UNDISCHARGED_ASSUMPTION:2:policy-authorized
NoReleaseValidation,attack:finance:ROOT_SCOPE_EXCEEDED:501000,finance,ROOT_SCOPE_EXCEEDED,False,0,DENY,E_ROOT_ACTION_SCOPE_EXCEEDED;E_ROOT_SCOPE_EXCEEDED;E_UNDISCHARGED_ASSUMPTION:0:root-authenticated;E_UNDISCHARGED_ASSUMPTION:1:memory-context-preserved;E_UNDISCHARGED_ASSUMPTION:2:policy-authorized
NoReleaseValidation,attack:finance:ROOT_FIELD_CONSTRAINT_BYPASS:601000,finance,ROOT_FIELD_CONSTRAINT_BYPASS,False,0,DENY,E_ROOT_FIELD_CONSTRAINT:/action/parameters/amount_cents;E_UNDISCHARGED_ASSUMPTION:0:root-authenticated;E_UNDISCHARGED_ASSUMPTION:1:memory-context-preserved;E_UNDISCHARGED_ASSUMPTION:2:policy-authorized
NoReleaseValidation,attack:finance:PRINCIPAL_SUBSTITUTION:701000,finance,PRINCIPAL_SUBSTITUTION,False,0,DENY,E_NOT_PRESERVED:2:/context/principal
NoReleaseValidation,attack:finance:AUTHORITY_AMPLIFICATION:801000,finance,AUTHORITY_AMPLIFICATION,False,0,DENY,E_AUTHORITY_AMPLIFICATION:0;E_DELEGATION_WIDENING:0;E_ILLEGAL_TRANSFORM:0:/context/authority;E_ILLEGAL_TRANSFORM:0:/context/delegation_scope;E_NOT_PRESERVED:0:/action/destination;E_NOT_PRESERVED:0:/action/function;E_NOT_PRESERVED:0:/action/operation;E_NOT_PRESERVED:0:/action/resource;E_UNDISCHARGED_ASSUMPTION:1:memory-context-preserved;E_UNDISCHARGED_ASSUMPTION:2:policy-authorized
NoReleaseValidation,attack:finance:DELEGATION_WIDENING:901000,finance,DELEGATION_WIDENING,False,0,DENY,E_DELEGATION_WIDENING:0;E_ILLEGAL_TRANSFORM:0:/context/delegation_scope;E_NOT_PRESERVED:0:/action/resource;E_UNDISCHARGED_ASSUMPTION:1:memory-context-preserved;E_UNDISCHARGED_ASSUMPTION:2:policy-authorized
NoReleaseValidation,attack:finance:ARGUMENT_MUTATION:1001000,finance,ARGUMENT_MUTATION,False,0,DENY,E_NOT_PRESERVED:2:/action/parameters/amount_cents
NoReleaseValidation,attack:finance:DESTINATION_SUBSTITUTION:1101000,finance,DESTINATION_SUBSTITUTION,False,0,DENY,E_UNTRUSTED_TRANSFORM_ISSUER:adapter:/action/destination
NoReleaseValidation,attack:finance:TOOL_SERVER_SWAP:1201000,finance,TOOL_SERVER_SWAP,False,0,DENY,E_NOT_PRESERVED:2:/action/server_id;E_NOT_PRESERVED:2:/action/tool_manifest_digest;E_UNTRUSTED_TOOL_MANIFEST
NoReleaseValidation,attack:finance:POLICY_DOWNGRADE:1301000,finance,POLICY_DOWNGRADE,False,0,DENY,E_GUARANTEE_FALSE:2:policy_matches;E_ILLEGAL_TRANSFORM:2:/context/policy_digest;E_ILLEGAL_TRANSFORM:2:/context/policy_epoch;E_POLICY_DOWNGRADE:2;E_STALE_POLICY
NoReleaseValidation,attack:finance:NONCE_REPLAY:1401000,finance,NONCE_REPLAY,False,1,EXECUTE_ONCE,EXECUTED;IDEMPOTENT_REPLAY
NoReleaseValidation,attack:finance:ALTERNATE_PATH:1501000,finance,ALTERNATE_PATH,False,0,DENY,E_UNMEDIATED_PATH
NoReleaseValidation,attack:finance:MEMORY_LAUNDERING:1601000,finance,MEMORY_LAUNDERING,False,0,DENY,E_NOT_PRESERVED:0:/context/protected_field_sources;E_NOT_PRESERVED:0:/context/source_classes;E_UNDISCHARGED_ASSUMPTION:1:memory-context-preserved;E_UNDISCHARGED_ASSUMPTION:2:policy-authorized;E_UNRELEASED_FIELD:/action/parameters/amount_cents
NoReleaseValidation,attack:finance:TAINT_DOWNGRADE:1701000,finance,TAINT_DOWNGRADE,False,0,DENY,E_ILLEGAL_TRANSFORM:0:/context/taint;E_TAINT_DOWNGRADE:0;E_UNDISCHARGED_ASSUMPTION:1:memory-context-preserved;E_UNDISCHARGED_ASSUMPTION:2:policy-authorized;E_UNTRACKED_DATA_CLASS
NoReleaseValidation,attack:finance:EFFECT_CLASS_DOWNGRADE:1801000,finance,EFFECT_CLASS_DOWNGRADE,False,0,DENY,E_NOT_PRESERVED:2:/action/effect_class
NoReleaseValidation,attack:finance:CONTEXT_ROOT_OMISSION:1901000,finance,CONTEXT_ROOT_OMISSION,False,0,DENY,E_CONTEXT_ROOT;E_ENSURED_FIELD_MISSING:2:/context/context_root;E_NOT_PRESERVED:2:/context/context_root
NoReleaseValidation,attack:finance:RETRY_DUPLICATE:2001000,finance,RETRY_DUPLICATE,False,1,EXECUTE_ONCE,EXECUTED;IDEMPOTENT_REPLAY
NoReleaseValidation,attack:finance:UNAUTHORISED_STAGE_SIGNER:2101000,finance,UNAUTHORISED_STAGE_SIGNER,False,0,DENY,E_UNAUTHORISED_PREDECESSOR:1;E_UNAUTHORISED_STAGE_SIGNER:0;E_UNDISCHARGED_ASSUMPTION:1:memory-context-preserved;E_UNDISCHARGED_ASSUMPTION:2:policy-authorized
NoReleaseValidation,attack:finance:RECEIPT_PRODUCER_MISMATCH:2201000,finance,RECEIPT_PRODUCER_MISMATCH,False,0,DENY,E_RECEIPT_PRODUCER_MISMATCH:0;E_UNAUTHORISED_STAGE_SIGNER:0;E_UNDISCHARGED_ASSUMPTION:1:memory-context-preserved;E_UNDISCHARGED_ASSUMPTION:2:policy-authorized
NoReleaseValidation,attack:finance:MISSING_TRANSFORM_WITNESS:2301000,finance,MISSING_TRANSFORM_WITNESS,False,0,DENY,E_MISSING_TRANSFORM_WITNESS:2:/action/destination
NoReleaseValidation,attack:finance:INVALID_TRANSFORM_WITNESS:2401000,finance,INVALID_TRANSFORM_WITNESS,False,0,DENY,E_TRANSFORM_AFTER_MISMATCH:adapter:/action/destination;E_TRANSFORM_RELATION_FALSE:adapter:/action/destination
NoReleaseValidation,attack:finance:RELEASE_PREDICATE_BYPASS:2501000,finance,RELEASE_PREDICATE_BYPASS,True,1,EXECUTE,EXECUTED
NoReleaseValidation,attack:finance:RELEASE_VALUE_SUBSTITUTION:2601000,finance,RELEASE_VALUE_SUBSTITUTION,True,1,EXECUTE,EXECUTED
NoReleaseValidation,attack:finance:EXPIRED_RELEASE:2701000,finance,EXPIRED_RELEASE,True,1,EXECUTE,EXECUTED
NoReleaseValidation,attack:finance:SUBJECT_SUBSTITUTION:2801000,finance,SUBJECT_SUBSTITUTION,False,0,DENY,E_SUBJECT_SUBSTITUTION
NoReleaseValidation,attack:finance:POST_PERMIT_ACTION_SUBSTITUTION:2901000,finance,POST_PERMIT_ACTION_SUBSTITUTION,False,0,DENY,E_ACTION_SUBSTITUTION
NoReleaseValidation,attack:finance:REVOKED_GRANT:3001000,finance,REVOKED_GRANT,False,0,DENY,E_REVOKED_AT_FINALITY
NoReleaseValidation,attack:finance:CONTRACT_GUARANTEE_VIOLATION:3101000,finance,CONTRACT_GUARANTEE_VIOLATION,False,0,DENY,E_GUARANTEE_FALSE:2:canonical_destination
NoReleaseValidation,attack:devops:UNTRUSTED_FIELD_BINDING:2000,devops,UNTRUSTED_FIELD_BINDING,False,0,ESCALATE,E_UNRELEASED_FIELD:/action/parameters/commit
NoReleaseValidation,attack:devops:DROP_PROVENANCE:102000,devops,DROP_PROVENANCE,False,0,DENY,E_ENSURED_FIELD_MISSING:2:/context/protected_field_sources;E_ENSURED_FIELD_MISSING:2:/context/provenance_root;E_NOT_PRESERVED:2:/context/protected_field_sources;E_NOT_PRESERVED:2:/context/provenance_root;E_PROVENANCE_CONTEXT
NoReleaseValidation,attack:devops:PROVENANCE_VALUE_SUBSTITUTION:202000,devops,PROVENANCE_VALUE_SUBSTITUTION,False,0,DENY,E_PROVENANCE_VALUE_MISMATCH:/action/parameters/commit;E_UNDISCHARGED_ASSUMPTION:0:provenance-authenticated;E_UNDISCHARGED_ASSUMPTION:1:memory-context-preserved;E_UNDISCHARGED_ASSUMPTION:2:policy-authorized
NoReleaseValidation,attack:devops:UNTRUSTED_ROOT_PRODUCER:302000,devops,UNTRUSTED_ROOT_PRODUCER,False,0,DENY,E_UNDISCHARGED_ASSUMPTION:0:root-authenticated;E_UNDISCHARGED_ASSUMPTION:1:memory-context-preserved;E_UNDISCHARGED_ASSUMPTION:2:policy-authorized;E_UNTRUSTED_ROOT;E_UNTRUSTED_ROOT_ISSUER
NoReleaseValidation,attack:devops:ROOT_AUTHORITY_EXCEEDED:402000,devops,ROOT_AUTHORITY_EXCEEDED,False,0,DENY,E_ROOT_ACTION_SCOPE_EXCEEDED;E_ROOT_AUTHORITY_EXCEEDED;E_ROOT_OPERATION_NOT_GRANTED;E_ROOT_SCOPE_EXCEEDED;E_UNDISCHARGED_ASSUMPTION:0:root-authenticated;E_UNDISCHARGED_ASSUMPTION:1:memory-context-preserved;E_UNDISCHARGED_ASSUMPTION:2:policy-authorized
NoReleaseValidation,attack:devops:ROOT_SCOPE_EXCEEDED:502000,devops,ROOT_SCOPE_EXCEEDED,False,0,DENY,E_ROOT_ACTION_SCOPE_EXCEEDED;E_ROOT_SCOPE_EXCEEDED;E_UNDISCHARGED_ASSUMPTION:0:root-authenticated;E_UNDISCHARGED_ASSUMPTION:1:memory-context-preserved;E_UNDISCHARGED_ASSUMPTION:2:policy-authorized
NoReleaseValidation,attack:devops:ROOT_FIELD_CONSTRAINT_BYPASS:602000,devops,ROOT_FIELD_CONSTRAINT_BYPASS,False,0,DENY,E_ROOT_FIELD_CONSTRAINT:/action/parameters/commit;E_UNDISCHARGED_ASSUMPTION:0:root-authenticated;E_UNDISCHARGED_ASSUMPTION:1:memory-context-preserved;E_UNDISCHARGED_ASSUMPTION:2:policy-authorized
NoReleaseValidation,attack:devops:PRINCIPAL_SUBSTITUTION:702000,devops,PRINCIPAL_SUBSTITUTION,False,0,DENY,E_NOT_PRESERVED:2:/context/principal
NoReleaseValidation,attack:devops:AUTHORITY_AMPLIFICATION:802000,devops,AUTHORITY_AMPLIFICATION,False,0,DENY,E_AUTHORITY_AMPLIFICATION:0;E_DELEGATION_WIDENING:0;E_ILLEGAL_TRANSFORM:0:/context/authority;E_ILLEGAL_TRANSFORM:0:/context/delegation_scope;E_NOT_PRESERVED:0:/action/destination;E_NOT_PRESERVED:0:/action/function;E_NOT_PRESERVED:0:/action/operation;E_NOT_PRESERVED:0:/action/resource;E_UNDISCHARGED_ASSUMPTION:1:memory-context-preserved;E_UNDISCHARGED_ASSUMPTION:2:policy-authorized
NoReleaseValidation,attack:devops:DELEGATION_WIDENING:902000,devops,DELEGATION_WIDENING,False,0,DENY,E_DELEGATION_WIDENING:0;E_ILLEGAL_TRANSFORM:0:/context/delegation_scope;E_NOT_PRESERVED:0:/action/resource;E_UNDISCHARGED_ASSUMPTION:1:memory-context-preserved;E_UNDISCHARGED_ASSUMPTION:2:policy-authorized
NoReleaseValidation,attack:devops:ARGUMENT_MUTATION:1002000,devops,ARGUMENT_MUTATION,False,0,DENY,E_NOT_PRESERVED:2:/action/parameters/environment
NoReleaseValidation,attack:devops:DESTINATION_SUBSTITUTION:1102000,devops,DESTINATION_SUBSTITUTION,False,0,DENY,E_UNTRUSTED_TRANSFORM_ISSUER:adapter:/action/destination
NoReleaseValidation,attack:devops:TOOL_SERVER_SWAP:1202000,devops,TOOL_SERVER_SWAP,False,0,DENY,E_NOT_PRESERVED:2:/action/server_id;E_NOT_PRESERVED:2:/action/tool_manifest_digest;E_UNTRUSTED_TOOL_MANIFEST
NoReleaseValidation,attack:devops:POLICY_DOWNGRADE:1302000,devops,POLICY_DOWNGRADE,False,0,DENY,E_GUARANTEE_FALSE:2:policy_matches;E_ILLEGAL_TRANSFORM:2:/context/policy_digest;E_ILLEGAL_TRANSFORM:2:/context/policy_epoch;E_POLICY_DOWNGRADE:2;E_STALE_POLICY
NoReleaseValidation,attack:devops:NONCE_REPLAY:1402000,devops,NONCE_REPLAY,False,1,EXECUTE_ONCE,EXECUTED;IDEMPOTENT_REPLAY
NoReleaseValidation,attack:devops:ALTERNATE_PATH:1502000,devops,ALTERNATE_PATH,False,0,DENY,E_UNMEDIATED_PATH
NoReleaseValidation,attack:devops:MEMORY_LAUNDERING:1602000,devops,MEMORY_LAUNDERING,False,0,DENY,E_NOT_PRESERVED:0:/context/protected_field_sources;E_NOT_PRESERVED:0:/context/source_classes;E_UNDISCHARGED_ASSUMPTION:1:memory-context-preserved;E_UNDISCHARGED_ASSUMPTION:2:policy-authorized;E_UNRELEASED_FIELD:/action/parameters/commit
NoReleaseValidation,attack:devops:TAINT_DOWNGRADE:1702000,devops,TAINT_DOWNGRADE,False,0,DENY,E_ILLEGAL_TRANSFORM:0:/context/taint;E_TAINT_DOWNGRADE:0;E_UNDISCHARGED_ASSUMPTION:1:memory-context-preserved;E_UNDISCHARGED_ASSUMPTION:2:policy-authorized;E_UNTRACKED_DATA_CLASS
NoReleaseValidation,attack:devops:EFFECT_CLASS_DOWNGRADE:1802000,devops,EFFECT_CLASS_DOWNGRADE,False,0,DENY,E_NOT_PRESERVED:2:/action/effect_class
NoReleaseValidation,attack:devops:CONTEXT_ROOT_OMISSION:1902000,devops,CONTEXT_ROOT_OMISSION,False,0,DENY,E_CONTEXT_ROOT;E_ENSURED_FIELD_MISSING:2:/context/context_root;E_NOT_PRESERVED:2:/context/context_root
NoReleaseValidation,attack:devops:RETRY_DUPLICATE:2002000,devops,RETRY_DUPLICATE,False,1,EXECUTE_ONCE,EXECUTED;IDEMPOTENT_REPLAY
NoReleaseValidation,attack:devops:UNAUTHORISED_STAGE_SIGNER:2102000,devops,UNAUTHORISED_STAGE_SIGNER,False,0,DENY,E_UNAUTHORISED_PREDECESSOR:1;E_UNAUTHORISED_STAGE_SIGNER:0;E_UNDISCHARGED_ASSUMPTION:1:memory-context-preserved;E_UNDISCHARGED_ASSUMPTION:2:policy-authorized
NoReleaseValidation,attack:devops:RECEIPT_PRODUCER_MISMATCH:2202000,devops,RECEIPT_PRODUCER_MISMATCH,False,0,DENY,E_RECEIPT_PRODUCER_MISMATCH:0;E_UNAUTHORISED_STAGE_SIGNER:0;E_UNDISCHARGED_ASSUMPTION:1:memory-context-preserved;E_UNDISCHARGED_ASSUMPTION:2:policy-authorized
NoReleaseValidation,attack:devops:MISSING_TRANSFORM_WITNESS:2302000,devops,MISSING_TRANSFORM_WITNESS,False,0,DENY,E_MISSING_TRANSFORM_WITNESS:2:/action/destination
NoReleaseValidation,attack:devops:INVALID_TRANSFORM_WITNESS:2402000,devops,INVALID_TRANSFORM_WITNESS,False,0,DENY,E_TRANSFORM_AFTER_MISMATCH:adapter:/action/destination;E_TRANSFORM_RELATION_FALSE:adapter:/action/destination
NoReleaseValidation,attack:devops:RELEASE_PREDICATE_BYPASS:2502000,devops,RELEASE_PREDICATE_BYPASS,True,1,EXECUTE,EXECUTED
NoReleaseValidation,attack:devops:RELEASE_VALUE_SUBSTITUTION:2602000,devops,RELEASE_VALUE_SUBSTITUTION,True,1,EXECUTE,EXECUTED
NoReleaseValidation,attack:devops:EXPIRED_RELEASE:2702000,devops,EXPIRED_RELEASE,True,1,EXECUTE,EXECUTED
NoReleaseValidation,attack:devops:SUBJECT_SUBSTITUTION:2802000,devops,SUBJECT_SUBSTITUTION,False,0,DENY,E_SUBJECT_SUBSTITUTION
NoReleaseValidation,attack:devops:POST_PERMIT_ACTION_SUBSTITUTION:2902000,devops,POST_PERMIT_ACTION_SUBSTITUTION,False,0,DENY,E_ACTION_SUBSTITUTION
NoReleaseValidation,attack:devops:REVOKED_GRANT:3002000,devops,REVOKED_GRANT,False,0,DENY,E_REVOKED_AT_FINALITY
NoReleaseValidation,attack:devops:CONTRACT_GUARANTEE_VIOLATION:3102000,devops,CONTRACT_GUARANTEE_VIOLATION,False,0,DENY,E_GUARANTEE_FALSE:2:canonical_destination
NoReleaseValidation,attack:multiagent:UNTRUSTED_FIELD_BINDING:3000,multiagent,UNTRUSTED_FIELD_BINDING,False,0,ESCALATE,E_UNRELEASED_FIELD:/action/parameters/capability
NoReleaseValidation,attack:multiagent:DROP_PROVENANCE:103000,multiagent,DROP_PROVENANCE,False,0,DENY,E_ENSURED_FIELD_MISSING:2:/context/protected_field_sources;E_ENSURED_FIELD_MISSING:2:/context/provenance_root;E_NOT_PRESERVED:2:/context/protected_field_sources;E_NOT_PRESERVED:2:/context/provenance_root;E_PROVENANCE_CONTEXT
NoReleaseValidation,attack:multiagent:PROVENANCE_VALUE_SUBSTITUTION:203000,multiagent,PROVENANCE_VALUE_SUBSTITUTION,False,0,DENY,E_PROVENANCE_VALUE_MISMATCH:/action/parameters/capability;E_UNDISCHARGED_ASSUMPTION:0:provenance-authenticated;E_UNDISCHARGED_ASSUMPTION:1:memory-context-preserved;E_UNDISCHARGED_ASSUMPTION:2:policy-authorized
NoReleaseValidation,attack:multiagent:UNTRUSTED_ROOT_PRODUCER:303000,multiagent,UNTRUSTED_ROOT_PRODUCER,False,0,DENY,E_UNDISCHARGED_ASSUMPTION:0:root-authenticated;E_UNDISCHARGED_ASSUMPTION:1:memory-context-preserved;E_UNDISCHARGED_ASSUMPTION:2:policy-authorized;E_UNTRUSTED_ROOT;E_UNTRUSTED_ROOT_ISSUER
NoReleaseValidation,attack:multiagent:ROOT_AUTHORITY_EXCEEDED:403000,multiagent,ROOT_AUTHORITY_EXCEEDED,False,0,DENY,E_ROOT_ACTION_SCOPE_EXCEEDED;E_ROOT_AUTHORITY_EXCEEDED;E_ROOT_OPERATION_NOT_GRANTED;E_ROOT_SCOPE_EXCEEDED;E_UNDISCHARGED_ASSUMPTION:0:root-authenticated;E_UNDISCHARGED_ASSUMPTION:1:memory-context-preserved;E_UNDISCHARGED_ASSUMPTION:2:policy-authorized
NoReleaseValidation,attack:multiagent:ROOT_SCOPE_EXCEEDED:503000,multiagent,ROOT_SCOPE_EXCEEDED,False,0,DENY,E_ROOT_ACTION_SCOPE_EXCEEDED;E_ROOT_SCOPE_EXCEEDED;E_UNDISCHARGED_ASSUMPTION:0:root-authenticated;E_UNDISCHARGED_ASSUMPTION:1:memory-context-preserved;E_UNDISCHARGED_ASSUMPTION:2:policy-authorized
NoReleaseValidation,attack:multiagent:ROOT_FIELD_CONSTRAINT_BYPASS:603000,multiagent,ROOT_FIELD_CONSTRAINT_BYPASS,False,0,DENY,E_ROOT_FIELD_CONSTRAINT:/action/parameters/capability;E_UNDISCHARGED_ASSUMPTION:0:root-authenticated;E_UNDISCHARGED_ASSUMPTION:1:memory-context-preserved;E_UNDISCHARGED_ASSUMPTION:2:policy-authorized
NoReleaseValidation,attack:multiagent:PRINCIPAL_SUBSTITUTION:703000,multiagent,PRINCIPAL_SUBSTITUTION,False,0,DENY,E_NOT_PRESERVED:2:/context/principal
NoReleaseValidation,attack:multiagent:AUTHORITY_AMPLIFICATION:803000,multiagent,AUTHORITY_AMPLIFICATION,False,0,DENY,E_AUTHORITY_AMPLIFICATION:0;E_DELEGATION_WIDENING:0;E_ILLEGAL_TRANSFORM:0:/context/authority;E_ILLEGAL_TRANSFORM:0:/context/delegation_scope;E_NOT_PRESERVED:0:/action/destination;E_NOT_PRESERVED:0:/action/function;E_NOT_PRESERVED:0:/action/operation;E_NOT_PRESERVED:0:/action/resource;E_UNDISCHARGED_ASSUMPTION:1:memory-context-preserved;E_UNDISCHARGED_ASSUMPTION:2:policy-authorized
NoReleaseValidation,attack:multiagent:DELEGATION_WIDENING:903000,multiagent,DELEGATION_WIDENING,False,0,DENY,E_DELEGATION_WIDENING:0;E_ILLEGAL_TRANSFORM:0:/context/delegation_scope;E_NOT_PRESERVED:0:/action/resource;E_UNDISCHARGED_ASSUMPTION:1:memory-context-preserved;E_UNDISCHARGED_ASSUMPTION:2:policy-authorized
NoReleaseValidation,attack:multiagent:ARGUMENT_MUTATION:1003000,multiagent,ARGUMENT_MUTATION,False,0,DENY,E_NOT_PRESERVED:2:/action/parameters/max_depth
NoReleaseValidation,attack:multiagent:DESTINATION_SUBSTITUTION:1103000,multiagent,DESTINATION_SUBSTITUTION,False,0,DENY,E_UNTRUSTED_TRANSFORM_ISSUER:adapter:/action/destination
NoReleaseValidation,attack:multiagent:TOOL_SERVER_SWAP:1203000,multiagent,TOOL_SERVER_SWAP,False,0,DENY,E_NOT_PRESERVED:2:/action/server_id;E_NOT_PRESERVED:2:/action/tool_manifest_digest;E_UNTRUSTED_TOOL_MANIFEST
NoReleaseValidation,attack:multiagent:POLICY_DOWNGRADE:1303000,multiagent,POLICY_DOWNGRADE,False,0,DENY,E_GUARANTEE_FALSE:2:policy_matches;E_ILLEGAL_TRANSFORM:2:/context/policy_digest;E_ILLEGAL_TRANSFORM:2:/context/policy_epoch;E_POLICY_DOWNGRADE:2;E_STALE_POLICY
NoReleaseValidation,attack:multiagent:NONCE_REPLAY:1403000,multiagent,NONCE_REPLAY,False,1,EXECUTE_ONCE,EXECUTED;IDEMPOTENT_REPLAY
NoReleaseValidation,attack:multiagent:ALTERNATE_PATH:1503000,multiagent,ALTERNATE_PATH,False,0,DENY,E_UNMEDIATED_PATH
NoReleaseValidation,attack:multiagent:MEMORY_LAUNDERING:1603000,multiagent,MEMORY_LAUNDERING,False,0,DENY,E_NOT_PRESERVED:0:/context/protected_field_sources;E_NOT_PRESERVED:0:/context/source_classes;E_UNDISCHARGED_ASSUMPTION:1:memory-context-preserved;E_UNDISCHARGED_ASSUMPTION:2:policy-authorized;E_UNRELEASED_FIELD:/action/parameters/capability
NoReleaseValidation,attack:multiagent:TAINT_DOWNGRADE:1703000,multiagent,TAINT_DOWNGRADE,False,0,DENY,E_ILLEGAL_TRANSFORM:0:/context/taint;E_TAINT_DOWNGRADE:0;E_UNDISCHARGED_ASSUMPTION:1:memory-context-preserved;E_UNDISCHARGED_ASSUMPTION:2:policy-authorized;E_UNTRACKED_DATA_CLASS
NoReleaseValidation,attack:multiagent:EFFECT_CLASS_DOWNGRADE:1803000,multiagent,EFFECT_CLASS_DOWNGRADE,False,0,DENY,E_NOT_PRESERVED:2:/action/effect_class
NoReleaseValidation,attack:multiagent:CONTEXT_ROOT_OMISSION:1903000,multiagent,CONTEXT_ROOT_OMISSION,False,0,DENY,E_CONTEXT_ROOT;E_ENSURED_FIELD_MISSING:2:/context/context_root;E_NOT_PRESERVED:2:/context/context_root
NoReleaseValidation,attack:multiagent:RETRY_DUPLICATE:2003000,multiagent,RETRY_DUPLICATE,False,1,EXECUTE_ONCE,EXECUTED;IDEMPOTENT_REPLAY
NoReleaseValidation,attack:multiagent:UNAUTHORISED_STAGE_SIGNER:2103000,multiagent,UNAUTHORISED_STAGE_SIGNER,False,0,DENY,E_UNAUTHORISED_PREDECESSOR:1;E_UNAUTHORISED_STAGE_SIGNER:0;E_UNDISCHARGED_ASSUMPTION:1:memory-context-preserved;E_UNDISCHARGED_ASSUMPTION:2:policy-authorized
NoReleaseValidation,attack:multiagent:RECEIPT_PRODUCER_MISMATCH:2203000,multiagent,RECEIPT_PRODUCER_MISMATCH,False,0,DENY,E_RECEIPT_PRODUCER_MISMATCH:0;E_UNAUTHORISED_STAGE_SIGNER:0;E_UNDISCHARGED_ASSUMPTION:1:memory-context-preserved;E_UNDISCHARGED_ASSUMPTION:2:policy-authorized
NoReleaseValidation,attack:multiagent:MISSING_TRANSFORM_WITNESS:2303000,multiagent,MISSING_TRANSFORM_WITNESS,False,0,DENY,E_MISSING_TRANSFORM_WITNESS:2:/action/destination
NoReleaseValidation,attack:multiagent:INVALID_TRANSFORM_WITNESS:2403000,multiagent,INVALID_TRANSFORM_WITNESS,False,0,DENY,E_TRANSFORM_AFTER_MISMATCH:adapter:/action/destination;E_TRANSFORM_RELATION_FALSE:adapter:/action/destination
NoReleaseValidation,attack:multiagent:RELEASE_PREDICATE_BYPASS:2503000,multiagent,RELEASE_PREDICATE_BYPASS,True,1,EXECUTE,EXECUTED
NoReleaseValidation,attack:multiagent:RELEASE_VALUE_SUBSTITUTION:2603000,multiagent,RELEASE_VALUE_SUBSTITUTION,True,1,EXECUTE,EXECUTED
NoReleaseValidation,attack:multiagent:EXPIRED_RELEASE:2703000,multiagent,EXPIRED_RELEASE,True,1,EXECUTE,EXECUTED
NoReleaseValidation,attack:multiagent:SUBJECT_SUBSTITUTION:2803000,multiagent,SUBJECT_SUBSTITUTION,False,0,DENY,E_SUBJECT_SUBSTITUTION
NoReleaseValidation,attack:multiagent:POST_PERMIT_ACTION_SUBSTITUTION:2903000,multiagent,POST_PERMIT_ACTION_SUBSTITUTION,False,0,DENY,E_ACTION_SUBSTITUTION
NoReleaseValidation,attack:multiagent:REVOKED_GRANT:3003000,multiagent,REVOKED_GRANT,False,0,DENY,E_REVOKED_AT_FINALITY
NoReleaseValidation,attack:multiagent:CONTRACT_GUARANTEE_VIOLATION:3103000,multiagent,CONTRACT_GUARANTEE_VIOLATION,False,0,DENY,E_GUARANTEE_FALSE:2:canonical_destination
NoFieldProvenance,attack:workspace:UNTRUSTED_FIELD_BINDING:0,workspace,UNTRUSTED_FIELD_BINDING,True,1,EXECUTE,EXECUTED
NoFieldProvenance,attack:workspace:DROP_PROVENANCE:100000,workspace,DROP_PROVENANCE,True,1,EXECUTE,EXECUTED
NoFieldProvenance,attack:workspace:PROVENANCE_VALUE_SUBSTITUTION:200000,workspace,PROVENANCE_VALUE_SUBSTITUTION,True,1,EXECUTE,EXECUTED
NoFieldProvenance,attack:workspace:UNTRUSTED_ROOT_PRODUCER:300000,workspace,UNTRUSTED_ROOT_PRODUCER,False,0,DENY,E_UNDISCHARGED_ASSUMPTION:0:root-authenticated;E_UNDISCHARGED_ASSUMPTION:1:memory-context-preserved;E_UNDISCHARGED_ASSUMPTION:2:policy-authorized;E_UNTRUSTED_ROOT;E_UNTRUSTED_ROOT_ISSUER
NoFieldProvenance,attack:workspace:ROOT_AUTHORITY_EXCEEDED:400000,workspace,ROOT_AUTHORITY_EXCEEDED,False,0,DENY,E_ROOT_ACTION_SCOPE_EXCEEDED;E_ROOT_AUTHORITY_EXCEEDED;E_ROOT_OPERATION_NOT_GRANTED;E_ROOT_SCOPE_EXCEEDED;E_UNDISCHARGED_ASSUMPTION:0:root-authenticated;E_UNDISCHARGED_ASSUMPTION:1:memory-context-preserved;E_UNDISCHARGED_ASSUMPTION:2:policy-authorized
NoFieldProvenance,attack:workspace:ROOT_SCOPE_EXCEEDED:500000,workspace,ROOT_SCOPE_EXCEEDED,False,0,DENY,E_ROOT_ACTION_SCOPE_EXCEEDED;E_ROOT_SCOPE_EXCEEDED;E_UNDISCHARGED_ASSUMPTION:0:root-authenticated;E_UNDISCHARGED_ASSUMPTION:1:memory-context-preserved;E_UNDISCHARGED_ASSUMPTION:2:policy-authorized
NoFieldProvenance,attack:workspace:ROOT_FIELD_CONSTRAINT_BYPASS:600000,workspace,ROOT_FIELD_CONSTRAINT_BYPASS,False,0,DENY,E_ROOT_FIELD_CONSTRAINT:/action/destination;E_UNDISCHARGED_ASSUMPTION:0:root-authenticated;E_UNDISCHARGED_ASSUMPTION:1:memory-context-preserved;E_UNDISCHARGED_ASSUMPTION:2:policy-authorized
NoFieldProvenance,attack:workspace:PRINCIPAL_SUBSTITUTION:700000,workspace,PRINCIPAL_SUBSTITUTION,False,0,DENY,E_NOT_PRESERVED:2:/context/principal
NoFieldProvenance,attack:workspace:AUTHORITY_AMPLIFICATION:800000,workspace,AUTHORITY_AMPLIFICATION,False,0,DENY,E_AUTHORITY_AMPLIFICATION:0;E_DELEGATION_WIDENING:0;E_ILLEGAL_TRANSFORM:0:/context/authority;E_ILLEGAL_TRANSFORM:0:/context/delegation_scope;E_NOT_PRESERVED:0:/action/destination;E_NOT_PRESERVED:0:/action/function;E_NOT_PRESERVED:0:/action/operation;E_NOT_PRESERVED:0:/action/resource;E_UNDISCHARGED_ASSUMPTION:1:memory-context-preserved;E_UNDISCHARGED_ASSUMPTION:2:policy-authorized
NoFieldProvenance,attack:workspace:DELEGATION_WIDENING:900000,workspace,DELEGATION_WIDENING,False,0,DENY,E_DELEGATION_WIDENING:0;E_ILLEGAL_TRANSFORM:0:/context/delegation_scope;E_NOT_PRESERVED:0:/action/resource;E_UNDISCHARGED_ASSUMPTION:1:memory-context-preserved;E_UNDISCHARGED_ASSUMPTION:2:policy-authorized
NoFieldProvenance,attack:workspace:ARGUMENT_MUTATION:1000000,workspace,ARGUMENT_MUTATION,False,0,DENY,E_NOT_PRESERVED:2:/action/parameters/body
NoFieldProvenance,attack:workspace:DESTINATION_SUBSTITUTION:1100000,workspace,DESTINATION_SUBSTITUTION,False,0,DENY,E_UNTRUSTED_TRANSFORM_ISSUER:adapter:/action/destination
NoFieldProvenance,attack:workspace:TOOL_SERVER_SWAP:1200000,workspace,TOOL_SERVER_SWAP,False,0,DENY,E_NOT_PRESERVED:2:/action/server_id;E_NOT_PRESERVED:2:/action/tool_manifest_digest;E_UNTRUSTED_TOOL_MANIFEST
NoFieldProvenance,attack:workspace:POLICY_DOWNGRADE:1300000,workspace,POLICY_DOWNGRADE,False,0,DENY,E_GUARANTEE_FALSE:2:policy_matches;E_ILLEGAL_TRANSFORM:2:/context/policy_digest;E_ILLEGAL_TRANSFORM:2:/context/policy_epoch;E_POLICY_DOWNGRADE:2;E_STALE_POLICY
NoFieldProvenance,attack:workspace:NONCE_REPLAY:1400000,workspace,NONCE_REPLAY,False,1,EXECUTE_ONCE,EXECUTED;IDEMPOTENT_REPLAY
NoFieldProvenance,attack:workspace:ALTERNATE_PATH:1500000,workspace,ALTERNATE_PATH,False,0,DENY,E_UNMEDIATED_PATH
NoFieldProvenance,attack:workspace:MEMORY_LAUNDERING:1600000,workspace,MEMORY_LAUNDERING,True,1,EXECUTE,EXECUTED
NoFieldProvenance,attack:workspace:TAINT_DOWNGRADE:1700000,workspace,TAINT_DOWNGRADE,False,0,DENY,E_ILLEGAL_TRANSFORM:0:/context/taint;E_TAINT_DOWNGRADE:0;E_UNDISCHARGED_ASSUMPTION:1:memory-context-preserved;E_UNDISCHARGED_ASSUMPTION:2:policy-authorized;E_UNTRACKED_DATA_CLASS
NoFieldProvenance,attack:workspace:EFFECT_CLASS_DOWNGRADE:1800000,workspace,EFFECT_CLASS_DOWNGRADE,False,0,DENY,E_NOT_PRESERVED:2:/action/effect_class
NoFieldProvenance,attack:workspace:CONTEXT_ROOT_OMISSION:1900000,workspace,CONTEXT_ROOT_OMISSION,False,0,DENY,E_CONTEXT_ROOT;E_ENSURED_FIELD_MISSING:2:/context/context_root;E_NOT_PRESERVED:2:/context/context_root
NoFieldProvenance,attack:workspace:RETRY_DUPLICATE:2000000,workspace,RETRY_DUPLICATE,False,1,EXECUTE_ONCE,EXECUTED;IDEMPOTENT_REPLAY
NoFieldProvenance,attack:workspace:UNAUTHORISED_STAGE_SIGNER:2100000,workspace,UNAUTHORISED_STAGE_SIGNER,False,0,DENY,E_UNAUTHORISED_PREDECESSOR:1;E_UNAUTHORISED_STAGE_SIGNER:0;E_UNDISCHARGED_ASSUMPTION:1:memory-context-preserved;E_UNDISCHARGED_ASSUMPTION:2:policy-authorized
NoFieldProvenance,attack:workspace:RECEIPT_PRODUCER_MISMATCH:2200000,workspace,RECEIPT_PRODUCER_MISMATCH,False,0,DENY,E_RECEIPT_PRODUCER_MISMATCH:0;E_UNAUTHORISED_STAGE_SIGNER:0;E_UNDISCHARGED_ASSUMPTION:1:memory-context-preserved;E_UNDISCHARGED_ASSUMPTION:2:policy-authorized
NoFieldProvenance,attack:workspace:MISSING_TRANSFORM_WITNESS:2300000,workspace,MISSING_TRANSFORM_WITNESS,False,0,DENY,E_MISSING_TRANSFORM_WITNESS:2:/action/destination
NoFieldProvenance,attack:workspace:INVALID_TRANSFORM_WITNESS:2400000,workspace,INVALID_TRANSFORM_WITNESS,False,0,DENY,E_TRANSFORM_AFTER_MISMATCH:adapter:/action/destination;E_TRANSFORM_RELATION_FALSE:adapter:/action/destination
NoFieldProvenance,attack:workspace:RELEASE_PREDICATE_BYPASS:2500000,workspace,RELEASE_PREDICATE_BYPASS,True,1,EXECUTE,EXECUTED
NoFieldProvenance,attack:workspace:RELEASE_VALUE_SUBSTITUTION:2600000,workspace,RELEASE_VALUE_SUBSTITUTION,True,1,EXECUTE,EXECUTED
NoFieldProvenance,attack:workspace:EXPIRED_RELEASE:2700000,workspace,EXPIRED_RELEASE,False,0,DENY,E_EXPIRED_RELEASE:release:workspace:attack:EXPIRED_RELEASE:2700000
NoFieldProvenance,attack:workspace:SUBJECT_SUBSTITUTION:2800000,workspace,SUBJECT_SUBSTITUTION,False,0,DENY,E_SUBJECT_SUBSTITUTION
NoFieldProvenance,attack:workspace:POST_PERMIT_ACTION_SUBSTITUTION:2900000,workspace,POST_PERMIT_ACTION_SUBSTITUTION,False,0,DENY,E_ACTION_SUBSTITUTION
NoFieldProvenance,attack:workspace:REVOKED_GRANT:3000000,workspace,REVOKED_GRANT,False,0,DENY,E_REVOKED_AT_FINALITY
NoFieldProvenance,attack:workspace:CONTRACT_GUARANTEE_VIOLATION:3100000,workspace,CONTRACT_GUARANTEE_VIOLATION,False,0,DENY,E_GUARANTEE_FALSE:2:canonical_destination
NoFieldProvenance,attack:finance:UNTRUSTED_FIELD_BINDING:1000,finance,UNTRUSTED_FIELD_BINDING,True,1,EXECUTE,EXECUTED
NoFieldProvenance,attack:finance:DROP_PROVENANCE:101000,finance,DROP_PROVENANCE,True,1,EXECUTE,EXECUTED
NoFieldProvenance,attack:finance:PROVENANCE_VALUE_SUBSTITUTION:201000,finance,PROVENANCE_VALUE_SUBSTITUTION,True,1,EXECUTE,EXECUTED
NoFieldProvenance,attack:finance:UNTRUSTED_ROOT_PRODUCER:301000,finance,UNTRUSTED_ROOT_PRODUCER,False,0,DENY,E_UNDISCHARGED_ASSUMPTION:0:root-authenticated;E_UNDISCHARGED_ASSUMPTION:1:memory-context-preserved;E_UNDISCHARGED_ASSUMPTION:2:policy-authorized;E_UNTRUSTED_ROOT;E_UNTRUSTED_ROOT_ISSUER
NoFieldProvenance,attack:finance:ROOT_AUTHORITY_EXCEEDED:401000,finance,ROOT_AUTHORITY_EXCEEDED,False,0,DENY,E_ROOT_ACTION_SCOPE_EXCEEDED;E_ROOT_AUTHORITY_EXCEEDED;E_ROOT_OPERATION_NOT_GRANTED;E_ROOT_SCOPE_EXCEEDED;E_UNDISCHARGED_ASSUMPTION:0:root-authenticated;E_UNDISCHARGED_ASSUMPTION:1:memory-context-preserved;E_UNDISCHARGED_ASSUMPTION:2:policy-authorized
NoFieldProvenance,attack:finance:ROOT_SCOPE_EXCEEDED:501000,finance,ROOT_SCOPE_EXCEEDED,False,0,DENY,E_ROOT_ACTION_SCOPE_EXCEEDED;E_ROOT_SCOPE_EXCEEDED;E_UNDISCHARGED_ASSUMPTION:0:root-authenticated;E_UNDISCHARGED_ASSUMPTION:1:memory-context-preserved;E_UNDISCHARGED_ASSUMPTION:2:policy-authorized
NoFieldProvenance,attack:finance:ROOT_FIELD_CONSTRAINT_BYPASS:601000,finance,ROOT_FIELD_CONSTRAINT_BYPASS,False,0,DENY,E_ROOT_FIELD_CONSTRAINT:/action/parameters/amount_cents;E_UNDISCHARGED_ASSUMPTION:0:root-authenticated;E_UNDISCHARGED_ASSUMPTION:1:memory-context-preserved;E_UNDISCHARGED_ASSUMPTION:2:policy-authorized
NoFieldProvenance,attack:finance:PRINCIPAL_SUBSTITUTION:701000,finance,PRINCIPAL_SUBSTITUTION,False,0,DENY,E_NOT_PRESERVED:2:/context/principal
NoFieldProvenance,attack:finance:AUTHORITY_AMPLIFICATION:801000,finance,AUTHORITY_AMPLIFICATION,False,0,DENY,E_AUTHORITY_AMPLIFICATION:0;E_DELEGATION_WIDENING:0;E_ILLEGAL_TRANSFORM:0:/context/authority;E_ILLEGAL_TRANSFORM:0:/context/delegation_scope;E_NOT_PRESERVED:0:/action/destination;E_NOT_PRESERVED:0:/action/function;E_NOT_PRESERVED:0:/action/operation;E_NOT_PRESERVED:0:/action/resource;E_UNDISCHARGED_ASSUMPTION:1:memory-context-preserved;E_UNDISCHARGED_ASSUMPTION:2:policy-authorized
NoFieldProvenance,attack:finance:DELEGATION_WIDENING:901000,finance,DELEGATION_WIDENING,False,0,DENY,E_DELEGATION_WIDENING:0;E_ILLEGAL_TRANSFORM:0:/context/delegation_scope;E_NOT_PRESERVED:0:/action/resource;E_UNDISCHARGED_ASSUMPTION:1:memory-context-preserved;E_UNDISCHARGED_ASSUMPTION:2:policy-authorized
NoFieldProvenance,attack:finance:ARGUMENT_MUTATION:1001000,finance,ARGUMENT_MUTATION,False,0,DENY,E_NOT_PRESERVED:2:/action/parameters/amount_cents
NoFieldProvenance,attack:finance:DESTINATION_SUBSTITUTION:1101000,finance,DESTINATION_SUBSTITUTION,False,0,DENY,E_UNTRUSTED_TRANSFORM_ISSUER:adapter:/action/destination
NoFieldProvenance,attack:finance:TOOL_SERVER_SWAP:1201000,finance,TOOL_SERVER_SWAP,False,0,DENY,E_NOT_PRESERVED:2:/action/server_id;E_NOT_PRESERVED:2:/action/tool_manifest_digest;E_UNTRUSTED_TOOL_MANIFEST
NoFieldProvenance,attack:finance:POLICY_DOWNGRADE:1301000,finance,POLICY_DOWNGRADE,False,0,DENY,E_GUARANTEE_FALSE:2:policy_matches;E_ILLEGAL_TRANSFORM:2:/context/policy_digest;E_ILLEGAL_TRANSFORM:2:/context/policy_epoch;E_POLICY_DOWNGRADE:2;E_STALE_POLICY
NoFieldProvenance,attack:finance:NONCE_REPLAY:1401000,finance,NONCE_REPLAY,False,1,EXECUTE_ONCE,EXECUTED;IDEMPOTENT_REPLAY
NoFieldProvenance,attack:finance:ALTERNATE_PATH:1501000,finance,ALTERNATE_PATH,False,0,DENY,E_UNMEDIATED_PATH
NoFieldProvenance,attack:finance:MEMORY_LAUNDERING:1601000,finance,MEMORY_LAUNDERING,True,1,EXECUTE,EXECUTED
NoFieldProvenance,attack:finance:TAINT_DOWNGRADE:1701000,finance,TAINT_DOWNGRADE,False,0,DENY,E_ILLEGAL_TRANSFORM:0:/context/taint;E_TAINT_DOWNGRADE:0;E_UNDISCHARGED_ASSUMPTION:1:memory-context-preserved;E_UNDISCHARGED_ASSUMPTION:2:policy-authorized;E_UNTRACKED_DATA_CLASS
NoFieldProvenance,attack:finance:EFFECT_CLASS_DOWNGRADE:1801000,finance,EFFECT_CLASS_DOWNGRADE,False,0,DENY,E_NOT_PRESERVED:2:/action/effect_class
NoFieldProvenance,attack:finance:CONTEXT_ROOT_OMISSION:1901000,finance,CONTEXT_ROOT_OMISSION,False,0,DENY,E_CONTEXT_ROOT;E_ENSURED_FIELD_MISSING:2:/context/context_root;E_NOT_PRESERVED:2:/context/context_root
NoFieldProvenance,attack:finance:RETRY_DUPLICATE:2001000,finance,RETRY_DUPLICATE,False,1,EXECUTE_ONCE,EXECUTED;IDEMPOTENT_REPLAY
NoFieldProvenance,attack:finance:UNAUTHORISED_STAGE_SIGNER:2101000,finance,UNAUTHORISED_STAGE_SIGNER,False,0,DENY,E_UNAUTHORISED_PREDECESSOR:1;E_UNAUTHORISED_STAGE_SIGNER:0;E_UNDISCHARGED_ASSUMPTION:1:memory-context-preserved;E_UNDISCHARGED_ASSUMPTION:2:policy-authorized
NoFieldProvenance,attack:finance:RECEIPT_PRODUCER_MISMATCH:2201000,finance,RECEIPT_PRODUCER_MISMATCH,False,0,DENY,E_RECEIPT_PRODUCER_MISMATCH:0;E_UNAUTHORISED_STAGE_SIGNER:0;E_UNDISCHARGED_ASSUMPTION:1:memory-context-preserved;E_UNDISCHARGED_ASSUMPTION:2:policy-authorized
NoFieldProvenance,attack:finance:MISSING_TRANSFORM_WITNESS:2301000,finance,MISSING_TRANSFORM_WITNESS,False,0,DENY,E_MISSING_TRANSFORM_WITNESS:2:/action/destination
NoFieldProvenance,attack:finance:INVALID_TRANSFORM_WITNESS:2401000,finance,INVALID_TRANSFORM_WITNESS,False,0,DENY,E_TRANSFORM_AFTER_MISMATCH:adapter:/action/destination;E_TRANSFORM_RELATION_FALSE:adapter:/action/destination
NoFieldProvenance,attack:finance:RELEASE_PREDICATE_BYPASS:2501000,finance,RELEASE_PREDICATE_BYPASS,True,1,EXECUTE,EXECUTED
NoFieldProvenance,attack:finance:RELEASE_VALUE_SUBSTITUTION:2601000,finance,RELEASE_VALUE_SUBSTITUTION,True,1,EXECUTE,EXECUTED
NoFieldProvenance,attack:finance:EXPIRED_RELEASE:2701000,finance,EXPIRED_RELEASE,False,0,DENY,E_EXPIRED_RELEASE:release:finance:attack:EXPIRED_RELEASE:2701000
NoFieldProvenance,attack:finance:SUBJECT_SUBSTITUTION:2801000,finance,SUBJECT_SUBSTITUTION,False,0,DENY,E_SUBJECT_SUBSTITUTION
NoFieldProvenance,attack:finance:POST_PERMIT_ACTION_SUBSTITUTION:2901000,finance,POST_PERMIT_ACTION_SUBSTITUTION,False,0,DENY,E_ACTION_SUBSTITUTION
NoFieldProvenance,attack:finance:REVOKED_GRANT:3001000,finance,REVOKED_GRANT,False,0,DENY,E_REVOKED_AT_FINALITY
NoFieldProvenance,attack:finance:CONTRACT_GUARANTEE_VIOLATION:3101000,finance,CONTRACT_GUARANTEE_VIOLATION,False,0,DENY,E_GUARANTEE_FALSE:2:canonical_destination
NoFieldProvenance,attack:devops:UNTRUSTED_FIELD_BINDING:2000,devops,UNTRUSTED_FIELD_BINDING,True,1,EXECUTE,EXECUTED
NoFieldProvenance,attack:devops:DROP_PROVENANCE:102000,devops,DROP_PROVENANCE,True,1,EXECUTE,EXECUTED
NoFieldProvenance,attack:devops:PROVENANCE_VALUE_SUBSTITUTION:202000,devops,PROVENANCE_VALUE_SUBSTITUTION,True,1,EXECUTE,EXECUTED
NoFieldProvenance,attack:devops:UNTRUSTED_ROOT_PRODUCER:302000,devops,UNTRUSTED_ROOT_PRODUCER,False,0,DENY,E_UNDISCHARGED_ASSUMPTION:0:root-authenticated;E_UNDISCHARGED_ASSUMPTION:1:memory-context-preserved;E_UNDISCHARGED_ASSUMPTION:2:policy-authorized;E_UNTRUSTED_ROOT;E_UNTRUSTED_ROOT_ISSUER
NoFieldProvenance,attack:devops:ROOT_AUTHORITY_EXCEEDED:402000,devops,ROOT_AUTHORITY_EXCEEDED,False,0,DENY,E_ROOT_ACTION_SCOPE_EXCEEDED;E_ROOT_AUTHORITY_EXCEEDED;E_ROOT_OPERATION_NOT_GRANTED;E_ROOT_SCOPE_EXCEEDED;E_UNDISCHARGED_ASSUMPTION:0:root-authenticated;E_UNDISCHARGED_ASSUMPTION:1:memory-context-preserved;E_UNDISCHARGED_ASSUMPTION:2:policy-authorized
NoFieldProvenance,attack:devops:ROOT_SCOPE_EXCEEDED:502000,devops,ROOT_SCOPE_EXCEEDED,False,0,DENY,E_ROOT_ACTION_SCOPE_EXCEEDED;E_ROOT_SCOPE_EXCEEDED;E_UNDISCHARGED_ASSUMPTION:0:root-authenticated;E_UNDISCHARGED_ASSUMPTION:1:memory-context-preserved;E_UNDISCHARGED_ASSUMPTION:2:policy-authorized
NoFieldProvenance,attack:devops:ROOT_FIELD_CONSTRAINT_BYPASS:602000,devops,ROOT_FIELD_CONSTRAINT_BYPASS,False,0,DENY,E_ROOT_FIELD_CONSTRAINT:/action/parameters/commit;E_UNDISCHARGED_ASSUMPTION:0:root-authenticated;E_UNDISCHARGED_ASSUMPTION:1:memory-context-preserved;E_UNDISCHARGED_ASSUMPTION:2:policy-authorized
NoFieldProvenance,attack:devops:PRINCIPAL_SUBSTITUTION:702000,devops,PRINCIPAL_SUBSTITUTION,False,0,DENY,E_NOT_PRESERVED:2:/context/principal
NoFieldProvenance,attack:devops:AUTHORITY_AMPLIFICATION:802000,devops,AUTHORITY_AMPLIFICATION,False,0,DENY,E_AUTHORITY_AMPLIFICATION:0;E_DELEGATION_WIDENING:0;E_ILLEGAL_TRANSFORM:0:/context/authority;E_ILLEGAL_TRANSFORM:0:/context/delegation_scope;E_NOT_PRESERVED:0:/action/destination;E_NOT_PRESERVED:0:/action/function;E_NOT_PRESERVED:0:/action/operation;E_NOT_PRESERVED:0:/action/resource;E_UNDISCHARGED_ASSUMPTION:1:memory-context-preserved;E_UNDISCHARGED_ASSUMPTION:2:policy-authorized
NoFieldProvenance,attack:devops:DELEGATION_WIDENING:902000,devops,DELEGATION_WIDENING,False,0,DENY,E_DELEGATION_WIDENING:0;E_ILLEGAL_TRANSFORM:0:/context/delegation_scope;E_NOT_PRESERVED:0:/action/resource;E_UNDISCHARGED_ASSUMPTION:1:memory-context-preserved;E_UNDISCHARGED_ASSUMPTION:2:policy-authorized
NoFieldProvenance,attack:devops:ARGUMENT_MUTATION:1002000,devops,ARGUMENT_MUTATION,False,0,DENY,E_NOT_PRESERVED:2:/action/parameters/environment
NoFieldProvenance,attack:devops:DESTINATION_SUBSTITUTION:1102000,devops,DESTINATION_SUBSTITUTION,False,0,DENY,E_UNTRUSTED_TRANSFORM_ISSUER:adapter:/action/destination
NoFieldProvenance,attack:devops:TOOL_SERVER_SWAP:1202000,devops,TOOL_SERVER_SWAP,False,0,DENY,E_NOT_PRESERVED:2:/action/server_id;E_NOT_PRESERVED:2:/action/tool_manifest_digest;E_UNTRUSTED_TOOL_MANIFEST
NoFieldProvenance,attack:devops:POLICY_DOWNGRADE:1302000,devops,POLICY_DOWNGRADE,False,0,DENY,E_GUARANTEE_FALSE:2:policy_matches;E_ILLEGAL_TRANSFORM:2:/context/policy_digest;E_ILLEGAL_TRANSFORM:2:/context/policy_epoch;E_POLICY_DOWNGRADE:2;E_STALE_POLICY
NoFieldProvenance,attack:devops:NONCE_REPLAY:1402000,devops,NONCE_REPLAY,False,1,EXECUTE_ONCE,EXECUTED;IDEMPOTENT_REPLAY
NoFieldProvenance,attack:devops:ALTERNATE_PATH:1502000,devops,ALTERNATE_PATH,False,0,DENY,E_UNMEDIATED_PATH
NoFieldProvenance,attack:devops:MEMORY_LAUNDERING:1602000,devops,MEMORY_LAUNDERING,True,1,EXECUTE,EXECUTED
NoFieldProvenance,attack:devops:TAINT_DOWNGRADE:1702000,devops,TAINT_DOWNGRADE,False,0,DENY,E_ILLEGAL_TRANSFORM:0:/context/taint;E_TAINT_DOWNGRADE:0;E_UNDISCHARGED_ASSUMPTION:1:memory-context-preserved;E_UNDISCHARGED_ASSUMPTION:2:policy-authorized;E_UNTRACKED_DATA_CLASS
NoFieldProvenance,attack:devops:EFFECT_CLASS_DOWNGRADE:1802000,devops,EFFECT_CLASS_DOWNGRADE,False,0,DENY,E_NOT_PRESERVED:2:/action/effect_class
NoFieldProvenance,attack:devops:CONTEXT_ROOT_OMISSION:1902000,devops,CONTEXT_ROOT_OMISSION,False,0,DENY,E_CONTEXT_ROOT;E_ENSURED_FIELD_MISSING:2:/context/context_root;E_NOT_PRESERVED:2:/context/context_root
NoFieldProvenance,attack:devops:RETRY_DUPLICATE:2002000,devops,RETRY_DUPLICATE,False,1,EXECUTE_ONCE,EXECUTED;IDEMPOTENT_REPLAY
NoFieldProvenance,attack:devops:UNAUTHORISED_STAGE_SIGNER:2102000,devops,UNAUTHORISED_STAGE_SIGNER,False,0,DENY,E_UNAUTHORISED_PREDECESSOR:1;E_UNAUTHORISED_STAGE_SIGNER:0;E_UNDISCHARGED_ASSUMPTION:1:memory-context-preserved;E_UNDISCHARGED_ASSUMPTION:2:policy-authorized
NoFieldProvenance,attack:devops:RECEIPT_PRODUCER_MISMATCH:2202000,devops,RECEIPT_PRODUCER_MISMATCH,False,0,DENY,E_RECEIPT_PRODUCER_MISMATCH:0;E_UNAUTHORISED_STAGE_SIGNER:0;E_UNDISCHARGED_ASSUMPTION:1:memory-context-preserved;E_UNDISCHARGED_ASSUMPTION:2:policy-authorized
NoFieldProvenance,attack:devops:MISSING_TRANSFORM_WITNESS:2302000,devops,MISSING_TRANSFORM_WITNESS,False,0,DENY,E_MISSING_TRANSFORM_WITNESS:2:/action/destination
NoFieldProvenance,attack:devops:INVALID_TRANSFORM_WITNESS:2402000,devops,INVALID_TRANSFORM_WITNESS,False,0,DENY,E_TRANSFORM_AFTER_MISMATCH:adapter:/action/destination;E_TRANSFORM_RELATION_FALSE:adapter:/action/destination
NoFieldProvenance,attack:devops:RELEASE_PREDICATE_BYPASS:2502000,devops,RELEASE_PREDICATE_BYPASS,True,1,EXECUTE,EXECUTED
NoFieldProvenance,attack:devops:RELEASE_VALUE_SUBSTITUTION:2602000,devops,RELEASE_VALUE_SUBSTITUTION,True,1,EXECUTE,EXECUTED
NoFieldProvenance,attack:devops:EXPIRED_RELEASE:2702000,devops,EXPIRED_RELEASE,False,0,DENY,E_EXPIRED_RELEASE:release:devops:attack:EXPIRED_RELEASE:2702000
NoFieldProvenance,attack:devops:SUBJECT_SUBSTITUTION:2802000,devops,SUBJECT_SUBSTITUTION,False,0,DENY,E_SUBJECT_SUBSTITUTION
NoFieldProvenance,attack:devops:POST_PERMIT_ACTION_SUBSTITUTION:2902000,devops,POST_PERMIT_ACTION_SUBSTITUTION,False,0,DENY,E_ACTION_SUBSTITUTION
NoFieldProvenance,attack:devops:REVOKED_GRANT:3002000,devops,REVOKED_GRANT,False,0,DENY,E_REVOKED_AT_FINALITY
NoFieldProvenance,attack:devops:CONTRACT_GUARANTEE_VIOLATION:3102000,devops,CONTRACT_GUARANTEE_VIOLATION,False,0,DENY,E_GUARANTEE_FALSE:2:canonical_destination
NoFieldProvenance,attack:multiagent:UNTRUSTED_FIELD_BINDING:3000,multiagent,UNTRUSTED_FIELD_BINDING,True,1,EXECUTE,EXECUTED
NoFieldProvenance,attack:multiagent:DROP_PROVENANCE:103000,multiagent,DROP_PROVENANCE,True,1,EXECUTE,EXECUTED
NoFieldProvenance,attack:multiagent:PROVENANCE_VALUE_SUBSTITUTION:203000,multiagent,PROVENANCE_VALUE_SUBSTITUTION,True,1,EXECUTE,EXECUTED
NoFieldProvenance,attack:multiagent:UNTRUSTED_ROOT_PRODUCER:303000,multiagent,UNTRUSTED_ROOT_PRODUCER,False,0,DENY,E_UNDISCHARGED_ASSUMPTION:0:root-authenticated;E_UNDISCHARGED_ASSUMPTION:1:memory-context-preserved;E_UNDISCHARGED_ASSUMPTION:2:policy-authorized;E_UNTRUSTED_ROOT;E_UNTRUSTED_ROOT_ISSUER
NoFieldProvenance,attack:multiagent:ROOT_AUTHORITY_EXCEEDED:403000,multiagent,ROOT_AUTHORITY_EXCEEDED,False,0,DENY,E_ROOT_ACTION_SCOPE_EXCEEDED;E_ROOT_AUTHORITY_EXCEEDED;E_ROOT_OPERATION_NOT_GRANTED;E_ROOT_SCOPE_EXCEEDED;E_UNDISCHARGED_ASSUMPTION:0:root-authenticated;E_UNDISCHARGED_ASSUMPTION:1:memory-context-preserved;E_UNDISCHARGED_ASSUMPTION:2:policy-authorized
NoFieldProvenance,attack:multiagent:ROOT_SCOPE_EXCEEDED:503000,multiagent,ROOT_SCOPE_EXCEEDED,False,0,DENY,E_ROOT_ACTION_SCOPE_EXCEEDED;E_ROOT_SCOPE_EXCEEDED;E_UNDISCHARGED_ASSUMPTION:0:root-authenticated;E_UNDISCHARGED_ASSUMPTION:1:memory-context-preserved;E_UNDISCHARGED_ASSUMPTION:2:policy-authorized
NoFieldProvenance,attack:multiagent:ROOT_FIELD_CONSTRAINT_BYPASS:603000,multiagent,ROOT_FIELD_CONSTRAINT_BYPASS,False,0,DENY,E_ROOT_FIELD_CONSTRAINT:/action/parameters/capability;E_UNDISCHARGED_ASSUMPTION:0:root-authenticated;E_UNDISCHARGED_ASSUMPTION:1:memory-context-preserved;E_UNDISCHARGED_ASSUMPTION:2:policy-authorized
NoFieldProvenance,attack:multiagent:PRINCIPAL_SUBSTITUTION:703000,multiagent,PRINCIPAL_SUBSTITUTION,False,0,DENY,E_NOT_PRESERVED:2:/context/principal
NoFieldProvenance,attack:multiagent:AUTHORITY_AMPLIFICATION:803000,multiagent,AUTHORITY_AMPLIFICATION,False,0,DENY,E_AUTHORITY_AMPLIFICATION:0;E_DELEGATION_WIDENING:0;E_ILLEGAL_TRANSFORM:0:/context/authority;E_ILLEGAL_TRANSFORM:0:/context/delegation_scope;E_NOT_PRESERVED:0:/action/destination;E_NOT_PRESERVED:0:/action/function;E_NOT_PRESERVED:0:/action/operation;E_NOT_PRESERVED:0:/action/resource;E_UNDISCHARGED_ASSUMPTION:1:memory-context-preserved;E_UNDISCHARGED_ASSUMPTION:2:policy-authorized
NoFieldProvenance,attack:multiagent:DELEGATION_WIDENING:903000,multiagent,DELEGATION_WIDENING,False,0,DENY,E_DELEGATION_WIDENING:0;E_ILLEGAL_TRANSFORM:0:/context/delegation_scope;E_NOT_PRESERVED:0:/action/resource;E_UNDISCHARGED_ASSUMPTION:1:memory-context-preserved;E_UNDISCHARGED_ASSUMPTION:2:policy-authorized
NoFieldProvenance,attack:multiagent:ARGUMENT_MUTATION:1003000,multiagent,ARGUMENT_MUTATION,False,0,DENY,E_NOT_PRESERVED:2:/action/parameters/max_depth
NoFieldProvenance,attack:multiagent:DESTINATION_SUBSTITUTION:1103000,multiagent,DESTINATION_SUBSTITUTION,False,0,DENY,E_UNTRUSTED_TRANSFORM_ISSUER:adapter:/action/destination
NoFieldProvenance,attack:multiagent:TOOL_SERVER_SWAP:1203000,multiagent,TOOL_SERVER_SWAP,False,0,DENY,E_NOT_PRESERVED:2:/action/server_id;E_NOT_PRESERVED:2:/action/tool_manifest_digest;E_UNTRUSTED_TOOL_MANIFEST
NoFieldProvenance,attack:multiagent:POLICY_DOWNGRADE:1303000,multiagent,POLICY_DOWNGRADE,False,0,DENY,E_GUARANTEE_FALSE:2:policy_matches;E_ILLEGAL_TRANSFORM:2:/context/policy_digest;E_ILLEGAL_TRANSFORM:2:/context/policy_epoch;E_POLICY_DOWNGRADE:2;E_STALE_POLICY
NoFieldProvenance,attack:multiagent:NONCE_REPLAY:1403000,multiagent,NONCE_REPLAY,False,1,EXECUTE_ONCE,EXECUTED;IDEMPOTENT_REPLAY
NoFieldProvenance,attack:multiagent:ALTERNATE_PATH:1503000,multiagent,ALTERNATE_PATH,False,0,DENY,E_UNMEDIATED_PATH
NoFieldProvenance,attack:multiagent:MEMORY_LAUNDERING:1603000,multiagent,MEMORY_LAUNDERING,True,1,EXECUTE,EXECUTED
NoFieldProvenance,attack:multiagent:TAINT_DOWNGRADE:1703000,multiagent,TAINT_DOWNGRADE,False,0,DENY,E_ILLEGAL_TRANSFORM:0:/context/taint;E_TAINT_DOWNGRADE:0;E_UNDISCHARGED_ASSUMPTION:1:memory-context-preserved;E_UNDISCHARGED_ASSUMPTION:2:policy-authorized;E_UNTRACKED_DATA_CLASS
NoFieldProvenance,attack:multiagent:EFFECT_CLASS_DOWNGRADE:1803000,multiagent,EFFECT_CLASS_DOWNGRADE,False,0,DENY,E_NOT_PRESERVED:2:/action/effect_class
NoFieldProvenance,attack:multiagent:CONTEXT_ROOT_OMISSION:1903000,multiagent,CONTEXT_ROOT_OMISSION,False,0,DENY,E_CONTEXT_ROOT;E_ENSURED_FIELD_MISSING:2:/context/context_root;E_NOT_PRESERVED:2:/context/context_root
NoFieldProvenance,attack:multiagent:RETRY_DUPLICATE:2003000,multiagent,RETRY_DUPLICATE,False,1,EXECUTE_ONCE,EXECUTED;IDEMPOTENT_REPLAY
NoFieldProvenance,attack:multiagent:UNAUTHORISED_STAGE_SIGNER:2103000,multiagent,UNAUTHORISED_STAGE_SIGNER,False,0,DENY,E_UNAUTHORISED_PREDECESSOR:1;E_UNAUTHORISED_STAGE_SIGNER:0;E_UNDISCHARGED_ASSUMPTION:1:memory-context-preserved;E_UNDISCHARGED_ASSUMPTION:2:policy-authorized
NoFieldProvenance,attack:multiagent:RECEIPT_PRODUCER_MISMATCH:2203000,multiagent,RECEIPT_PRODUCER_MISMATCH,False,0,DENY,E_RECEIPT_PRODUCER_MISMATCH:0;E_UNAUTHORISED_STAGE_SIGNER:0;E_UNDISCHARGED_ASSUMPTION:1:memory-context-preserved;E_UNDISCHARGED_ASSUMPTION:2:policy-authorized
NoFieldProvenance,attack:multiagent:MISSING_TRANSFORM_WITNESS:2303000,multiagent,MISSING_TRANSFORM_WITNESS,False,0,DENY,E_MISSING_TRANSFORM_WITNESS:2:/action/destination
NoFieldProvenance,attack:multiagent:INVALID_TRANSFORM_WITNESS:2403000,multiagent,INVALID_TRANSFORM_WITNESS,False,0,DENY,E_TRANSFORM_AFTER_MISMATCH:adapter:/action/destination;E_TRANSFORM_RELATION_FALSE:adapter:/action/destination
NoFieldProvenance,attack:multiagent:RELEASE_PREDICATE_BYPASS:2503000,multiagent,RELEASE_PREDICATE_BYPASS,True,1,EXECUTE,EXECUTED
NoFieldProvenance,attack:multiagent:RELEASE_VALUE_SUBSTITUTION:2603000,multiagent,RELEASE_VALUE_SUBSTITUTION,True,1,EXECUTE,EXECUTED
NoFieldProvenance,attack:multiagent:EXPIRED_RELEASE:2703000,multiagent,EXPIRED_RELEASE,False,0,DENY,E_EXPIRED_RELEASE:release:multiagent:attack:EXPIRED_RELEASE:2703000
NoFieldProvenance,attack:multiagent:SUBJECT_SUBSTITUTION:2803000,multiagent,SUBJECT_SUBSTITUTION,False,0,DENY,E_SUBJECT_SUBSTITUTION
NoFieldProvenance,attack:multiagent:POST_PERMIT_ACTION_SUBSTITUTION:2903000,multiagent,POST_PERMIT_ACTION_SUBSTITUTION,False,0,DENY,E_ACTION_SUBSTITUTION
NoFieldProvenance,attack:multiagent:REVOKED_GRANT:3003000,multiagent,REVOKED_GRANT,False,0,DENY,E_REVOKED_AT_FINALITY
NoFieldProvenance,attack:multiagent:CONTRACT_GUARANTEE_VIOLATION:3103000,multiagent,CONTRACT_GUARANTEE_VIOLATION,False,0,DENY,E_GUARANTEE_FALSE:2:canonical_destination
NoIdentityBinding,attack:workspace:UNTRUSTED_FIELD_BINDING:0,workspace,UNTRUSTED_FIELD_BINDING,False,0,ESCALATE,E_UNRELEASED_FIELD:/action/destination
NoIdentityBinding,attack:workspace:DROP_PROVENANCE:100000,workspace,DROP_PROVENANCE,False,0,DENY,E_ENSURED_FIELD_MISSING:2:/context/protected_field_sources;E_ENSURED_FIELD_MISSING:2:/context/provenance_root;E_NOT_PRESERVED:2:/context/protected_field_sources;E_NOT_PRESERVED:2:/context/provenance_root;E_PROVENANCE_CONTEXT
NoIdentityBinding,attack:workspace:PROVENANCE_VALUE_SUBSTITUTION:200000,workspace,PROVENANCE_VALUE_SUBSTITUTION,False,0,DENY,E_PROVENANCE_VALUE_MISMATCH:/action/destination;E_UNDISCHARGED_ASSUMPTION:0:provenance-authenticated;E_UNDISCHARGED_ASSUMPTION:1:memory-context-preserved;E_UNDISCHARGED_ASSUMPTION:2:policy-authorized
NoIdentityBinding,attack:workspace:UNTRUSTED_ROOT_PRODUCER:300000,workspace,UNTRUSTED_ROOT_PRODUCER,False,0,DENY,E_UNDISCHARGED_ASSUMPTION:0:root-authenticated;E_UNDISCHARGED_ASSUMPTION:1:memory-context-preserved;E_UNDISCHARGED_ASSUMPTION:2:policy-authorized;E_UNTRUSTED_ROOT;E_UNTRUSTED_ROOT_ISSUER
NoIdentityBinding,attack:workspace:ROOT_AUTHORITY_EXCEEDED:400000,workspace,ROOT_AUTHORITY_EXCEEDED,False,0,DENY,E_ROOT_ACTION_SCOPE_EXCEEDED;E_ROOT_AUTHORITY_EXCEEDED;E_ROOT_OPERATION_NOT_GRANTED;E_ROOT_SCOPE_EXCEEDED;E_UNDISCHARGED_ASSUMPTION:0:root-authenticated;E_UNDISCHARGED_ASSUMPTION:1:memory-context-preserved;E_UNDISCHARGED_ASSUMPTION:2:policy-authorized
NoIdentityBinding,attack:workspace:ROOT_SCOPE_EXCEEDED:500000,workspace,ROOT_SCOPE_EXCEEDED,False,0,DENY,E_ROOT_ACTION_SCOPE_EXCEEDED;E_ROOT_SCOPE_EXCEEDED;E_UNDISCHARGED_ASSUMPTION:0:root-authenticated;E_UNDISCHARGED_ASSUMPTION:1:memory-context-preserved;E_UNDISCHARGED_ASSUMPTION:2:policy-authorized
NoIdentityBinding,attack:workspace:ROOT_FIELD_CONSTRAINT_BYPASS:600000,workspace,ROOT_FIELD_CONSTRAINT_BYPASS,False,0,DENY,E_ROOT_FIELD_CONSTRAINT:/action/destination;E_UNDISCHARGED_ASSUMPTION:0:root-authenticated;E_UNDISCHARGED_ASSUMPTION:1:memory-context-preserved;E_UNDISCHARGED_ASSUMPTION:2:policy-authorized
NoIdentityBinding,attack:workspace:PRINCIPAL_SUBSTITUTION:700000,workspace,PRINCIPAL_SUBSTITUTION,True,1,EXECUTE,EXECUTED
NoIdentityBinding,attack:workspace:AUTHORITY_AMPLIFICATION:800000,workspace,AUTHORITY_AMPLIFICATION,False,0,DENY,E_AUTHORITY_AMPLIFICATION:0;E_DELEGATION_WIDENING:0;E_ILLEGAL_TRANSFORM:0:/context/authority;E_ILLEGAL_TRANSFORM:0:/context/delegation_scope;E_NOT_PRESERVED:0:/action/destination;E_NOT_PRESERVED:0:/action/function;E_NOT_PRESERVED:0:/action/operation;E_NOT_PRESERVED:0:/action/resource;E_UNDISCHARGED_ASSUMPTION:1:memory-context-preserved;E_UNDISCHARGED_ASSUMPTION:2:policy-authorized
NoIdentityBinding,attack:workspace:DELEGATION_WIDENING:900000,workspace,DELEGATION_WIDENING,False,0,DENY,E_DELEGATION_WIDENING:0;E_ILLEGAL_TRANSFORM:0:/context/delegation_scope;E_NOT_PRESERVED:0:/action/resource;E_UNDISCHARGED_ASSUMPTION:1:memory-context-preserved;E_UNDISCHARGED_ASSUMPTION:2:policy-authorized
NoIdentityBinding,attack:workspace:ARGUMENT_MUTATION:1000000,workspace,ARGUMENT_MUTATION,False,0,DENY,E_NOT_PRESERVED:2:/action/parameters/body
NoIdentityBinding,attack:workspace:DESTINATION_SUBSTITUTION:1100000,workspace,DESTINATION_SUBSTITUTION,False,0,DENY,E_UNTRUSTED_TRANSFORM_ISSUER:adapter:/action/destination
NoIdentityBinding,attack:workspace:TOOL_SERVER_SWAP:1200000,workspace,TOOL_SERVER_SWAP,False,0,DENY,E_NOT_PRESERVED:2:/action/server_id;E_NOT_PRESERVED:2:/action/tool_manifest_digest;E_UNTRUSTED_TOOL_MANIFEST
NoIdentityBinding,attack:workspace:POLICY_DOWNGRADE:1300000,workspace,POLICY_DOWNGRADE,False,0,DENY,E_GUARANTEE_FALSE:2:policy_matches;E_ILLEGAL_TRANSFORM:2:/context/policy_digest;E_ILLEGAL_TRANSFORM:2:/context/policy_epoch;E_POLICY_DOWNGRADE:2;E_STALE_POLICY
NoIdentityBinding,attack:workspace:NONCE_REPLAY:1400000,workspace,NONCE_REPLAY,False,1,EXECUTE_ONCE,EXECUTED;IDEMPOTENT_REPLAY
NoIdentityBinding,attack:workspace:ALTERNATE_PATH:1500000,workspace,ALTERNATE_PATH,False,0,DENY,E_UNMEDIATED_PATH
NoIdentityBinding,attack:workspace:MEMORY_LAUNDERING:1600000,workspace,MEMORY_LAUNDERING,False,0,DENY,E_NOT_PRESERVED:0:/context/protected_field_sources;E_NOT_PRESERVED:0:/context/source_classes;E_UNDISCHARGED_ASSUMPTION:1:memory-context-preserved;E_UNDISCHARGED_ASSUMPTION:2:policy-authorized;E_UNRELEASED_FIELD:/action/destination
NoIdentityBinding,attack:workspace:TAINT_DOWNGRADE:1700000,workspace,TAINT_DOWNGRADE,False,0,DENY,E_ILLEGAL_TRANSFORM:0:/context/taint;E_TAINT_DOWNGRADE:0;E_UNDISCHARGED_ASSUMPTION:1:memory-context-preserved;E_UNDISCHARGED_ASSUMPTION:2:policy-authorized;E_UNTRACKED_DATA_CLASS
NoIdentityBinding,attack:workspace:EFFECT_CLASS_DOWNGRADE:1800000,workspace,EFFECT_CLASS_DOWNGRADE,False,0,DENY,E_NOT_PRESERVED:2:/action/effect_class
NoIdentityBinding,attack:workspace:CONTEXT_ROOT_OMISSION:1900000,workspace,CONTEXT_ROOT_OMISSION,False,0,DENY,E_CONTEXT_ROOT;E_ENSURED_FIELD_MISSING:2:/context/context_root;E_NOT_PRESERVED:2:/context/context_root
NoIdentityBinding,attack:workspace:RETRY_DUPLICATE:2000000,workspace,RETRY_DUPLICATE,False,1,EXECUTE_ONCE,EXECUTED;IDEMPOTENT_REPLAY
NoIdentityBinding,attack:workspace:UNAUTHORISED_STAGE_SIGNER:2100000,workspace,UNAUTHORISED_STAGE_SIGNER,False,0,DENY,E_UNAUTHORISED_PREDECESSOR:1;E_UNAUTHORISED_STAGE_SIGNER:0;E_UNDISCHARGED_ASSUMPTION:1:memory-context-preserved;E_UNDISCHARGED_ASSUMPTION:2:policy-authorized
NoIdentityBinding,attack:workspace:RECEIPT_PRODUCER_MISMATCH:2200000,workspace,RECEIPT_PRODUCER_MISMATCH,False,0,DENY,E_RECEIPT_PRODUCER_MISMATCH:0;E_UNAUTHORISED_STAGE_SIGNER:0;E_UNDISCHARGED_ASSUMPTION:1:memory-context-preserved;E_UNDISCHARGED_ASSUMPTION:2:policy-authorized
NoIdentityBinding,attack:workspace:MISSING_TRANSFORM_WITNESS:2300000,workspace,MISSING_TRANSFORM_WITNESS,False,0,DENY,E_MISSING_TRANSFORM_WITNESS:2:/action/destination
NoIdentityBinding,attack:workspace:INVALID_TRANSFORM_WITNESS:2400000,workspace,INVALID_TRANSFORM_WITNESS,False,0,DENY,E_TRANSFORM_AFTER_MISMATCH:adapter:/action/destination;E_TRANSFORM_RELATION_FALSE:adapter:/action/destination
NoIdentityBinding,attack:workspace:RELEASE_PREDICATE_BYPASS:2500000,workspace,RELEASE_PREDICATE_BYPASS,False,0,DENY,E_INVALID_RELEASE:/action/destination
NoIdentityBinding,attack:workspace:RELEASE_VALUE_SUBSTITUTION:2600000,workspace,RELEASE_VALUE_SUBSTITUTION,False,0,DENY,E_INVALID_RELEASE:/action/destination
NoIdentityBinding,attack:workspace:EXPIRED_RELEASE:2700000,workspace,EXPIRED_RELEASE,False,0,DENY,E_EXPIRED_RELEASE:release:workspace:attack:EXPIRED_RELEASE:2700000
NoIdentityBinding,attack:workspace:SUBJECT_SUBSTITUTION:2800000,workspace,SUBJECT_SUBSTITUTION,False,0,DENY,E_SUBJECT_SUBSTITUTION
NoIdentityBinding,attack:workspace:POST_PERMIT_ACTION_SUBSTITUTION:2900000,workspace,POST_PERMIT_ACTION_SUBSTITUTION,False,0,DENY,E_ACTION_SUBSTITUTION
NoIdentityBinding,attack:workspace:REVOKED_GRANT:3000000,workspace,REVOKED_GRANT,False,0,DENY,E_REVOKED_AT_FINALITY
NoIdentityBinding,attack:workspace:CONTRACT_GUARANTEE_VIOLATION:3100000,workspace,CONTRACT_GUARANTEE_VIOLATION,False,0,DENY,E_GUARANTEE_FALSE:2:canonical_destination
NoIdentityBinding,attack:finance:UNTRUSTED_FIELD_BINDING:1000,finance,UNTRUSTED_FIELD_BINDING,False,0,ESCALATE,E_UNRELEASED_FIELD:/action/parameters/amount_cents
NoIdentityBinding,attack:finance:DROP_PROVENANCE:101000,finance,DROP_PROVENANCE,False,0,DENY,E_ENSURED_FIELD_MISSING:2:/context/protected_field_sources;E_ENSURED_FIELD_MISSING:2:/context/provenance_root;E_NOT_PRESERVED:2:/context/protected_field_sources;E_NOT_PRESERVED:2:/context/provenance_root;E_PROVENANCE_CONTEXT
NoIdentityBinding,attack:finance:PROVENANCE_VALUE_SUBSTITUTION:201000,finance,PROVENANCE_VALUE_SUBSTITUTION,False,0,DENY,E_PROVENANCE_VALUE_MISMATCH:/action/parameters/amount_cents;E_UNDISCHARGED_ASSUMPTION:0:provenance-authenticated;E_UNDISCHARGED_ASSUMPTION:1:memory-context-preserved;E_UNDISCHARGED_ASSUMPTION:2:policy-authorized
NoIdentityBinding,attack:finance:UNTRUSTED_ROOT_PRODUCER:301000,finance,UNTRUSTED_ROOT_PRODUCER,False,0,DENY,E_UNDISCHARGED_ASSUMPTION:0:root-authenticated;E_UNDISCHARGED_ASSUMPTION:1:memory-context-preserved;E_UNDISCHARGED_ASSUMPTION:2:policy-authorized;E_UNTRUSTED_ROOT;E_UNTRUSTED_ROOT_ISSUER
NoIdentityBinding,attack:finance:ROOT_AUTHORITY_EXCEEDED:401000,finance,ROOT_AUTHORITY_EXCEEDED,False,0,DENY,E_ROOT_ACTION_SCOPE_EXCEEDED;E_ROOT_AUTHORITY_EXCEEDED;E_ROOT_OPERATION_NOT_GRANTED;E_ROOT_SCOPE_EXCEEDED;E_UNDISCHARGED_ASSUMPTION:0:root-authenticated;E_UNDISCHARGED_ASSUMPTION:1:memory-context-preserved;E_UNDISCHARGED_ASSUMPTION:2:policy-authorized
NoIdentityBinding,attack:finance:ROOT_SCOPE_EXCEEDED:501000,finance,ROOT_SCOPE_EXCEEDED,False,0,DENY,E_ROOT_ACTION_SCOPE_EXCEEDED;E_ROOT_SCOPE_EXCEEDED;E_UNDISCHARGED_ASSUMPTION:0:root-authenticated;E_UNDISCHARGED_ASSUMPTION:1:memory-context-preserved;E_UNDISCHARGED_ASSUMPTION:2:policy-authorized
NoIdentityBinding,attack:finance:ROOT_FIELD_CONSTRAINT_BYPASS:601000,finance,ROOT_FIELD_CONSTRAINT_BYPASS,False,0,DENY,E_ROOT_FIELD_CONSTRAINT:/action/parameters/amount_cents;E_UNDISCHARGED_ASSUMPTION:0:root-authenticated;E_UNDISCHARGED_ASSUMPTION:1:memory-context-preserved;E_UNDISCHARGED_ASSUMPTION:2:policy-authorized
NoIdentityBinding,attack:finance:PRINCIPAL_SUBSTITUTION:701000,finance,PRINCIPAL_SUBSTITUTION,True,1,EXECUTE,EXECUTED
NoIdentityBinding,attack:finance:AUTHORITY_AMPLIFICATION:801000,finance,AUTHORITY_AMPLIFICATION,False,0,DENY,E_AUTHORITY_AMPLIFICATION:0;E_DELEGATION_WIDENING:0;E_ILLEGAL_TRANSFORM:0:/context/authority;E_ILLEGAL_TRANSFORM:0:/context/delegation_scope;E_NOT_PRESERVED:0:/action/destination;E_NOT_PRESERVED:0:/action/function;E_NOT_PRESERVED:0:/action/operation;E_NOT_PRESERVED:0:/action/resource;E_UNDISCHARGED_ASSUMPTION:1:memory-context-preserved;E_UNDISCHARGED_ASSUMPTION:2:policy-authorized
NoIdentityBinding,attack:finance:DELEGATION_WIDENING:901000,finance,DELEGATION_WIDENING,False,0,DENY,E_DELEGATION_WIDENING:0;E_ILLEGAL_TRANSFORM:0:/context/delegation_scope;E_NOT_PRESERVED:0:/action/resource;E_UNDISCHARGED_ASSUMPTION:1:memory-context-preserved;E_UNDISCHARGED_ASSUMPTION:2:policy-authorized
NoIdentityBinding,attack:finance:ARGUMENT_MUTATION:1001000,finance,ARGUMENT_MUTATION,False,0,DENY,E_NOT_PRESERVED:2:/action/parameters/amount_cents
NoIdentityBinding,attack:finance:DESTINATION_SUBSTITUTION:1101000,finance,DESTINATION_SUBSTITUTION,False,0,DENY,E_UNTRUSTED_TRANSFORM_ISSUER:adapter:/action/destination
NoIdentityBinding,attack:finance:TOOL_SERVER_SWAP:1201000,finance,TOOL_SERVER_SWAP,False,0,DENY,E_NOT_PRESERVED:2:/action/server_id;E_NOT_PRESERVED:2:/action/tool_manifest_digest;E_UNTRUSTED_TOOL_MANIFEST
NoIdentityBinding,attack:finance:POLICY_DOWNGRADE:1301000,finance,POLICY_DOWNGRADE,False,0,DENY,E_GUARANTEE_FALSE:2:policy_matches;E_ILLEGAL_TRANSFORM:2:/context/policy_digest;E_ILLEGAL_TRANSFORM:2:/context/policy_epoch;E_POLICY_DOWNGRADE:2;E_STALE_POLICY
NoIdentityBinding,attack:finance:NONCE_REPLAY:1401000,finance,NONCE_REPLAY,False,1,EXECUTE_ONCE,EXECUTED;IDEMPOTENT_REPLAY
NoIdentityBinding,attack:finance:ALTERNATE_PATH:1501000,finance,ALTERNATE_PATH,False,0,DENY,E_UNMEDIATED_PATH
NoIdentityBinding,attack:finance:MEMORY_LAUNDERING:1601000,finance,MEMORY_LAUNDERING,False,0,DENY,E_NOT_PRESERVED:0:/context/protected_field_sources;E_NOT_PRESERVED:0:/context/source_classes;E_UNDISCHARGED_ASSUMPTION:1:memory-context-preserved;E_UNDISCHARGED_ASSUMPTION:2:policy-authorized;E_UNRELEASED_FIELD:/action/parameters/amount_cents
NoIdentityBinding,attack:finance:TAINT_DOWNGRADE:1701000,finance,TAINT_DOWNGRADE,False,0,DENY,E_ILLEGAL_TRANSFORM:0:/context/taint;E_TAINT_DOWNGRADE:0;E_UNDISCHARGED_ASSUMPTION:1:memory-context-preserved;E_UNDISCHARGED_ASSUMPTION:2:policy-authorized;E_UNTRACKED_DATA_CLASS
NoIdentityBinding,attack:finance:EFFECT_CLASS_DOWNGRADE:1801000,finance,EFFECT_CLASS_DOWNGRADE,False,0,DENY,E_NOT_PRESERVED:2:/action/effect_class
NoIdentityBinding,attack:finance:CONTEXT_ROOT_OMISSION:1901000,finance,CONTEXT_ROOT_OMISSION,False,0,DENY,E_CONTEXT_ROOT;E_ENSURED_FIELD_MISSING:2:/context/context_root;E_NOT_PRESERVED:2:/context/context_root
NoIdentityBinding,attack:finance:RETRY_DUPLICATE:2001000,finance,RETRY_DUPLICATE,False,1,EXECUTE_ONCE,EXECUTED;IDEMPOTENT_REPLAY
NoIdentityBinding,attack:finance:UNAUTHORISED_STAGE_SIGNER:2101000,finance,UNAUTHORISED_STAGE_SIGNER,False,0,DENY,E_UNAUTHORISED_PREDECESSOR:1;E_UNAUTHORISED_STAGE_SIGNER:0;E_UNDISCHARGED_ASSUMPTION:1:memory-context-preserved;E_UNDISCHARGED_ASSUMPTION:2:policy-authorized
NoIdentityBinding,attack:finance:RECEIPT_PRODUCER_MISMATCH:2201000,finance,RECEIPT_PRODUCER_MISMATCH,False,0,DENY,E_RECEIPT_PRODUCER_MISMATCH:0;E_UNAUTHORISED_STAGE_SIGNER:0;E_UNDISCHARGED_ASSUMPTION:1:memory-context-preserved;E_UNDISCHARGED_ASSUMPTION:2:policy-authorized
NoIdentityBinding,attack:finance:MISSING_TRANSFORM_WITNESS:2301000,finance,MISSING_TRANSFORM_WITNESS,False,0,DENY,E_MISSING_TRANSFORM_WITNESS:2:/action/destination
NoIdentityBinding,attack:finance:INVALID_TRANSFORM_WITNESS:2401000,finance,INVALID_TRANSFORM_WITNESS,False,0,DENY,E_TRANSFORM_AFTER_MISMATCH:adapter:/action/destination;E_TRANSFORM_RELATION_FALSE:adapter:/action/destination
NoIdentityBinding,attack:finance:RELEASE_PREDICATE_BYPASS:2501000,finance,RELEASE_PREDICATE_BYPASS,False,0,DENY,E_INVALID_RELEASE:/action/parameters/amount_cents
NoIdentityBinding,attack:finance:RELEASE_VALUE_SUBSTITUTION:2601000,finance,RELEASE_VALUE_SUBSTITUTION,False,0,DENY,E_INVALID_RELEASE:/action/parameters/amount_cents
NoIdentityBinding,attack:finance:EXPIRED_RELEASE:2701000,finance,EXPIRED_RELEASE,False,0,DENY,E_EXPIRED_RELEASE:release:finance:attack:EXPIRED_RELEASE:2701000
NoIdentityBinding,attack:finance:SUBJECT_SUBSTITUTION:2801000,finance,SUBJECT_SUBSTITUTION,False,0,DENY,E_SUBJECT_SUBSTITUTION
NoIdentityBinding,attack:finance:POST_PERMIT_ACTION_SUBSTITUTION:2901000,finance,POST_PERMIT_ACTION_SUBSTITUTION,False,0,DENY,E_ACTION_SUBSTITUTION
NoIdentityBinding,attack:finance:REVOKED_GRANT:3001000,finance,REVOKED_GRANT,False,0,DENY,E_REVOKED_AT_FINALITY
NoIdentityBinding,attack:finance:CONTRACT_GUARANTEE_VIOLATION:3101000,finance,CONTRACT_GUARANTEE_VIOLATION,False,0,DENY,E_GUARANTEE_FALSE:2:canonical_destination
NoIdentityBinding,attack:devops:UNTRUSTED_FIELD_BINDING:2000,devops,UNTRUSTED_FIELD_BINDING,False,0,ESCALATE,E_UNRELEASED_FIELD:/action/parameters/commit
NoIdentityBinding,attack:devops:DROP_PROVENANCE:102000,devops,DROP_PROVENANCE,False,0,DENY,E_ENSURED_FIELD_MISSING:2:/context/protected_field_sources;E_ENSURED_FIELD_MISSING:2:/context/provenance_root;E_NOT_PRESERVED:2:/context/protected_field_sources;E_NOT_PRESERVED:2:/context/provenance_root;E_PROVENANCE_CONTEXT
NoIdentityBinding,attack:devops:PROVENANCE_VALUE_SUBSTITUTION:202000,devops,PROVENANCE_VALUE_SUBSTITUTION,False,0,DENY,E_PROVENANCE_VALUE_MISMATCH:/action/parameters/commit;E_UNDISCHARGED_ASSUMPTION:0:provenance-authenticated;E_UNDISCHARGED_ASSUMPTION:1:memory-context-preserved;E_UNDISCHARGED_ASSUMPTION:2:policy-authorized
NoIdentityBinding,attack:devops:UNTRUSTED_ROOT_PRODUCER:302000,devops,UNTRUSTED_ROOT_PRODUCER,False,0,DENY,E_UNDISCHARGED_ASSUMPTION:0:root-authenticated;E_UNDISCHARGED_ASSUMPTION:1:memory-context-preserved;E_UNDISCHARGED_ASSUMPTION:2:policy-authorized;E_UNTRUSTED_ROOT;E_UNTRUSTED_ROOT_ISSUER
NoIdentityBinding,attack:devops:ROOT_AUTHORITY_EXCEEDED:402000,devops,ROOT_AUTHORITY_EXCEEDED,False,0,DENY,E_ROOT_ACTION_SCOPE_EXCEEDED;E_ROOT_AUTHORITY_EXCEEDED;E_ROOT_OPERATION_NOT_GRANTED;E_ROOT_SCOPE_EXCEEDED;E_UNDISCHARGED_ASSUMPTION:0:root-authenticated;E_UNDISCHARGED_ASSUMPTION:1:memory-context-preserved;E_UNDISCHARGED_ASSUMPTION:2:policy-authorized
NoIdentityBinding,attack:devops:ROOT_SCOPE_EXCEEDED:502000,devops,ROOT_SCOPE_EXCEEDED,False,0,DENY,E_ROOT_ACTION_SCOPE_EXCEEDED;E_ROOT_SCOPE_EXCEEDED;E_UNDISCHARGED_ASSUMPTION:0:root-authenticated;E_UNDISCHARGED_ASSUMPTION:1:memory-context-preserved;E_UNDISCHARGED_ASSUMPTION:2:policy-authorized
NoIdentityBinding,attack:devops:ROOT_FIELD_CONSTRAINT_BYPASS:602000,devops,ROOT_FIELD_CONSTRAINT_BYPASS,False,0,DENY,E_ROOT_FIELD_CONSTRAINT:/action/parameters/commit;E_UNDISCHARGED_ASSUMPTION:0:root-authenticated;E_UNDISCHARGED_ASSUMPTION:1:memory-context-preserved;E_UNDISCHARGED_ASSUMPTION:2:policy-authorized
NoIdentityBinding,attack:devops:PRINCIPAL_SUBSTITUTION:702000,devops,PRINCIPAL_SUBSTITUTION,True,1,EXECUTE,EXECUTED
NoIdentityBinding,attack:devops:AUTHORITY_AMPLIFICATION:802000,devops,AUTHORITY_AMPLIFICATION,False,0,DENY,E_AUTHORITY_AMPLIFICATION:0;E_DELEGATION_WIDENING:0;E_ILLEGAL_TRANSFORM:0:/context/authority;E_ILLEGAL_TRANSFORM:0:/context/delegation_scope;E_NOT_PRESERVED:0:/action/destination;E_NOT_PRESERVED:0:/action/function;E_NOT_PRESERVED:0:/action/operation;E_NOT_PRESERVED:0:/action/resource;E_UNDISCHARGED_ASSUMPTION:1:memory-context-preserved;E_UNDISCHARGED_ASSUMPTION:2:policy-authorized
NoIdentityBinding,attack:devops:DELEGATION_WIDENING:902000,devops,DELEGATION_WIDENING,False,0,DENY,E_DELEGATION_WIDENING:0;E_ILLEGAL_TRANSFORM:0:/context/delegation_scope;E_NOT_PRESERVED:0:/action/resource;E_UNDISCHARGED_ASSUMPTION:1:memory-context-preserved;E_UNDISCHARGED_ASSUMPTION:2:policy-authorized
NoIdentityBinding,attack:devops:ARGUMENT_MUTATION:1002000,devops,ARGUMENT_MUTATION,False,0,DENY,E_NOT_PRESERVED:2:/action/parameters/environment
NoIdentityBinding,attack:devops:DESTINATION_SUBSTITUTION:1102000,devops,DESTINATION_SUBSTITUTION,False,0,DENY,E_UNTRUSTED_TRANSFORM_ISSUER:adapter:/action/destination
NoIdentityBinding,attack:devops:TOOL_SERVER_SWAP:1202000,devops,TOOL_SERVER_SWAP,False,0,DENY,E_NOT_PRESERVED:2:/action/server_id;E_NOT_PRESERVED:2:/action/tool_manifest_digest;E_UNTRUSTED_TOOL_MANIFEST
NoIdentityBinding,attack:devops:POLICY_DOWNGRADE:1302000,devops,POLICY_DOWNGRADE,False,0,DENY,E_GUARANTEE_FALSE:2:policy_matches;E_ILLEGAL_TRANSFORM:2:/context/policy_digest;E_ILLEGAL_TRANSFORM:2:/context/policy_epoch;E_POLICY_DOWNGRADE:2;E_STALE_POLICY
NoIdentityBinding,attack:devops:NONCE_REPLAY:1402000,devops,NONCE_REPLAY,False,1,EXECUTE_ONCE,EXECUTED;IDEMPOTENT_REPLAY
NoIdentityBinding,attack:devops:ALTERNATE_PATH:1502000,devops,ALTERNATE_PATH,False,0,DENY,E_UNMEDIATED_PATH
NoIdentityBinding,attack:devops:MEMORY_LAUNDERING:1602000,devops,MEMORY_LAUNDERING,False,0,DENY,E_NOT_PRESERVED:0:/context/protected_field_sources;E_NOT_PRESERVED:0:/context/source_classes;E_UNDISCHARGED_ASSUMPTION:1:memory-context-preserved;E_UNDISCHARGED_ASSUMPTION:2:policy-authorized;E_UNRELEASED_FIELD:/action/parameters/commit
NoIdentityBinding,attack:devops:TAINT_DOWNGRADE:1702000,devops,TAINT_DOWNGRADE,False,0,DENY,E_ILLEGAL_TRANSFORM:0:/context/taint;E_TAINT_DOWNGRADE:0;E_UNDISCHARGED_ASSUMPTION:1:memory-context-preserved;E_UNDISCHARGED_ASSUMPTION:2:policy-authorized;E_UNTRACKED_DATA_CLASS
NoIdentityBinding,attack:devops:EFFECT_CLASS_DOWNGRADE:1802000,devops,EFFECT_CLASS_DOWNGRADE,False,0,DENY,E_NOT_PRESERVED:2:/action/effect_class
NoIdentityBinding,attack:devops:CONTEXT_ROOT_OMISSION:1902000,devops,CONTEXT_ROOT_OMISSION,False,0,DENY,E_CONTEXT_ROOT;E_ENSURED_FIELD_MISSING:2:/context/context_root;E_NOT_PRESERVED:2:/context/context_root
NoIdentityBinding,attack:devops:RETRY_DUPLICATE:2002000,devops,RETRY_DUPLICATE,False,1,EXECUTE_ONCE,EXECUTED;IDEMPOTENT_REPLAY
NoIdentityBinding,attack:devops:UNAUTHORISED_STAGE_SIGNER:2102000,devops,UNAUTHORISED_STAGE_SIGNER,False,0,DENY,E_UNAUTHORISED_PREDECESSOR:1;E_UNAUTHORISED_STAGE_SIGNER:0;E_UNDISCHARGED_ASSUMPTION:1:memory-context-preserved;E_UNDISCHARGED_ASSUMPTION:2:policy-authorized
NoIdentityBinding,attack:devops:RECEIPT_PRODUCER_MISMATCH:2202000,devops,RECEIPT_PRODUCER_MISMATCH,False,0,DENY,E_RECEIPT_PRODUCER_MISMATCH:0;E_UNAUTHORISED_STAGE_SIGNER:0;E_UNDISCHARGED_ASSUMPTION:1:memory-context-preserved;E_UNDISCHARGED_ASSUMPTION:2:policy-authorized
NoIdentityBinding,attack:devops:MISSING_TRANSFORM_WITNESS:2302000,devops,MISSING_TRANSFORM_WITNESS,False,0,DENY,E_MISSING_TRANSFORM_WITNESS:2:/action/destination
NoIdentityBinding,attack:devops:INVALID_TRANSFORM_WITNESS:2402000,devops,INVALID_TRANSFORM_WITNESS,False,0,DENY,E_TRANSFORM_AFTER_MISMATCH:adapter:/action/destination;E_TRANSFORM_RELATION_FALSE:adapter:/action/destination
NoIdentityBinding,attack:devops:RELEASE_PREDICATE_BYPASS:2502000,devops,RELEASE_PREDICATE_BYPASS,False,0,DENY,E_INVALID_RELEASE:/action/parameters/commit
NoIdentityBinding,attack:devops:RELEASE_VALUE_SUBSTITUTION:2602000,devops,RELEASE_VALUE_SUBSTITUTION,False,0,DENY,E_INVALID_RELEASE:/action/parameters/commit
NoIdentityBinding,attack:devops:EXPIRED_RELEASE:2702000,devops,EXPIRED_RELEASE,False,0,DENY,E_EXPIRED_RELEASE:release:devops:attack:EXPIRED_RELEASE:2702000
NoIdentityBinding,attack:devops:SUBJECT_SUBSTITUTION:2802000,devops,SUBJECT_SUBSTITUTION,False,0,DENY,E_SUBJECT_SUBSTITUTION
NoIdentityBinding,attack:devops:POST_PERMIT_ACTION_SUBSTITUTION:2902000,devops,POST_PERMIT_ACTION_SUBSTITUTION,False,0,DENY,E_ACTION_SUBSTITUTION
NoIdentityBinding,attack:devops:REVOKED_GRANT:3002000,devops,REVOKED_GRANT,False,0,DENY,E_REVOKED_AT_FINALITY
NoIdentityBinding,attack:devops:CONTRACT_GUARANTEE_VIOLATION:3102000,devops,CONTRACT_GUARANTEE_VIOLATION,False,0,DENY,E_GUARANTEE_FALSE:2:canonical_destination
NoIdentityBinding,attack:multiagent:UNTRUSTED_FIELD_BINDING:3000,multiagent,UNTRUSTED_FIELD_BINDING,False,0,ESCALATE,E_UNRELEASED_FIELD:/action/parameters/capability
NoIdentityBinding,attack:multiagent:DROP_PROVENANCE:103000,multiagent,DROP_PROVENANCE,False,0,DENY,E_ENSURED_FIELD_MISSING:2:/context/protected_field_sources;E_ENSURED_FIELD_MISSING:2:/context/provenance_root;E_NOT_PRESERVED:2:/context/protected_field_sources;E_NOT_PRESERVED:2:/context/provenance_root;E_PROVENANCE_CONTEXT
NoIdentityBinding,attack:multiagent:PROVENANCE_VALUE_SUBSTITUTION:203000,multiagent,PROVENANCE_VALUE_SUBSTITUTION,False,0,DENY,E_PROVENANCE_VALUE_MISMATCH:/action/parameters/capability;E_UNDISCHARGED_ASSUMPTION:0:provenance-authenticated;E_UNDISCHARGED_ASSUMPTION:1:memory-context-preserved;E_UNDISCHARGED_ASSUMPTION:2:policy-authorized
NoIdentityBinding,attack:multiagent:UNTRUSTED_ROOT_PRODUCER:303000,multiagent,UNTRUSTED_ROOT_PRODUCER,False,0,DENY,E_UNDISCHARGED_ASSUMPTION:0:root-authenticated;E_UNDISCHARGED_ASSUMPTION:1:memory-context-preserved;E_UNDISCHARGED_ASSUMPTION:2:policy-authorized;E_UNTRUSTED_ROOT;E_UNTRUSTED_ROOT_ISSUER
NoIdentityBinding,attack:multiagent:ROOT_AUTHORITY_EXCEEDED:403000,multiagent,ROOT_AUTHORITY_EXCEEDED,False,0,DENY,E_ROOT_ACTION_SCOPE_EXCEEDED;E_ROOT_AUTHORITY_EXCEEDED;E_ROOT_OPERATION_NOT_GRANTED;E_ROOT_SCOPE_EXCEEDED;E_UNDISCHARGED_ASSUMPTION:0:root-authenticated;E_UNDISCHARGED_ASSUMPTION:1:memory-context-preserved;E_UNDISCHARGED_ASSUMPTION:2:policy-authorized
NoIdentityBinding,attack:multiagent:ROOT_SCOPE_EXCEEDED:503000,multiagent,ROOT_SCOPE_EXCEEDED,False,0,DENY,E_ROOT_ACTION_SCOPE_EXCEEDED;E_ROOT_SCOPE_EXCEEDED;E_UNDISCHARGED_ASSUMPTION:0:root-authenticated;E_UNDISCHARGED_ASSUMPTION:1:memory-context-preserved;E_UNDISCHARGED_ASSUMPTION:2:policy-authorized
NoIdentityBinding,attack:multiagent:ROOT_FIELD_CONSTRAINT_BYPASS:603000,multiagent,ROOT_FIELD_CONSTRAINT_BYPASS,False,0,DENY,E_ROOT_FIELD_CONSTRAINT:/action/parameters/capability;E_UNDISCHARGED_ASSUMPTION:0:root-authenticated;E_UNDISCHARGED_ASSUMPTION:1:memory-context-preserved;E_UNDISCHARGED_ASSUMPTION:2:policy-authorized
NoIdentityBinding,attack:multiagent:PRINCIPAL_SUBSTITUTION:703000,multiagent,PRINCIPAL_SUBSTITUTION,True,1,EXECUTE,EXECUTED
NoIdentityBinding,attack:multiagent:AUTHORITY_AMPLIFICATION:803000,multiagent,AUTHORITY_AMPLIFICATION,False,0,DENY,E_AUTHORITY_AMPLIFICATION:0;E_DELEGATION_WIDENING:0;E_ILLEGAL_TRANSFORM:0:/context/authority;E_ILLEGAL_TRANSFORM:0:/context/delegation_scope;E_NOT_PRESERVED:0:/action/destination;E_NOT_PRESERVED:0:/action/function;E_NOT_PRESERVED:0:/action/operation;E_NOT_PRESERVED:0:/action/resource;E_UNDISCHARGED_ASSUMPTION:1:memory-context-preserved;E_UNDISCHARGED_ASSUMPTION:2:policy-authorized
NoIdentityBinding,attack:multiagent:DELEGATION_WIDENING:903000,multiagent,DELEGATION_WIDENING,False,0,DENY,E_DELEGATION_WIDENING:0;E_ILLEGAL_TRANSFORM:0:/context/delegation_scope;E_NOT_PRESERVED:0:/action/resource;E_UNDISCHARGED_ASSUMPTION:1:memory-context-preserved;E_UNDISCHARGED_ASSUMPTION:2:policy-authorized
NoIdentityBinding,attack:multiagent:ARGUMENT_MUTATION:1003000,multiagent,ARGUMENT_MUTATION,False,0,DENY,E_NOT_PRESERVED:2:/action/parameters/max_depth
NoIdentityBinding,attack:multiagent:DESTINATION_SUBSTITUTION:1103000,multiagent,DESTINATION_SUBSTITUTION,False,0,DENY,E_UNTRUSTED_TRANSFORM_ISSUER:adapter:/action/destination
NoIdentityBinding,attack:multiagent:TOOL_SERVER_SWAP:1203000,multiagent,TOOL_SERVER_SWAP,False,0,DENY,E_NOT_PRESERVED:2:/action/server_id;E_NOT_PRESERVED:2:/action/tool_manifest_digest;E_UNTRUSTED_TOOL_MANIFEST
NoIdentityBinding,attack:multiagent:POLICY_DOWNGRADE:1303000,multiagent,POLICY_DOWNGRADE,False,0,DENY,E_GUARANTEE_FALSE:2:policy_matches;E_ILLEGAL_TRANSFORM:2:/context/policy_digest;E_ILLEGAL_TRANSFORM:2:/context/policy_epoch;E_POLICY_DOWNGRADE:2;E_STALE_POLICY
NoIdentityBinding,attack:multiagent:NONCE_REPLAY:1403000,multiagent,NONCE_REPLAY,False,1,EXECUTE_ONCE,EXECUTED;IDEMPOTENT_REPLAY
NoIdentityBinding,attack:multiagent:ALTERNATE_PATH:1503000,multiagent,ALTERNATE_PATH,False,0,DENY,E_UNMEDIATED_PATH
NoIdentityBinding,attack:multiagent:MEMORY_LAUNDERING:1603000,multiagent,MEMORY_LAUNDERING,False,0,DENY,E_NOT_PRESERVED:0:/context/protected_field_sources;E_NOT_PRESERVED:0:/context/source_classes;E_UNDISCHARGED_ASSUMPTION:1:memory-context-preserved;E_UNDISCHARGED_ASSUMPTION:2:policy-authorized;E_UNRELEASED_FIELD:/action/parameters/capability
NoIdentityBinding,attack:multiagent:TAINT_DOWNGRADE:1703000,multiagent,TAINT_DOWNGRADE,False,0,DENY,E_ILLEGAL_TRANSFORM:0:/context/taint;E_TAINT_DOWNGRADE:0;E_UNDISCHARGED_ASSUMPTION:1:memory-context-preserved;E_UNDISCHARGED_ASSUMPTION:2:policy-authorized;E_UNTRACKED_DATA_CLASS
NoIdentityBinding,attack:multiagent:EFFECT_CLASS_DOWNGRADE:1803000,multiagent,EFFECT_CLASS_DOWNGRADE,False,0,DENY,E_NOT_PRESERVED:2:/action/effect_class
NoIdentityBinding,attack:multiagent:CONTEXT_ROOT_OMISSION:1903000,multiagent,CONTEXT_ROOT_OMISSION,False,0,DENY,E_CONTEXT_ROOT;E_ENSURED_FIELD_MISSING:2:/context/context_root;E_NOT_PRESERVED:2:/context/context_root
NoIdentityBinding,attack:multiagent:RETRY_DUPLICATE:2003000,multiagent,RETRY_DUPLICATE,False,1,EXECUTE_ONCE,EXECUTED;IDEMPOTENT_REPLAY
NoIdentityBinding,attack:multiagent:UNAUTHORISED_STAGE_SIGNER:2103000,multiagent,UNAUTHORISED_STAGE_SIGNER,False,0,DENY,E_UNAUTHORISED_PREDECESSOR:1;E_UNAUTHORISED_STAGE_SIGNER:0;E_UNDISCHARGED_ASSUMPTION:1:memory-context-preserved;E_UNDISCHARGED_ASSUMPTION:2:policy-authorized
NoIdentityBinding,attack:multiagent:RECEIPT_PRODUCER_MISMATCH:2203000,multiagent,RECEIPT_PRODUCER_MISMATCH,False,0,DENY,E_RECEIPT_PRODUCER_MISMATCH:0;E_UNAUTHORISED_STAGE_SIGNER:0;E_UNDISCHARGED_ASSUMPTION:1:memory-context-preserved;E_UNDISCHARGED_ASSUMPTION:2:policy-authorized
NoIdentityBinding,attack:multiagent:MISSING_TRANSFORM_WITNESS:2303000,multiagent,MISSING_TRANSFORM_WITNESS,False,0,DENY,E_MISSING_TRANSFORM_WITNESS:2:/action/destination
NoIdentityBinding,attack:multiagent:INVALID_TRANSFORM_WITNESS:2403000,multiagent,INVALID_TRANSFORM_WITNESS,False,0,DENY,E_TRANSFORM_AFTER_MISMATCH:adapter:/action/destination;E_TRANSFORM_RELATION_FALSE:adapter:/action/destination
NoIdentityBinding,attack:multiagent:RELEASE_PREDICATE_BYPASS:2503000,multiagent,RELEASE_PREDICATE_BYPASS,False,0,DENY,E_INVALID_RELEASE:/action/parameters/capability
NoIdentityBinding,attack:multiagent:RELEASE_VALUE_SUBSTITUTION:2603000,multiagent,RELEASE_VALUE_SUBSTITUTION,False,0,DENY,E_INVALID_RELEASE:/action/parameters/capability
NoIdentityBinding,attack:multiagent:EXPIRED_RELEASE:2703000,multiagent,EXPIRED_RELEASE,False,0,DENY,E_EXPIRED_RELEASE:release:multiagent:attack:EXPIRED_RELEASE:2703000
NoIdentityBinding,attack:multiagent:SUBJECT_SUBSTITUTION:2803000,multiagent,SUBJECT_SUBSTITUTION,False,0,DENY,E_SUBJECT_SUBSTITUTION
NoIdentityBinding,attack:multiagent:POST_PERMIT_ACTION_SUBSTITUTION:2903000,multiagent,POST_PERMIT_ACTION_SUBSTITUTION,False,0,DENY,E_ACTION_SUBSTITUTION
NoIdentityBinding,attack:multiagent:REVOKED_GRANT:3003000,multiagent,REVOKED_GRANT,False,0,DENY,E_REVOKED_AT_FINALITY
NoIdentityBinding,attack:multiagent:CONTRACT_GUARANTEE_VIOLATION:3103000,multiagent,CONTRACT_GUARANTEE_VIOLATION,False,0,DENY,E_GUARANTEE_FALSE:2:canonical_destination
NoAuthorityMonotonicity,attack:workspace:UNTRUSTED_FIELD_BINDING:0,workspace,UNTRUSTED_FIELD_BINDING,False,0,ESCALATE,E_UNRELEASED_FIELD:/action/destination
NoAuthorityMonotonicity,attack:workspace:DROP_PROVENANCE:100000,workspace,DROP_PROVENANCE,False,0,DENY,E_ENSURED_FIELD_MISSING:2:/context/protected_field_sources;E_ENSURED_FIELD_MISSING:2:/context/provenance_root;E_NOT_PRESERVED:2:/context/protected_field_sources;E_NOT_PRESERVED:2:/context/provenance_root;E_PROVENANCE_CONTEXT
NoAuthorityMonotonicity,attack:workspace:PROVENANCE_VALUE_SUBSTITUTION:200000,workspace,PROVENANCE_VALUE_SUBSTITUTION,False,0,DENY,E_PROVENANCE_VALUE_MISMATCH:/action/destination;E_UNDISCHARGED_ASSUMPTION:0:provenance-authenticated;E_UNDISCHARGED_ASSUMPTION:1:memory-context-preserved;E_UNDISCHARGED_ASSUMPTION:2:policy-authorized
NoAuthorityMonotonicity,attack:workspace:UNTRUSTED_ROOT_PRODUCER:300000,workspace,UNTRUSTED_ROOT_PRODUCER,False,0,DENY,E_UNDISCHARGED_ASSUMPTION:0:root-authenticated;E_UNDISCHARGED_ASSUMPTION:1:memory-context-preserved;E_UNDISCHARGED_ASSUMPTION:2:policy-authorized;E_UNTRUSTED_ROOT;E_UNTRUSTED_ROOT_ISSUER
NoAuthorityMonotonicity,attack:workspace:ROOT_AUTHORITY_EXCEEDED:400000,workspace,ROOT_AUTHORITY_EXCEEDED,False,0,DENY,E_ROOT_ACTION_SCOPE_EXCEEDED;E_ROOT_SCOPE_EXCEEDED;E_UNDISCHARGED_ASSUMPTION:0:root-authenticated;E_UNDISCHARGED_ASSUMPTION:1:memory-context-preserved;E_UNDISCHARGED_ASSUMPTION:2:policy-authorized
NoAuthorityMonotonicity,attack:workspace:ROOT_SCOPE_EXCEEDED:500000,workspace,ROOT_SCOPE_EXCEEDED,False,0,DENY,E_ROOT_ACTION_SCOPE_EXCEEDED;E_ROOT_SCOPE_EXCEEDED;E_UNDISCHARGED_ASSUMPTION:0:root-authenticated;E_UNDISCHARGED_ASSUMPTION:1:memory-context-preserved;E_UNDISCHARGED_ASSUMPTION:2:policy-authorized
NoAuthorityMonotonicity,attack:workspace:ROOT_FIELD_CONSTRAINT_BYPASS:600000,workspace,ROOT_FIELD_CONSTRAINT_BYPASS,False,0,DENY,E_ROOT_FIELD_CONSTRAINT:/action/destination;E_UNDISCHARGED_ASSUMPTION:0:root-authenticated;E_UNDISCHARGED_ASSUMPTION:1:memory-context-preserved;E_UNDISCHARGED_ASSUMPTION:2:policy-authorized
NoAuthorityMonotonicity,attack:workspace:PRINCIPAL_SUBSTITUTION:700000,workspace,PRINCIPAL_SUBSTITUTION,False,0,DENY,E_NOT_PRESERVED:2:/context/principal
NoAuthorityMonotonicity,attack:workspace:AUTHORITY_AMPLIFICATION:800000,workspace,AUTHORITY_AMPLIFICATION,False,0,DENY,E_DELEGATION_WIDENING:0;E_ILLEGAL_TRANSFORM:0:/context/delegation_scope;E_NOT_PRESERVED:0:/action/destination;E_NOT_PRESERVED:0:/action/function;E_NOT_PRESERVED:0:/action/operation;E_NOT_PRESERVED:0:/action/resource;E_UNDISCHARGED_ASSUMPTION:1:memory-context-preserved;E_UNDISCHARGED_ASSUMPTION:2:policy-authorized
NoAuthorityMonotonicity,attack:workspace:DELEGATION_WIDENING:900000,workspace,DELEGATION_WIDENING,False,0,DENY,E_DELEGATION_WIDENING:0;E_ILLEGAL_TRANSFORM:0:/context/delegation_scope;E_NOT_PRESERVED:0:/action/resource;E_UNDISCHARGED_ASSUMPTION:1:memory-context-preserved;E_UNDISCHARGED_ASSUMPTION:2:policy-authorized
NoAuthorityMonotonicity,attack:workspace:ARGUMENT_MUTATION:1000000,workspace,ARGUMENT_MUTATION,False,0,DENY,E_NOT_PRESERVED:2:/action/parameters/body
NoAuthorityMonotonicity,attack:workspace:DESTINATION_SUBSTITUTION:1100000,workspace,DESTINATION_SUBSTITUTION,False,0,DENY,E_UNTRUSTED_TRANSFORM_ISSUER:adapter:/action/destination
NoAuthorityMonotonicity,attack:workspace:TOOL_SERVER_SWAP:1200000,workspace,TOOL_SERVER_SWAP,False,0,DENY,E_NOT_PRESERVED:2:/action/server_id;E_NOT_PRESERVED:2:/action/tool_manifest_digest;E_UNTRUSTED_TOOL_MANIFEST
NoAuthorityMonotonicity,attack:workspace:POLICY_DOWNGRADE:1300000,workspace,POLICY_DOWNGRADE,False,0,DENY,E_GUARANTEE_FALSE:2:policy_matches;E_ILLEGAL_TRANSFORM:2:/context/policy_digest;E_ILLEGAL_TRANSFORM:2:/context/policy_epoch;E_POLICY_DOWNGRADE:2;E_STALE_POLICY
NoAuthorityMonotonicity,attack:workspace:NONCE_REPLAY:1400000,workspace,NONCE_REPLAY,False,1,EXECUTE_ONCE,EXECUTED;IDEMPOTENT_REPLAY
NoAuthorityMonotonicity,attack:workspace:ALTERNATE_PATH:1500000,workspace,ALTERNATE_PATH,False,0,DENY,E_UNMEDIATED_PATH
NoAuthorityMonotonicity,attack:workspace:MEMORY_LAUNDERING:1600000,workspace,MEMORY_LAUNDERING,False,0,DENY,E_NOT_PRESERVED:0:/context/protected_field_sources;E_NOT_PRESERVED:0:/context/source_classes;E_UNDISCHARGED_ASSUMPTION:1:memory-context-preserved;E_UNDISCHARGED_ASSUMPTION:2:policy-authorized;E_UNRELEASED_FIELD:/action/destination
NoAuthorityMonotonicity,attack:workspace:TAINT_DOWNGRADE:1700000,workspace,TAINT_DOWNGRADE,False,0,DENY,E_ILLEGAL_TRANSFORM:0:/context/taint;E_TAINT_DOWNGRADE:0;E_UNDISCHARGED_ASSUMPTION:1:memory-context-preserved;E_UNDISCHARGED_ASSUMPTION:2:policy-authorized;E_UNTRACKED_DATA_CLASS
NoAuthorityMonotonicity,attack:workspace:EFFECT_CLASS_DOWNGRADE:1800000,workspace,EFFECT_CLASS_DOWNGRADE,False,0,DENY,E_NOT_PRESERVED:2:/action/effect_class
NoAuthorityMonotonicity,attack:workspace:CONTEXT_ROOT_OMISSION:1900000,workspace,CONTEXT_ROOT_OMISSION,False,0,DENY,E_CONTEXT_ROOT;E_ENSURED_FIELD_MISSING:2:/context/context_root;E_NOT_PRESERVED:2:/context/context_root
NoAuthorityMonotonicity,attack:workspace:RETRY_DUPLICATE:2000000,workspace,RETRY_DUPLICATE,False,1,EXECUTE_ONCE,EXECUTED;IDEMPOTENT_REPLAY
NoAuthorityMonotonicity,attack:workspace:UNAUTHORISED_STAGE_SIGNER:2100000,workspace,UNAUTHORISED_STAGE_SIGNER,False,0,DENY,E_UNAUTHORISED_PREDECESSOR:1;E_UNAUTHORISED_STAGE_SIGNER:0;E_UNDISCHARGED_ASSUMPTION:1:memory-context-preserved;E_UNDISCHARGED_ASSUMPTION:2:policy-authorized
NoAuthorityMonotonicity,attack:workspace:RECEIPT_PRODUCER_MISMATCH:2200000,workspace,RECEIPT_PRODUCER_MISMATCH,False,0,DENY,E_RECEIPT_PRODUCER_MISMATCH:0;E_UNAUTHORISED_STAGE_SIGNER:0;E_UNDISCHARGED_ASSUMPTION:1:memory-context-preserved;E_UNDISCHARGED_ASSUMPTION:2:policy-authorized
NoAuthorityMonotonicity,attack:workspace:MISSING_TRANSFORM_WITNESS:2300000,workspace,MISSING_TRANSFORM_WITNESS,False,0,DENY,E_MISSING_TRANSFORM_WITNESS:2:/action/destination
NoAuthorityMonotonicity,attack:workspace:INVALID_TRANSFORM_WITNESS:2400000,workspace,INVALID_TRANSFORM_WITNESS,False,0,DENY,E_TRANSFORM_AFTER_MISMATCH:adapter:/action/destination;E_TRANSFORM_RELATION_FALSE:adapter:/action/destination
NoAuthorityMonotonicity,attack:workspace:RELEASE_PREDICATE_BYPASS:2500000,workspace,RELEASE_PREDICATE_BYPASS,False,0,DENY,E_INVALID_RELEASE:/action/destination
NoAuthorityMonotonicity,attack:workspace:RELEASE_VALUE_SUBSTITUTION:2600000,workspace,RELEASE_VALUE_SUBSTITUTION,False,0,DENY,E_INVALID_RELEASE:/action/destination
NoAuthorityMonotonicity,attack:workspace:EXPIRED_RELEASE:2700000,workspace,EXPIRED_RELEASE,False,0,DENY,E_EXPIRED_RELEASE:release:workspace:attack:EXPIRED_RELEASE:2700000
NoAuthorityMonotonicity,attack:workspace:SUBJECT_SUBSTITUTION:2800000,workspace,SUBJECT_SUBSTITUTION,False,0,DENY,E_SUBJECT_SUBSTITUTION
NoAuthorityMonotonicity,attack:workspace:POST_PERMIT_ACTION_SUBSTITUTION:2900000,workspace,POST_PERMIT_ACTION_SUBSTITUTION,False,0,DENY,E_ACTION_SUBSTITUTION
NoAuthorityMonotonicity,attack:workspace:REVOKED_GRANT:3000000,workspace,REVOKED_GRANT,False,0,DENY,E_REVOKED_AT_FINALITY
NoAuthorityMonotonicity,attack:workspace:CONTRACT_GUARANTEE_VIOLATION:3100000,workspace,CONTRACT_GUARANTEE_VIOLATION,False,0,DENY,E_GUARANTEE_FALSE:2:canonical_destination
NoAuthorityMonotonicity,attack:finance:UNTRUSTED_FIELD_BINDING:1000,finance,UNTRUSTED_FIELD_BINDING,False,0,ESCALATE,E_UNRELEASED_FIELD:/action/parameters/amount_cents
NoAuthorityMonotonicity,attack:finance:DROP_PROVENANCE:101000,finance,DROP_PROVENANCE,False,0,DENY,E_ENSURED_FIELD_MISSING:2:/context/protected_field_sources;E_ENSURED_FIELD_MISSING:2:/context/provenance_root;E_NOT_PRESERVED:2:/context/protected_field_sources;E_NOT_PRESERVED:2:/context/provenance_root;E_PROVENANCE_CONTEXT
NoAuthorityMonotonicity,attack:finance:PROVENANCE_VALUE_SUBSTITUTION:201000,finance,PROVENANCE_VALUE_SUBSTITUTION,False,0,DENY,E_PROVENANCE_VALUE_MISMATCH:/action/parameters/amount_cents;E_UNDISCHARGED_ASSUMPTION:0:provenance-authenticated;E_UNDISCHARGED_ASSUMPTION:1:memory-context-preserved;E_UNDISCHARGED_ASSUMPTION:2:policy-authorized
NoAuthorityMonotonicity,attack:finance:UNTRUSTED_ROOT_PRODUCER:301000,finance,UNTRUSTED_ROOT_PRODUCER,False,0,DENY,E_UNDISCHARGED_ASSUMPTION:0:root-authenticated;E_UNDISCHARGED_ASSUMPTION:1:memory-context-preserved;E_UNDISCHARGED_ASSUMPTION:2:policy-authorized;E_UNTRUSTED_ROOT;E_UNTRUSTED_ROOT_ISSUER
NoAuthorityMonotonicity,attack:finance:ROOT_AUTHORITY_EXCEEDED:401000,finance,ROOT_AUTHORITY_EXCEEDED,False,0,DENY,E_ROOT_ACTION_SCOPE_EXCEEDED;E_ROOT_SCOPE_EXCEEDED;E_UNDISCHARGED_ASSUMPTION:0:root-authenticated;E_UNDISCHARGED_ASSUMPTION:1:memory-context-preserved;E_UNDISCHARGED_ASSUMPTION:2:policy-authorized
NoAuthorityMonotonicity,attack:finance:ROOT_SCOPE_EXCEEDED:501000,finance,ROOT_SCOPE_EXCEEDED,False,0,DENY,E_ROOT_ACTION_SCOPE_EXCEEDED;E_ROOT_SCOPE_EXCEEDED;E_UNDISCHARGED_ASSUMPTION:0:root-authenticated;E_UNDISCHARGED_ASSUMPTION:1:memory-context-preserved;E_UNDISCHARGED_ASSUMPTION:2:policy-authorized
NoAuthorityMonotonicity,attack:finance:ROOT_FIELD_CONSTRAINT_BYPASS:601000,finance,ROOT_FIELD_CONSTRAINT_BYPASS,False,0,DENY,E_ROOT_FIELD_CONSTRAINT:/action/parameters/amount_cents;E_UNDISCHARGED_ASSUMPTION:0:root-authenticated;E_UNDISCHARGED_ASSUMPTION:1:memory-context-preserved;E_UNDISCHARGED_ASSUMPTION:2:policy-authorized
NoAuthorityMonotonicity,attack:finance:PRINCIPAL_SUBSTITUTION:701000,finance,PRINCIPAL_SUBSTITUTION,False,0,DENY,E_NOT_PRESERVED:2:/context/principal
NoAuthorityMonotonicity,attack:finance:AUTHORITY_AMPLIFICATION:801000,finance,AUTHORITY_AMPLIFICATION,False,0,DENY,E_DELEGATION_WIDENING:0;E_ILLEGAL_TRANSFORM:0:/context/delegation_scope;E_NOT_PRESERVED:0:/action/destination;E_NOT_PRESERVED:0:/action/function;E_NOT_PRESERVED:0:/action/operation;E_NOT_PRESERVED:0:/action/resource;E_UNDISCHARGED_ASSUMPTION:1:memory-context-preserved;E_UNDISCHARGED_ASSUMPTION:2:policy-authorized
NoAuthorityMonotonicity,attack:finance:DELEGATION_WIDENING:901000,finance,DELEGATION_WIDENING,False,0,DENY,E_DELEGATION_WIDENING:0;E_ILLEGAL_TRANSFORM:0:/context/delegation_scope;E_NOT_PRESERVED:0:/action/resource;E_UNDISCHARGED_ASSUMPTION:1:memory-context-preserved;E_UNDISCHARGED_ASSUMPTION:2:policy-authorized
NoAuthorityMonotonicity,attack:finance:ARGUMENT_MUTATION:1001000,finance,ARGUMENT_MUTATION,False,0,DENY,E_NOT_PRESERVED:2:/action/parameters/amount_cents
NoAuthorityMonotonicity,attack:finance:DESTINATION_SUBSTITUTION:1101000,finance,DESTINATION_SUBSTITUTION,False,0,DENY,E_UNTRUSTED_TRANSFORM_ISSUER:adapter:/action/destination
NoAuthorityMonotonicity,attack:finance:TOOL_SERVER_SWAP:1201000,finance,TOOL_SERVER_SWAP,False,0,DENY,E_NOT_PRESERVED:2:/action/server_id;E_NOT_PRESERVED:2:/action/tool_manifest_digest;E_UNTRUSTED_TOOL_MANIFEST
NoAuthorityMonotonicity,attack:finance:POLICY_DOWNGRADE:1301000,finance,POLICY_DOWNGRADE,False,0,DENY,E_GUARANTEE_FALSE:2:policy_matches;E_ILLEGAL_TRANSFORM:2:/context/policy_digest;E_ILLEGAL_TRANSFORM:2:/context/policy_epoch;E_POLICY_DOWNGRADE:2;E_STALE_POLICY
NoAuthorityMonotonicity,attack:finance:NONCE_REPLAY:1401000,finance,NONCE_REPLAY,False,1,EXECUTE_ONCE,EXECUTED;IDEMPOTENT_REPLAY
NoAuthorityMonotonicity,attack:finance:ALTERNATE_PATH:1501000,finance,ALTERNATE_PATH,False,0,DENY,E_UNMEDIATED_PATH
NoAuthorityMonotonicity,attack:finance:MEMORY_LAUNDERING:1601000,finance,MEMORY_LAUNDERING,False,0,DENY,E_NOT_PRESERVED:0:/context/protected_field_sources;E_NOT_PRESERVED:0:/context/source_classes;E_UNDISCHARGED_ASSUMPTION:1:memory-context-preserved;E_UNDISCHARGED_ASSUMPTION:2:policy-authorized;E_UNRELEASED_FIELD:/action/parameters/amount_cents
NoAuthorityMonotonicity,attack:finance:TAINT_DOWNGRADE:1701000,finance,TAINT_DOWNGRADE,False,0,DENY,E_ILLEGAL_TRANSFORM:0:/context/taint;E_TAINT_DOWNGRADE:0;E_UNDISCHARGED_ASSUMPTION:1:memory-context-preserved;E_UNDISCHARGED_ASSUMPTION:2:policy-authorized;E_UNTRACKED_DATA_CLASS
NoAuthorityMonotonicity,attack:finance:EFFECT_CLASS_DOWNGRADE:1801000,finance,EFFECT_CLASS_DOWNGRADE,False,0,DENY,E_NOT_PRESERVED:2:/action/effect_class
NoAuthorityMonotonicity,attack:finance:CONTEXT_ROOT_OMISSION:1901000,finance,CONTEXT_ROOT_OMISSION,False,0,DENY,E_CONTEXT_ROOT;E_ENSURED_FIELD_MISSING:2:/context/context_root;E_NOT_PRESERVED:2:/context/context_root
NoAuthorityMonotonicity,attack:finance:RETRY_DUPLICATE:2001000,finance,RETRY_DUPLICATE,False,1,EXECUTE_ONCE,EXECUTED;IDEMPOTENT_REPLAY
NoAuthorityMonotonicity,attack:finance:UNAUTHORISED_STAGE_SIGNER:2101000,finance,UNAUTHORISED_STAGE_SIGNER,False,0,DENY,E_UNAUTHORISED_PREDECESSOR:1;E_UNAUTHORISED_STAGE_SIGNER:0;E_UNDISCHARGED_ASSUMPTION:1:memory-context-preserved;E_UNDISCHARGED_ASSUMPTION:2:policy-authorized
NoAuthorityMonotonicity,attack:finance:RECEIPT_PRODUCER_MISMATCH:2201000,finance,RECEIPT_PRODUCER_MISMATCH,False,0,DENY,E_RECEIPT_PRODUCER_MISMATCH:0;E_UNAUTHORISED_STAGE_SIGNER:0;E_UNDISCHARGED_ASSUMPTION:1:memory-context-preserved;E_UNDISCHARGED_ASSUMPTION:2:policy-authorized
NoAuthorityMonotonicity,attack:finance:MISSING_TRANSFORM_WITNESS:2301000,finance,MISSING_TRANSFORM_WITNESS,False,0,DENY,E_MISSING_TRANSFORM_WITNESS:2:/action/destination
NoAuthorityMonotonicity,attack:finance:INVALID_TRANSFORM_WITNESS:2401000,finance,INVALID_TRANSFORM_WITNESS,False,0,DENY,E_TRANSFORM_AFTER_MISMATCH:adapter:/action/destination;E_TRANSFORM_RELATION_FALSE:adapter:/action/destination
NoAuthorityMonotonicity,attack:finance:RELEASE_PREDICATE_BYPASS:2501000,finance,RELEASE_PREDICATE_BYPASS,False,0,DENY,E_INVALID_RELEASE:/action/parameters/amount_cents
NoAuthorityMonotonicity,attack:finance:RELEASE_VALUE_SUBSTITUTION:2601000,finance,RELEASE_VALUE_SUBSTITUTION,False,0,DENY,E_INVALID_RELEASE:/action/parameters/amount_cents
NoAuthorityMonotonicity,attack:finance:EXPIRED_RELEASE:2701000,finance,EXPIRED_RELEASE,False,0,DENY,E_EXPIRED_RELEASE:release:finance:attack:EXPIRED_RELEASE:2701000
NoAuthorityMonotonicity,attack:finance:SUBJECT_SUBSTITUTION:2801000,finance,SUBJECT_SUBSTITUTION,False,0,DENY,E_SUBJECT_SUBSTITUTION
NoAuthorityMonotonicity,attack:finance:POST_PERMIT_ACTION_SUBSTITUTION:2901000,finance,POST_PERMIT_ACTION_SUBSTITUTION,False,0,DENY,E_ACTION_SUBSTITUTION
NoAuthorityMonotonicity,attack:finance:REVOKED_GRANT:3001000,finance,REVOKED_GRANT,False,0,DENY,E_REVOKED_AT_FINALITY
NoAuthorityMonotonicity,attack:finance:CONTRACT_GUARANTEE_VIOLATION:3101000,finance,CONTRACT_GUARANTEE_VIOLATION,False,0,DENY,E_GUARANTEE_FALSE:2:canonical_destination
NoAuthorityMonotonicity,attack:devops:UNTRUSTED_FIELD_BINDING:2000,devops,UNTRUSTED_FIELD_BINDING,False,0,ESCALATE,E_UNRELEASED_FIELD:/action/parameters/commit
NoAuthorityMonotonicity,attack:devops:DROP_PROVENANCE:102000,devops,DROP_PROVENANCE,False,0,DENY,E_ENSURED_FIELD_MISSING:2:/context/protected_field_sources;E_ENSURED_FIELD_MISSING:2:/context/provenance_root;E_NOT_PRESERVED:2:/context/protected_field_sources;E_NOT_PRESERVED:2:/context/provenance_root;E_PROVENANCE_CONTEXT
NoAuthorityMonotonicity,attack:devops:PROVENANCE_VALUE_SUBSTITUTION:202000,devops,PROVENANCE_VALUE_SUBSTITUTION,False,0,DENY,E_PROVENANCE_VALUE_MISMATCH:/action/parameters/commit;E_UNDISCHARGED_ASSUMPTION:0:provenance-authenticated;E_UNDISCHARGED_ASSUMPTION:1:memory-context-preserved;E_UNDISCHARGED_ASSUMPTION:2:policy-authorized
NoAuthorityMonotonicity,attack:devops:UNTRUSTED_ROOT_PRODUCER:302000,devops,UNTRUSTED_ROOT_PRODUCER,False,0,DENY,E_UNDISCHARGED_ASSUMPTION:0:root-authenticated;E_UNDISCHARGED_ASSUMPTION:1:memory-context-preserved;E_UNDISCHARGED_ASSUMPTION:2:policy-authorized;E_UNTRUSTED_ROOT;E_UNTRUSTED_ROOT_ISSUER
NoAuthorityMonotonicity,attack:devops:ROOT_AUTHORITY_EXCEEDED:402000,devops,ROOT_AUTHORITY_EXCEEDED,False,0,DENY,E_ROOT_ACTION_SCOPE_EXCEEDED;E_ROOT_SCOPE_EXCEEDED;E_UNDISCHARGED_ASSUMPTION:0:root-authenticated;E_UNDISCHARGED_ASSUMPTION:1:memory-context-preserved;E_UNDISCHARGED_ASSUMPTION:2:policy-authorized
NoAuthorityMonotonicity,attack:devops:ROOT_SCOPE_EXCEEDED:502000,devops,ROOT_SCOPE_EXCEEDED,False,0,DENY,E_ROOT_ACTION_SCOPE_EXCEEDED;E_ROOT_SCOPE_EXCEEDED;E_UNDISCHARGED_ASSUMPTION:0:root-authenticated;E_UNDISCHARGED_ASSUMPTION:1:memory-context-preserved;E_UNDISCHARGED_ASSUMPTION:2:policy-authorized
NoAuthorityMonotonicity,attack:devops:ROOT_FIELD_CONSTRAINT_BYPASS:602000,devops,ROOT_FIELD_CONSTRAINT_BYPASS,False,0,DENY,E_ROOT_FIELD_CONSTRAINT:/action/parameters/commit;E_UNDISCHARGED_ASSUMPTION:0:root-authenticated;E_UNDISCHARGED_ASSUMPTION:1:memory-context-preserved;E_UNDISCHARGED_ASSUMPTION:2:policy-authorized
NoAuthorityMonotonicity,attack:devops:PRINCIPAL_SUBSTITUTION:702000,devops,PRINCIPAL_SUBSTITUTION,False,0,DENY,E_NOT_PRESERVED:2:/context/principal
NoAuthorityMonotonicity,attack:devops:AUTHORITY_AMPLIFICATION:802000,devops,AUTHORITY_AMPLIFICATION,False,0,DENY,E_DELEGATION_WIDENING:0;E_ILLEGAL_TRANSFORM:0:/context/delegation_scope;E_NOT_PRESERVED:0:/action/destination;E_NOT_PRESERVED:0:/action/function;E_NOT_PRESERVED:0:/action/operation;E_NOT_PRESERVED:0:/action/resource;E_UNDISCHARGED_ASSUMPTION:1:memory-context-preserved;E_UNDISCHARGED_ASSUMPTION:2:policy-authorized
NoAuthorityMonotonicity,attack:devops:DELEGATION_WIDENING:902000,devops,DELEGATION_WIDENING,False,0,DENY,E_DELEGATION_WIDENING:0;E_ILLEGAL_TRANSFORM:0:/context/delegation_scope;E_NOT_PRESERVED:0:/action/resource;E_UNDISCHARGED_ASSUMPTION:1:memory-context-preserved;E_UNDISCHARGED_ASSUMPTION:2:policy-authorized
NoAuthorityMonotonicity,attack:devops:ARGUMENT_MUTATION:1002000,devops,ARGUMENT_MUTATION,False,0,DENY,E_NOT_PRESERVED:2:/action/parameters/environment
NoAuthorityMonotonicity,attack:devops:DESTINATION_SUBSTITUTION:1102000,devops,DESTINATION_SUBSTITUTION,False,0,DENY,E_UNTRUSTED_TRANSFORM_ISSUER:adapter:/action/destination
NoAuthorityMonotonicity,attack:devops:TOOL_SERVER_SWAP:1202000,devops,TOOL_SERVER_SWAP,False,0,DENY,E_NOT_PRESERVED:2:/action/server_id;E_NOT_PRESERVED:2:/action/tool_manifest_digest;E_UNTRUSTED_TOOL_MANIFEST
NoAuthorityMonotonicity,attack:devops:POLICY_DOWNGRADE:1302000,devops,POLICY_DOWNGRADE,False,0,DENY,E_GUARANTEE_FALSE:2:policy_matches;E_ILLEGAL_TRANSFORM:2:/context/policy_digest;E_ILLEGAL_TRANSFORM:2:/context/policy_epoch;E_POLICY_DOWNGRADE:2;E_STALE_POLICY
NoAuthorityMonotonicity,attack:devops:NONCE_REPLAY:1402000,devops,NONCE_REPLAY,False,1,EXECUTE_ONCE,EXECUTED;IDEMPOTENT_REPLAY
NoAuthorityMonotonicity,attack:devops:ALTERNATE_PATH:1502000,devops,ALTERNATE_PATH,False,0,DENY,E_UNMEDIATED_PATH
NoAuthorityMonotonicity,attack:devops:MEMORY_LAUNDERING:1602000,devops,MEMORY_LAUNDERING,False,0,DENY,E_NOT_PRESERVED:0:/context/protected_field_sources;E_NOT_PRESERVED:0:/context/source_classes;E_UNDISCHARGED_ASSUMPTION:1:memory-context-preserved;E_UNDISCHARGED_ASSUMPTION:2:policy-authorized;E_UNRELEASED_FIELD:/action/parameters/commit
NoAuthorityMonotonicity,attack:devops:TAINT_DOWNGRADE:1702000,devops,TAINT_DOWNGRADE,False,0,DENY,E_ILLEGAL_TRANSFORM:0:/context/taint;E_TAINT_DOWNGRADE:0;E_UNDISCHARGED_ASSUMPTION:1:memory-context-preserved;E_UNDISCHARGED_ASSUMPTION:2:policy-authorized;E_UNTRACKED_DATA_CLASS
NoAuthorityMonotonicity,attack:devops:EFFECT_CLASS_DOWNGRADE:1802000,devops,EFFECT_CLASS_DOWNGRADE,False,0,DENY,E_NOT_PRESERVED:2:/action/effect_class
NoAuthorityMonotonicity,attack:devops:CONTEXT_ROOT_OMISSION:1902000,devops,CONTEXT_ROOT_OMISSION,False,0,DENY,E_CONTEXT_ROOT;E_ENSURED_FIELD_MISSING:2:/context/context_root;E_NOT_PRESERVED:2:/context/context_root
NoAuthorityMonotonicity,attack:devops:RETRY_DUPLICATE:2002000,devops,RETRY_DUPLICATE,False,1,EXECUTE_ONCE,EXECUTED;IDEMPOTENT_REPLAY
NoAuthorityMonotonicity,attack:devops:UNAUTHORISED_STAGE_SIGNER:2102000,devops,UNAUTHORISED_STAGE_SIGNER,False,0,DENY,E_UNAUTHORISED_PREDECESSOR:1;E_UNAUTHORISED_STAGE_SIGNER:0;E_UNDISCHARGED_ASSUMPTION:1:memory-context-preserved;E_UNDISCHARGED_ASSUMPTION:2:policy-authorized
NoAuthorityMonotonicity,attack:devops:RECEIPT_PRODUCER_MISMATCH:2202000,devops,RECEIPT_PRODUCER_MISMATCH,False,0,DENY,E_RECEIPT_PRODUCER_MISMATCH:0;E_UNAUTHORISED_STAGE_SIGNER:0;E_UNDISCHARGED_ASSUMPTION:1:memory-context-preserved;E_UNDISCHARGED_ASSUMPTION:2:policy-authorized
NoAuthorityMonotonicity,attack:devops:MISSING_TRANSFORM_WITNESS:2302000,devops,MISSING_TRANSFORM_WITNESS,False,0,DENY,E_MISSING_TRANSFORM_WITNESS:2:/action/destination
NoAuthorityMonotonicity,attack:devops:INVALID_TRANSFORM_WITNESS:2402000,devops,INVALID_TRANSFORM_WITNESS,False,0,DENY,E_TRANSFORM_AFTER_MISMATCH:adapter:/action/destination;E_TRANSFORM_RELATION_FALSE:adapter:/action/destination
NoAuthorityMonotonicity,attack:devops:RELEASE_PREDICATE_BYPASS:2502000,devops,RELEASE_PREDICATE_BYPASS,False,0,DENY,E_INVALID_RELEASE:/action/parameters/commit
NoAuthorityMonotonicity,attack:devops:RELEASE_VALUE_SUBSTITUTION:2602000,devops,RELEASE_VALUE_SUBSTITUTION,False,0,DENY,E_INVALID_RELEASE:/action/parameters/commit
NoAuthorityMonotonicity,attack:devops:EXPIRED_RELEASE:2702000,devops,EXPIRED_RELEASE,False,0,DENY,E_EXPIRED_RELEASE:release:devops:attack:EXPIRED_RELEASE:2702000
NoAuthorityMonotonicity,attack:devops:SUBJECT_SUBSTITUTION:2802000,devops,SUBJECT_SUBSTITUTION,False,0,DENY,E_SUBJECT_SUBSTITUTION
NoAuthorityMonotonicity,attack:devops:POST_PERMIT_ACTION_SUBSTITUTION:2902000,devops,POST_PERMIT_ACTION_SUBSTITUTION,False,0,DENY,E_ACTION_SUBSTITUTION
NoAuthorityMonotonicity,attack:devops:REVOKED_GRANT:3002000,devops,REVOKED_GRANT,False,0,DENY,E_REVOKED_AT_FINALITY
NoAuthorityMonotonicity,attack:devops:CONTRACT_GUARANTEE_VIOLATION:3102000,devops,CONTRACT_GUARANTEE_VIOLATION,False,0,DENY,E_GUARANTEE_FALSE:2:canonical_destination
NoAuthorityMonotonicity,attack:multiagent:UNTRUSTED_FIELD_BINDING:3000,multiagent,UNTRUSTED_FIELD_BINDING,False,0,ESCALATE,E_UNRELEASED_FIELD:/action/parameters/capability
NoAuthorityMonotonicity,attack:multiagent:DROP_PROVENANCE:103000,multiagent,DROP_PROVENANCE,False,0,DENY,E_ENSURED_FIELD_MISSING:2:/context/protected_field_sources;E_ENSURED_FIELD_MISSING:2:/context/provenance_root;E_NOT_PRESERVED:2:/context/protected_field_sources;E_NOT_PRESERVED:2:/context/provenance_root;E_PROVENANCE_CONTEXT
NoAuthorityMonotonicity,attack:multiagent:PROVENANCE_VALUE_SUBSTITUTION:203000,multiagent,PROVENANCE_VALUE_SUBSTITUTION,False,0,DENY,E_PROVENANCE_VALUE_MISMATCH:/action/parameters/capability;E_UNDISCHARGED_ASSUMPTION:0:provenance-authenticated;E_UNDISCHARGED_ASSUMPTION:1:memory-context-preserved;E_UNDISCHARGED_ASSUMPTION:2:policy-authorized
NoAuthorityMonotonicity,attack:multiagent:UNTRUSTED_ROOT_PRODUCER:303000,multiagent,UNTRUSTED_ROOT_PRODUCER,False,0,DENY,E_UNDISCHARGED_ASSUMPTION:0:root-authenticated;E_UNDISCHARGED_ASSUMPTION:1:memory-context-preserved;E_UNDISCHARGED_ASSUMPTION:2:policy-authorized;E_UNTRUSTED_ROOT;E_UNTRUSTED_ROOT_ISSUER
NoAuthorityMonotonicity,attack:multiagent:ROOT_AUTHORITY_EXCEEDED:403000,multiagent,ROOT_AUTHORITY_EXCEEDED,False,0,DENY,E_ROOT_ACTION_SCOPE_EXCEEDED;E_ROOT_SCOPE_EXCEEDED;E_UNDISCHARGED_ASSUMPTION:0:root-authenticated;E_UNDISCHARGED_ASSUMPTION:1:memory-context-preserved;E_UNDISCHARGED_ASSUMPTION:2:policy-authorized
NoAuthorityMonotonicity,attack:multiagent:ROOT_SCOPE_EXCEEDED:503000,multiagent,ROOT_SCOPE_EXCEEDED,False,0,DENY,E_ROOT_ACTION_SCOPE_EXCEEDED;E_ROOT_SCOPE_EXCEEDED;E_UNDISCHARGED_ASSUMPTION:0:root-authenticated;E_UNDISCHARGED_ASSUMPTION:1:memory-context-preserved;E_UNDISCHARGED_ASSUMPTION:2:policy-authorized
NoAuthorityMonotonicity,attack:multiagent:ROOT_FIELD_CONSTRAINT_BYPASS:603000,multiagent,ROOT_FIELD_CONSTRAINT_BYPASS,False,0,DENY,E_ROOT_FIELD_CONSTRAINT:/action/parameters/capability;E_UNDISCHARGED_ASSUMPTION:0:root-authenticated;E_UNDISCHARGED_ASSUMPTION:1:memory-context-preserved;E_UNDISCHARGED_ASSUMPTION:2:policy-authorized
NoAuthorityMonotonicity,attack:multiagent:PRINCIPAL_SUBSTITUTION:703000,multiagent,PRINCIPAL_SUBSTITUTION,False,0,DENY,E_NOT_PRESERVED:2:/context/principal
NoAuthorityMonotonicity,attack:multiagent:AUTHORITY_AMPLIFICATION:803000,multiagent,AUTHORITY_AMPLIFICATION,False,0,DENY,E_DELEGATION_WIDENING:0;E_ILLEGAL_TRANSFORM:0:/context/delegation_scope;E_NOT_PRESERVED:0:/action/destination;E_NOT_PRESERVED:0:/action/function;E_NOT_PRESERVED:0:/action/operation;E_NOT_PRESERVED:0:/action/resource;E_UNDISCHARGED_ASSUMPTION:1:memory-context-preserved;E_UNDISCHARGED_ASSUMPTION:2:policy-authorized
NoAuthorityMonotonicity,attack:multiagent:DELEGATION_WIDENING:903000,multiagent,DELEGATION_WIDENING,False,0,DENY,E_DELEGATION_WIDENING:0;E_ILLEGAL_TRANSFORM:0:/context/delegation_scope;E_NOT_PRESERVED:0:/action/resource;E_UNDISCHARGED_ASSUMPTION:1:memory-context-preserved;E_UNDISCHARGED_ASSUMPTION:2:policy-authorized
NoAuthorityMonotonicity,attack:multiagent:ARGUMENT_MUTATION:1003000,multiagent,ARGUMENT_MUTATION,False,0,DENY,E_NOT_PRESERVED:2:/action/parameters/max_depth
NoAuthorityMonotonicity,attack:multiagent:DESTINATION_SUBSTITUTION:1103000,multiagent,DESTINATION_SUBSTITUTION,False,0,DENY,E_UNTRUSTED_TRANSFORM_ISSUER:adapter:/action/destination
NoAuthorityMonotonicity,attack:multiagent:TOOL_SERVER_SWAP:1203000,multiagent,TOOL_SERVER_SWAP,False,0,DENY,E_NOT_PRESERVED:2:/action/server_id;E_NOT_PRESERVED:2:/action/tool_manifest_digest;E_UNTRUSTED_TOOL_MANIFEST
NoAuthorityMonotonicity,attack:multiagent:POLICY_DOWNGRADE:1303000,multiagent,POLICY_DOWNGRADE,False,0,DENY,E_GUARANTEE_FALSE:2:policy_matches;E_ILLEGAL_TRANSFORM:2:/context/policy_digest;E_ILLEGAL_TRANSFORM:2:/context/policy_epoch;E_POLICY_DOWNGRADE:2;E_STALE_POLICY
NoAuthorityMonotonicity,attack:multiagent:NONCE_REPLAY:1403000,multiagent,NONCE_REPLAY,False,1,EXECUTE_ONCE,EXECUTED;IDEMPOTENT_REPLAY
NoAuthorityMonotonicity,attack:multiagent:ALTERNATE_PATH:1503000,multiagent,ALTERNATE_PATH,False,0,DENY,E_UNMEDIATED_PATH
NoAuthorityMonotonicity,attack:multiagent:MEMORY_LAUNDERING:1603000,multiagent,MEMORY_LAUNDERING,False,0,DENY,E_NOT_PRESERVED:0:/context/protected_field_sources;E_NOT_PRESERVED:0:/context/source_classes;E_UNDISCHARGED_ASSUMPTION:1:memory-context-preserved;E_UNDISCHARGED_ASSUMPTION:2:policy-authorized;E_UNRELEASED_FIELD:/action/parameters/capability
NoAuthorityMonotonicity,attack:multiagent:TAINT_DOWNGRADE:1703000,multiagent,TAINT_DOWNGRADE,False,0,DENY,E_ILLEGAL_TRANSFORM:0:/context/taint;E_TAINT_DOWNGRADE:0;E_UNDISCHARGED_ASSUMPTION:1:memory-context-preserved;E_UNDISCHARGED_ASSUMPTION:2:policy-authorized;E_UNTRACKED_DATA_CLASS
NoAuthorityMonotonicity,attack:multiagent:EFFECT_CLASS_DOWNGRADE:1803000,multiagent,EFFECT_CLASS_DOWNGRADE,False,0,DENY,E_NOT_PRESERVED:2:/action/effect_class
NoAuthorityMonotonicity,attack:multiagent:CONTEXT_ROOT_OMISSION:1903000,multiagent,CONTEXT_ROOT_OMISSION,False,0,DENY,E_CONTEXT_ROOT;E_ENSURED_FIELD_MISSING:2:/context/context_root;E_NOT_PRESERVED:2:/context/context_root
NoAuthorityMonotonicity,attack:multiagent:RETRY_DUPLICATE:2003000,multiagent,RETRY_DUPLICATE,False,1,EXECUTE_ONCE,EXECUTED;IDEMPOTENT_REPLAY
NoAuthorityMonotonicity,attack:multiagent:UNAUTHORISED_STAGE_SIGNER:2103000,multiagent,UNAUTHORISED_STAGE_SIGNER,False,0,DENY,E_UNAUTHORISED_PREDECESSOR:1;E_UNAUTHORISED_STAGE_SIGNER:0;E_UNDISCHARGED_ASSUMPTION:1:memory-context-preserved;E_UNDISCHARGED_ASSUMPTION:2:policy-authorized
NoAuthorityMonotonicity,attack:multiagent:RECEIPT_PRODUCER_MISMATCH:2203000,multiagent,RECEIPT_PRODUCER_MISMATCH,False,0,DENY,E_RECEIPT_PRODUCER_MISMATCH:0;E_UNAUTHORISED_STAGE_SIGNER:0;E_UNDISCHARGED_ASSUMPTION:1:memory-context-preserved;E_UNDISCHARGED_ASSUMPTION:2:policy-authorized
NoAuthorityMonotonicity,attack:multiagent:MISSING_TRANSFORM_WITNESS:2303000,multiagent,MISSING_TRANSFORM_WITNESS,False,0,DENY,E_MISSING_TRANSFORM_WITNESS:2:/action/destination
NoAuthorityMonotonicity,attack:multiagent:INVALID_TRANSFORM_WITNESS:2403000,multiagent,INVALID_TRANSFORM_WITNESS,False,0,DENY,E_TRANSFORM_AFTER_MISMATCH:adapter:/action/destination;E_TRANSFORM_RELATION_FALSE:adapter:/action/destination
NoAuthorityMonotonicity,attack:multiagent:RELEASE_PREDICATE_BYPASS:2503000,multiagent,RELEASE_PREDICATE_BYPASS,False,0,DENY,E_INVALID_RELEASE:/action/parameters/capability
NoAuthorityMonotonicity,attack:multiagent:RELEASE_VALUE_SUBSTITUTION:2603000,multiagent,RELEASE_VALUE_SUBSTITUTION,False,0,DENY,E_INVALID_RELEASE:/action/parameters/capability
NoAuthorityMonotonicity,attack:multiagent:EXPIRED_RELEASE:2703000,multiagent,EXPIRED_RELEASE,False,0,DENY,E_EXPIRED_RELEASE:release:multiagent:attack:EXPIRED_RELEASE:2703000
NoAuthorityMonotonicity,attack:multiagent:SUBJECT_SUBSTITUTION:2803000,multiagent,SUBJECT_SUBSTITUTION,False,0,DENY,E_SUBJECT_SUBSTITUTION
NoAuthorityMonotonicity,attack:multiagent:POST_PERMIT_ACTION_SUBSTITUTION:2903000,multiagent,POST_PERMIT_ACTION_SUBSTITUTION,False,0,DENY,E_ACTION_SUBSTITUTION
NoAuthorityMonotonicity,attack:multiagent:REVOKED_GRANT:3003000,multiagent,REVOKED_GRANT,False,0,DENY,E_REVOKED_AT_FINALITY
NoAuthorityMonotonicity,attack:multiagent:CONTRACT_GUARANTEE_VIOLATION:3103000,multiagent,CONTRACT_GUARANTEE_VIOLATION,False,0,DENY,E_GUARANTEE_FALSE:2:canonical_destination
NoDelegationMonotonicity,attack:workspace:UNTRUSTED_FIELD_BINDING:0,workspace,UNTRUSTED_FIELD_BINDING,False,0,ESCALATE,E_UNRELEASED_FIELD:/action/destination
NoDelegationMonotonicity,attack:workspace:DROP_PROVENANCE:100000,workspace,DROP_PROVENANCE,False,0,DENY,E_ENSURED_FIELD_MISSING:2:/context/protected_field_sources;E_ENSURED_FIELD_MISSING:2:/context/provenance_root;E_NOT_PRESERVED:2:/context/protected_field_sources;E_NOT_PRESERVED:2:/context/provenance_root;E_PROVENANCE_CONTEXT
NoDelegationMonotonicity,attack:workspace:PROVENANCE_VALUE_SUBSTITUTION:200000,workspace,PROVENANCE_VALUE_SUBSTITUTION,False,0,DENY,E_PROVENANCE_VALUE_MISMATCH:/action/destination;E_UNDISCHARGED_ASSUMPTION:0:provenance-authenticated;E_UNDISCHARGED_ASSUMPTION:1:memory-context-preserved;E_UNDISCHARGED_ASSUMPTION:2:policy-authorized
NoDelegationMonotonicity,attack:workspace:UNTRUSTED_ROOT_PRODUCER:300000,workspace,UNTRUSTED_ROOT_PRODUCER,False,0,DENY,E_UNDISCHARGED_ASSUMPTION:0:root-authenticated;E_UNDISCHARGED_ASSUMPTION:1:memory-context-preserved;E_UNDISCHARGED_ASSUMPTION:2:policy-authorized;E_UNTRUSTED_ROOT;E_UNTRUSTED_ROOT_ISSUER
NoDelegationMonotonicity,attack:workspace:ROOT_AUTHORITY_EXCEEDED:400000,workspace,ROOT_AUTHORITY_EXCEEDED,False,0,DENY,E_ROOT_AUTHORITY_EXCEEDED;E_ROOT_OPERATION_NOT_GRANTED;E_UNDISCHARGED_ASSUMPTION:0:root-authenticated;E_UNDISCHARGED_ASSUMPTION:1:memory-context-preserved;E_UNDISCHARGED_ASSUMPTION:2:policy-authorized
NoDelegationMonotonicity,attack:workspace:ROOT_SCOPE_EXCEEDED:500000,workspace,ROOT_SCOPE_EXCEEDED,True,1,EXECUTE,EXECUTED
NoDelegationMonotonicity,attack:workspace:ROOT_FIELD_CONSTRAINT_BYPASS:600000,workspace,ROOT_FIELD_CONSTRAINT_BYPASS,False,0,DENY,E_ROOT_FIELD_CONSTRAINT:/action/destination;E_UNDISCHARGED_ASSUMPTION:0:root-authenticated;E_UNDISCHARGED_ASSUMPTION:1:memory-context-preserved;E_UNDISCHARGED_ASSUMPTION:2:policy-authorized
NoDelegationMonotonicity,attack:workspace:PRINCIPAL_SUBSTITUTION:700000,workspace,PRINCIPAL_SUBSTITUTION,False,0,DENY,E_NOT_PRESERVED:2:/context/principal
NoDelegationMonotonicity,attack:workspace:AUTHORITY_AMPLIFICATION:800000,workspace,AUTHORITY_AMPLIFICATION,False,0,DENY,E_AUTHORITY_AMPLIFICATION:0;E_ILLEGAL_TRANSFORM:0:/context/authority;E_NOT_PRESERVED:0:/action/destination;E_NOT_PRESERVED:0:/action/function;E_NOT_PRESERVED:0:/action/operation;E_NOT_PRESERVED:0:/action/resource;E_UNDISCHARGED_ASSUMPTION:1:memory-context-preserved;E_UNDISCHARGED_ASSUMPTION:2:policy-authorized
NoDelegationMonotonicity,attack:workspace:DELEGATION_WIDENING:900000,workspace,DELEGATION_WIDENING,False,0,DENY,E_NOT_PRESERVED:0:/action/resource;E_UNDISCHARGED_ASSUMPTION:1:memory-context-preserved;E_UNDISCHARGED_ASSUMPTION:2:policy-authorized
NoDelegationMonotonicity,attack:workspace:ARGUMENT_MUTATION:1000000,workspace,ARGUMENT_MUTATION,False,0,DENY,E_NOT_PRESERVED:2:/action/parameters/body
NoDelegationMonotonicity,attack:workspace:DESTINATION_SUBSTITUTION:1100000,workspace,DESTINATION_SUBSTITUTION,False,0,DENY,E_UNTRUSTED_TRANSFORM_ISSUER:adapter:/action/destination
NoDelegationMonotonicity,attack:workspace:TOOL_SERVER_SWAP:1200000,workspace,TOOL_SERVER_SWAP,False,0,DENY,E_NOT_PRESERVED:2:/action/server_id;E_NOT_PRESERVED:2:/action/tool_manifest_digest;E_UNTRUSTED_TOOL_MANIFEST
NoDelegationMonotonicity,attack:workspace:POLICY_DOWNGRADE:1300000,workspace,POLICY_DOWNGRADE,False,0,DENY,E_GUARANTEE_FALSE:2:policy_matches;E_ILLEGAL_TRANSFORM:2:/context/policy_digest;E_ILLEGAL_TRANSFORM:2:/context/policy_epoch;E_POLICY_DOWNGRADE:2;E_STALE_POLICY
NoDelegationMonotonicity,attack:workspace:NONCE_REPLAY:1400000,workspace,NONCE_REPLAY,False,1,EXECUTE_ONCE,EXECUTED;IDEMPOTENT_REPLAY
NoDelegationMonotonicity,attack:workspace:ALTERNATE_PATH:1500000,workspace,ALTERNATE_PATH,False,0,DENY,E_UNMEDIATED_PATH
NoDelegationMonotonicity,attack:workspace:MEMORY_LAUNDERING:1600000,workspace,MEMORY_LAUNDERING,False,0,DENY,E_NOT_PRESERVED:0:/context/protected_field_sources;E_NOT_PRESERVED:0:/context/source_classes;E_UNDISCHARGED_ASSUMPTION:1:memory-context-preserved;E_UNDISCHARGED_ASSUMPTION:2:policy-authorized;E_UNRELEASED_FIELD:/action/destination
NoDelegationMonotonicity,attack:workspace:TAINT_DOWNGRADE:1700000,workspace,TAINT_DOWNGRADE,False,0,DENY,E_ILLEGAL_TRANSFORM:0:/context/taint;E_TAINT_DOWNGRADE:0;E_UNDISCHARGED_ASSUMPTION:1:memory-context-preserved;E_UNDISCHARGED_ASSUMPTION:2:policy-authorized;E_UNTRACKED_DATA_CLASS
NoDelegationMonotonicity,attack:workspace:EFFECT_CLASS_DOWNGRADE:1800000,workspace,EFFECT_CLASS_DOWNGRADE,False,0,DENY,E_NOT_PRESERVED:2:/action/effect_class
NoDelegationMonotonicity,attack:workspace:CONTEXT_ROOT_OMISSION:1900000,workspace,CONTEXT_ROOT_OMISSION,False,0,DENY,E_CONTEXT_ROOT;E_ENSURED_FIELD_MISSING:2:/context/context_root;E_NOT_PRESERVED:2:/context/context_root
NoDelegationMonotonicity,attack:workspace:RETRY_DUPLICATE:2000000,workspace,RETRY_DUPLICATE,False,1,EXECUTE_ONCE,EXECUTED;IDEMPOTENT_REPLAY
NoDelegationMonotonicity,attack:workspace:UNAUTHORISED_STAGE_SIGNER:2100000,workspace,UNAUTHORISED_STAGE_SIGNER,False,0,DENY,E_UNAUTHORISED_PREDECESSOR:1;E_UNAUTHORISED_STAGE_SIGNER:0;E_UNDISCHARGED_ASSUMPTION:1:memory-context-preserved;E_UNDISCHARGED_ASSUMPTION:2:policy-authorized
NoDelegationMonotonicity,attack:workspace:RECEIPT_PRODUCER_MISMATCH:2200000,workspace,RECEIPT_PRODUCER_MISMATCH,False,0,DENY,E_RECEIPT_PRODUCER_MISMATCH:0;E_UNAUTHORISED_STAGE_SIGNER:0;E_UNDISCHARGED_ASSUMPTION:1:memory-context-preserved;E_UNDISCHARGED_ASSUMPTION:2:policy-authorized
NoDelegationMonotonicity,attack:workspace:MISSING_TRANSFORM_WITNESS:2300000,workspace,MISSING_TRANSFORM_WITNESS,False,0,DENY,E_MISSING_TRANSFORM_WITNESS:2:/action/destination
NoDelegationMonotonicity,attack:workspace:INVALID_TRANSFORM_WITNESS:2400000,workspace,INVALID_TRANSFORM_WITNESS,False,0,DENY,E_TRANSFORM_AFTER_MISMATCH:adapter:/action/destination;E_TRANSFORM_RELATION_FALSE:adapter:/action/destination
NoDelegationMonotonicity,attack:workspace:RELEASE_PREDICATE_BYPASS:2500000,workspace,RELEASE_PREDICATE_BYPASS,False,0,DENY,E_INVALID_RELEASE:/action/destination
NoDelegationMonotonicity,attack:workspace:RELEASE_VALUE_SUBSTITUTION:2600000,workspace,RELEASE_VALUE_SUBSTITUTION,False,0,DENY,E_INVALID_RELEASE:/action/destination
NoDelegationMonotonicity,attack:workspace:EXPIRED_RELEASE:2700000,workspace,EXPIRED_RELEASE,False,0,DENY,E_EXPIRED_RELEASE:release:workspace:attack:EXPIRED_RELEASE:2700000
NoDelegationMonotonicity,attack:workspace:SUBJECT_SUBSTITUTION:2800000,workspace,SUBJECT_SUBSTITUTION,False,0,DENY,E_SUBJECT_SUBSTITUTION
NoDelegationMonotonicity,attack:workspace:POST_PERMIT_ACTION_SUBSTITUTION:2900000,workspace,POST_PERMIT_ACTION_SUBSTITUTION,False,0,DENY,E_ACTION_SUBSTITUTION
NoDelegationMonotonicity,attack:workspace:REVOKED_GRANT:3000000,workspace,REVOKED_GRANT,False,0,DENY,E_REVOKED_AT_FINALITY
NoDelegationMonotonicity,attack:workspace:CONTRACT_GUARANTEE_VIOLATION:3100000,workspace,CONTRACT_GUARANTEE_VIOLATION,False,0,DENY,E_GUARANTEE_FALSE:2:canonical_destination
NoDelegationMonotonicity,attack:finance:UNTRUSTED_FIELD_BINDING:1000,finance,UNTRUSTED_FIELD_BINDING,False,0,ESCALATE,E_UNRELEASED_FIELD:/action/parameters/amount_cents
NoDelegationMonotonicity,attack:finance:DROP_PROVENANCE:101000,finance,DROP_PROVENANCE,False,0,DENY,E_ENSURED_FIELD_MISSING:2:/context/protected_field_sources;E_ENSURED_FIELD_MISSING:2:/context/provenance_root;E_NOT_PRESERVED:2:/context/protected_field_sources;E_NOT_PRESERVED:2:/context/provenance_root;E_PROVENANCE_CONTEXT
NoDelegationMonotonicity,attack:finance:PROVENANCE_VALUE_SUBSTITUTION:201000,finance,PROVENANCE_VALUE_SUBSTITUTION,False,0,DENY,E_PROVENANCE_VALUE_MISMATCH:/action/parameters/amount_cents;E_UNDISCHARGED_ASSUMPTION:0:provenance-authenticated;E_UNDISCHARGED_ASSUMPTION:1:memory-context-preserved;E_UNDISCHARGED_ASSUMPTION:2:policy-authorized
NoDelegationMonotonicity,attack:finance:UNTRUSTED_ROOT_PRODUCER:301000,finance,UNTRUSTED_ROOT_PRODUCER,False,0,DENY,E_UNDISCHARGED_ASSUMPTION:0:root-authenticated;E_UNDISCHARGED_ASSUMPTION:1:memory-context-preserved;E_UNDISCHARGED_ASSUMPTION:2:policy-authorized;E_UNTRUSTED_ROOT;E_UNTRUSTED_ROOT_ISSUER
NoDelegationMonotonicity,attack:finance:ROOT_AUTHORITY_EXCEEDED:401000,finance,ROOT_AUTHORITY_EXCEEDED,False,0,DENY,E_ROOT_AUTHORITY_EXCEEDED;E_ROOT_OPERATION_NOT_GRANTED;E_UNDISCHARGED_ASSUMPTION:0:root-authenticated;E_UNDISCHARGED_ASSUMPTION:1:memory-context-preserved;E_UNDISCHARGED_ASSUMPTION:2:policy-authorized
NoDelegationMonotonicity,attack:finance:ROOT_SCOPE_EXCEEDED:501000,finance,ROOT_SCOPE_EXCEEDED,True,1,EXECUTE,EXECUTED
NoDelegationMonotonicity,attack:finance:ROOT_FIELD_CONSTRAINT_BYPASS:601000,finance,ROOT_FIELD_CONSTRAINT_BYPASS,False,0,DENY,E_ROOT_FIELD_CONSTRAINT:/action/parameters/amount_cents;E_UNDISCHARGED_ASSUMPTION:0:root-authenticated;E_UNDISCHARGED_ASSUMPTION:1:memory-context-preserved;E_UNDISCHARGED_ASSUMPTION:2:policy-authorized
NoDelegationMonotonicity,attack:finance:PRINCIPAL_SUBSTITUTION:701000,finance,PRINCIPAL_SUBSTITUTION,False,0,DENY,E_NOT_PRESERVED:2:/context/principal
NoDelegationMonotonicity,attack:finance:AUTHORITY_AMPLIFICATION:801000,finance,AUTHORITY_AMPLIFICATION,False,0,DENY,E_AUTHORITY_AMPLIFICATION:0;E_ILLEGAL_TRANSFORM:0:/context/authority;E_NOT_PRESERVED:0:/action/destination;E_NOT_PRESERVED:0:/action/function;E_NOT_PRESERVED:0:/action/operation;E_NOT_PRESERVED:0:/action/resource;E_UNDISCHARGED_ASSUMPTION:1:memory-context-preserved;E_UNDISCHARGED_ASSUMPTION:2:policy-authorized
NoDelegationMonotonicity,attack:finance:DELEGATION_WIDENING:901000,finance,DELEGATION_WIDENING,False,0,DENY,E_NOT_PRESERVED:0:/action/resource;E_UNDISCHARGED_ASSUMPTION:1:memory-context-preserved;E_UNDISCHARGED_ASSUMPTION:2:policy-authorized
NoDelegationMonotonicity,attack:finance:ARGUMENT_MUTATION:1001000,finance,ARGUMENT_MUTATION,False,0,DENY,E_NOT_PRESERVED:2:/action/parameters/amount_cents
NoDelegationMonotonicity,attack:finance:DESTINATION_SUBSTITUTION:1101000,finance,DESTINATION_SUBSTITUTION,False,0,DENY,E_UNTRUSTED_TRANSFORM_ISSUER:adapter:/action/destination
NoDelegationMonotonicity,attack:finance:TOOL_SERVER_SWAP:1201000,finance,TOOL_SERVER_SWAP,False,0,DENY,E_NOT_PRESERVED:2:/action/server_id;E_NOT_PRESERVED:2:/action/tool_manifest_digest;E_UNTRUSTED_TOOL_MANIFEST
NoDelegationMonotonicity,attack:finance:POLICY_DOWNGRADE:1301000,finance,POLICY_DOWNGRADE,False,0,DENY,E_GUARANTEE_FALSE:2:policy_matches;E_ILLEGAL_TRANSFORM:2:/context/policy_digest;E_ILLEGAL_TRANSFORM:2:/context/policy_epoch;E_POLICY_DOWNGRADE:2;E_STALE_POLICY
NoDelegationMonotonicity,attack:finance:NONCE_REPLAY:1401000,finance,NONCE_REPLAY,False,1,EXECUTE_ONCE,EXECUTED;IDEMPOTENT_REPLAY
NoDelegationMonotonicity,attack:finance:ALTERNATE_PATH:1501000,finance,ALTERNATE_PATH,False,0,DENY,E_UNMEDIATED_PATH
NoDelegationMonotonicity,attack:finance:MEMORY_LAUNDERING:1601000,finance,MEMORY_LAUNDERING,False,0,DENY,E_NOT_PRESERVED:0:/context/protected_field_sources;E_NOT_PRESERVED:0:/context/source_classes;E_UNDISCHARGED_ASSUMPTION:1:memory-context-preserved;E_UNDISCHARGED_ASSUMPTION:2:policy-authorized;E_UNRELEASED_FIELD:/action/parameters/amount_cents
NoDelegationMonotonicity,attack:finance:TAINT_DOWNGRADE:1701000,finance,TAINT_DOWNGRADE,False,0,DENY,E_ILLEGAL_TRANSFORM:0:/context/taint;E_TAINT_DOWNGRADE:0;E_UNDISCHARGED_ASSUMPTION:1:memory-context-preserved;E_UNDISCHARGED_ASSUMPTION:2:policy-authorized;E_UNTRACKED_DATA_CLASS
NoDelegationMonotonicity,attack:finance:EFFECT_CLASS_DOWNGRADE:1801000,finance,EFFECT_CLASS_DOWNGRADE,False,0,DENY,E_NOT_PRESERVED:2:/action/effect_class
NoDelegationMonotonicity,attack:finance:CONTEXT_ROOT_OMISSION:1901000,finance,CONTEXT_ROOT_OMISSION,False,0,DENY,E_CONTEXT_ROOT;E_ENSURED_FIELD_MISSING:2:/context/context_root;E_NOT_PRESERVED:2:/context/context_root
NoDelegationMonotonicity,attack:finance:RETRY_DUPLICATE:2001000,finance,RETRY_DUPLICATE,False,1,EXECUTE_ONCE,EXECUTED;IDEMPOTENT_REPLAY
NoDelegationMonotonicity,attack:finance:UNAUTHORISED_STAGE_SIGNER:2101000,finance,UNAUTHORISED_STAGE_SIGNER,False,0,DENY,E_UNAUTHORISED_PREDECESSOR:1;E_UNAUTHORISED_STAGE_SIGNER:0;E_UNDISCHARGED_ASSUMPTION:1:memory-context-preserved;E_UNDISCHARGED_ASSUMPTION:2:policy-authorized
NoDelegationMonotonicity,attack:finance:RECEIPT_PRODUCER_MISMATCH:2201000,finance,RECEIPT_PRODUCER_MISMATCH,False,0,DENY,E_RECEIPT_PRODUCER_MISMATCH:0;E_UNAUTHORISED_STAGE_SIGNER:0;E_UNDISCHARGED_ASSUMPTION:1:memory-context-preserved;E_UNDISCHARGED_ASSUMPTION:2:policy-authorized
NoDelegationMonotonicity,attack:finance:MISSING_TRANSFORM_WITNESS:2301000,finance,MISSING_TRANSFORM_WITNESS,False,0,DENY,E_MISSING_TRANSFORM_WITNESS:2:/action/destination
NoDelegationMonotonicity,attack:finance:INVALID_TRANSFORM_WITNESS:2401000,finance,INVALID_TRANSFORM_WITNESS,False,0,DENY,E_TRANSFORM_AFTER_MISMATCH:adapter:/action/destination;E_TRANSFORM_RELATION_FALSE:adapter:/action/destination
NoDelegationMonotonicity,attack:finance:RELEASE_PREDICATE_BYPASS:2501000,finance,RELEASE_PREDICATE_BYPASS,False,0,DENY,E_INVALID_RELEASE:/action/parameters/amount_cents
NoDelegationMonotonicity,attack:finance:RELEASE_VALUE_SUBSTITUTION:2601000,finance,RELEASE_VALUE_SUBSTITUTION,False,0,DENY,E_INVALID_RELEASE:/action/parameters/amount_cents
NoDelegationMonotonicity,attack:finance:EXPIRED_RELEASE:2701000,finance,EXPIRED_RELEASE,False,0,DENY,E_EXPIRED_RELEASE:release:finance:attack:EXPIRED_RELEASE:2701000
NoDelegationMonotonicity,attack:finance:SUBJECT_SUBSTITUTION:2801000,finance,SUBJECT_SUBSTITUTION,False,0,DENY,E_SUBJECT_SUBSTITUTION
NoDelegationMonotonicity,attack:finance:POST_PERMIT_ACTION_SUBSTITUTION:2901000,finance,POST_PERMIT_ACTION_SUBSTITUTION,False,0,DENY,E_ACTION_SUBSTITUTION
NoDelegationMonotonicity,attack:finance:REVOKED_GRANT:3001000,finance,REVOKED_GRANT,False,0,DENY,E_REVOKED_AT_FINALITY
NoDelegationMonotonicity,attack:finance:CONTRACT_GUARANTEE_VIOLATION:3101000,finance,CONTRACT_GUARANTEE_VIOLATION,False,0,DENY,E_GUARANTEE_FALSE:2:canonical_destination
NoDelegationMonotonicity,attack:devops:UNTRUSTED_FIELD_BINDING:2000,devops,UNTRUSTED_FIELD_BINDING,False,0,ESCALATE,E_UNRELEASED_FIELD:/action/parameters/commit
NoDelegationMonotonicity,attack:devops:DROP_PROVENANCE:102000,devops,DROP_PROVENANCE,False,0,DENY,E_ENSURED_FIELD_MISSING:2:/context/protected_field_sources;E_ENSURED_FIELD_MISSING:2:/context/provenance_root;E_NOT_PRESERVED:2:/context/protected_field_sources;E_NOT_PRESERVED:2:/context/provenance_root;E_PROVENANCE_CONTEXT
NoDelegationMonotonicity,attack:devops:PROVENANCE_VALUE_SUBSTITUTION:202000,devops,PROVENANCE_VALUE_SUBSTITUTION,False,0,DENY,E_PROVENANCE_VALUE_MISMATCH:/action/parameters/commit;E_UNDISCHARGED_ASSUMPTION:0:provenance-authenticated;E_UNDISCHARGED_ASSUMPTION:1:memory-context-preserved;E_UNDISCHARGED_ASSUMPTION:2:policy-authorized
NoDelegationMonotonicity,attack:devops:UNTRUSTED_ROOT_PRODUCER:302000,devops,UNTRUSTED_ROOT_PRODUCER,False,0,DENY,E_UNDISCHARGED_ASSUMPTION:0:root-authenticated;E_UNDISCHARGED_ASSUMPTION:1:memory-context-preserved;E_UNDISCHARGED_ASSUMPTION:2:policy-authorized;E_UNTRUSTED_ROOT;E_UNTRUSTED_ROOT_ISSUER
NoDelegationMonotonicity,attack:devops:ROOT_AUTHORITY_EXCEEDED:402000,devops,ROOT_AUTHORITY_EXCEEDED,False,0,DENY,E_ROOT_AUTHORITY_EXCEEDED;E_ROOT_OPERATION_NOT_GRANTED;E_UNDISCHARGED_ASSUMPTION:0:root-authenticated;E_UNDISCHARGED_ASSUMPTION:1:memory-context-preserved;E_UNDISCHARGED_ASSUMPTION:2:policy-authorized
NoDelegationMonotonicity,attack:devops:ROOT_SCOPE_EXCEEDED:502000,devops,ROOT_SCOPE_EXCEEDED,True,1,EXECUTE,EXECUTED
NoDelegationMonotonicity,attack:devops:ROOT_FIELD_CONSTRAINT_BYPASS:602000,devops,ROOT_FIELD_CONSTRAINT_BYPASS,False,0,DENY,E_ROOT_FIELD_CONSTRAINT:/action/parameters/commit;E_UNDISCHARGED_ASSUMPTION:0:root-authenticated;E_UNDISCHARGED_ASSUMPTION:1:memory-context-preserved;E_UNDISCHARGED_ASSUMPTION:2:policy-authorized
NoDelegationMonotonicity,attack:devops:PRINCIPAL_SUBSTITUTION:702000,devops,PRINCIPAL_SUBSTITUTION,False,0,DENY,E_NOT_PRESERVED:2:/context/principal
NoDelegationMonotonicity,attack:devops:AUTHORITY_AMPLIFICATION:802000,devops,AUTHORITY_AMPLIFICATION,False,0,DENY,E_AUTHORITY_AMPLIFICATION:0;E_ILLEGAL_TRANSFORM:0:/context/authority;E_NOT_PRESERVED:0:/action/destination;E_NOT_PRESERVED:0:/action/function;E_NOT_PRESERVED:0:/action/operation;E_NOT_PRESERVED:0:/action/resource;E_UNDISCHARGED_ASSUMPTION:1:memory-context-preserved;E_UNDISCHARGED_ASSUMPTION:2:policy-authorized
NoDelegationMonotonicity,attack:devops:DELEGATION_WIDENING:902000,devops,DELEGATION_WIDENING,False,0,DENY,E_NOT_PRESERVED:0:/action/resource;E_UNDISCHARGED_ASSUMPTION:1:memory-context-preserved;E_UNDISCHARGED_ASSUMPTION:2:policy-authorized
NoDelegationMonotonicity,attack:devops:ARGUMENT_MUTATION:1002000,devops,ARGUMENT_MUTATION,False,0,DENY,E_NOT_PRESERVED:2:/action/parameters/environment
NoDelegationMonotonicity,attack:devops:DESTINATION_SUBSTITUTION:1102000,devops,DESTINATION_SUBSTITUTION,False,0,DENY,E_UNTRUSTED_TRANSFORM_ISSUER:adapter:/action/destination
NoDelegationMonotonicity,attack:devops:TOOL_SERVER_SWAP:1202000,devops,TOOL_SERVER_SWAP,False,0,DENY,E_NOT_PRESERVED:2:/action/server_id;E_NOT_PRESERVED:2:/action/tool_manifest_digest;E_UNTRUSTED_TOOL_MANIFEST
NoDelegationMonotonicity,attack:devops:POLICY_DOWNGRADE:1302000,devops,POLICY_DOWNGRADE,False,0,DENY,E_GUARANTEE_FALSE:2:policy_matches;E_ILLEGAL_TRANSFORM:2:/context/policy_digest;E_ILLEGAL_TRANSFORM:2:/context/policy_epoch;E_POLICY_DOWNGRADE:2;E_STALE_POLICY
NoDelegationMonotonicity,attack:devops:NONCE_REPLAY:1402000,devops,NONCE_REPLAY,False,1,EXECUTE_ONCE,EXECUTED;IDEMPOTENT_REPLAY
NoDelegationMonotonicity,attack:devops:ALTERNATE_PATH:1502000,devops,ALTERNATE_PATH,False,0,DENY,E_UNMEDIATED_PATH
NoDelegationMonotonicity,attack:devops:MEMORY_LAUNDERING:1602000,devops,MEMORY_LAUNDERING,False,0,DENY,E_NOT_PRESERVED:0:/context/protected_field_sources;E_NOT_PRESERVED:0:/context/source_classes;E_UNDISCHARGED_ASSUMPTION:1:memory-context-preserved;E_UNDISCHARGED_ASSUMPTION:2:policy-authorized;E_UNRELEASED_FIELD:/action/parameters/commit
NoDelegationMonotonicity,attack:devops:TAINT_DOWNGRADE:1702000,devops,TAINT_DOWNGRADE,False,0,DENY,E_ILLEGAL_TRANSFORM:0:/context/taint;E_TAINT_DOWNGRADE:0;E_UNDISCHARGED_ASSUMPTION:1:memory-context-preserved;E_UNDISCHARGED_ASSUMPTION:2:policy-authorized;E_UNTRACKED_DATA_CLASS
NoDelegationMonotonicity,attack:devops:EFFECT_CLASS_DOWNGRADE:1802000,devops,EFFECT_CLASS_DOWNGRADE,False,0,DENY,E_NOT_PRESERVED:2:/action/effect_class
NoDelegationMonotonicity,attack:devops:CONTEXT_ROOT_OMISSION:1902000,devops,CONTEXT_ROOT_OMISSION,False,0,DENY,E_CONTEXT_ROOT;E_ENSURED_FIELD_MISSING:2:/context/context_root;E_NOT_PRESERVED:2:/context/context_root
NoDelegationMonotonicity,attack:devops:RETRY_DUPLICATE:2002000,devops,RETRY_DUPLICATE,False,1,EXECUTE_ONCE,EXECUTED;IDEMPOTENT_REPLAY
NoDelegationMonotonicity,attack:devops:UNAUTHORISED_STAGE_SIGNER:2102000,devops,UNAUTHORISED_STAGE_SIGNER,False,0,DENY,E_UNAUTHORISED_PREDECESSOR:1;E_UNAUTHORISED_STAGE_SIGNER:0;E_UNDISCHARGED_ASSUMPTION:1:memory-context-preserved;E_UNDISCHARGED_ASSUMPTION:2:policy-authorized
NoDelegationMonotonicity,attack:devops:RECEIPT_PRODUCER_MISMATCH:2202000,devops,RECEIPT_PRODUCER_MISMATCH,False,0,DENY,E_RECEIPT_PRODUCER_MISMATCH:0;E_UNAUTHORISED_STAGE_SIGNER:0;E_UNDISCHARGED_ASSUMPTION:1:memory-context-preserved;E_UNDISCHARGED_ASSUMPTION:2:policy-authorized
NoDelegationMonotonicity,attack:devops:MISSING_TRANSFORM_WITNESS:2302000,devops,MISSING_TRANSFORM_WITNESS,False,0,DENY,E_MISSING_TRANSFORM_WITNESS:2:/action/destination
NoDelegationMonotonicity,attack:devops:INVALID_TRANSFORM_WITNESS:2402000,devops,INVALID_TRANSFORM_WITNESS,False,0,DENY,E_TRANSFORM_AFTER_MISMATCH:adapter:/action/destination;E_TRANSFORM_RELATION_FALSE:adapter:/action/destination
NoDelegationMonotonicity,attack:devops:RELEASE_PREDICATE_BYPASS:2502000,devops,RELEASE_PREDICATE_BYPASS,False,0,DENY,E_INVALID_RELEASE:/action/parameters/commit
NoDelegationMonotonicity,attack:devops:RELEASE_VALUE_SUBSTITUTION:2602000,devops,RELEASE_VALUE_SUBSTITUTION,False,0,DENY,E_INVALID_RELEASE:/action/parameters/commit
NoDelegationMonotonicity,attack:devops:EXPIRED_RELEASE:2702000,devops,EXPIRED_RELEASE,False,0,DENY,E_EXPIRED_RELEASE:release:devops:attack:EXPIRED_RELEASE:2702000
NoDelegationMonotonicity,attack:devops:SUBJECT_SUBSTITUTION:2802000,devops,SUBJECT_SUBSTITUTION,False,0,DENY,E_SUBJECT_SUBSTITUTION
NoDelegationMonotonicity,attack:devops:POST_PERMIT_ACTION_SUBSTITUTION:2902000,devops,POST_PERMIT_ACTION_SUBSTITUTION,False,0,DENY,E_ACTION_SUBSTITUTION
NoDelegationMonotonicity,attack:devops:REVOKED_GRANT:3002000,devops,REVOKED_GRANT,False,0,DENY,E_REVOKED_AT_FINALITY
NoDelegationMonotonicity,attack:devops:CONTRACT_GUARANTEE_VIOLATION:3102000,devops,CONTRACT_GUARANTEE_VIOLATION,False,0,DENY,E_GUARANTEE_FALSE:2:canonical_destination
NoDelegationMonotonicity,attack:multiagent:UNTRUSTED_FIELD_BINDING:3000,multiagent,UNTRUSTED_FIELD_BINDING,False,0,ESCALATE,E_UNRELEASED_FIELD:/action/parameters/capability
NoDelegationMonotonicity,attack:multiagent:DROP_PROVENANCE:103000,multiagent,DROP_PROVENANCE,False,0,DENY,E_ENSURED_FIELD_MISSING:2:/context/protected_field_sources;E_ENSURED_FIELD_MISSING:2:/context/provenance_root;E_NOT_PRESERVED:2:/context/protected_field_sources;E_NOT_PRESERVED:2:/context/provenance_root;E_PROVENANCE_CONTEXT
NoDelegationMonotonicity,attack:multiagent:PROVENANCE_VALUE_SUBSTITUTION:203000,multiagent,PROVENANCE_VALUE_SUBSTITUTION,False,0,DENY,E_PROVENANCE_VALUE_MISMATCH:/action/parameters/capability;E_UNDISCHARGED_ASSUMPTION:0:provenance-authenticated;E_UNDISCHARGED_ASSUMPTION:1:memory-context-preserved;E_UNDISCHARGED_ASSUMPTION:2:policy-authorized
NoDelegationMonotonicity,attack:multiagent:UNTRUSTED_ROOT_PRODUCER:303000,multiagent,UNTRUSTED_ROOT_PRODUCER,False,0,DENY,E_UNDISCHARGED_ASSUMPTION:0:root-authenticated;E_UNDISCHARGED_ASSUMPTION:1:memory-context-preserved;E_UNDISCHARGED_ASSUMPTION:2:policy-authorized;E_UNTRUSTED_ROOT;E_UNTRUSTED_ROOT_ISSUER
NoDelegationMonotonicity,attack:multiagent:ROOT_AUTHORITY_EXCEEDED:403000,multiagent,ROOT_AUTHORITY_EXCEEDED,False,0,DENY,E_ROOT_AUTHORITY_EXCEEDED;E_ROOT_OPERATION_NOT_GRANTED;E_UNDISCHARGED_ASSUMPTION:0:root-authenticated;E_UNDISCHARGED_ASSUMPTION:1:memory-context-preserved;E_UNDISCHARGED_ASSUMPTION:2:policy-authorized
NoDelegationMonotonicity,attack:multiagent:ROOT_SCOPE_EXCEEDED:503000,multiagent,ROOT_SCOPE_EXCEEDED,True,1,EXECUTE,EXECUTED
NoDelegationMonotonicity,attack:multiagent:ROOT_FIELD_CONSTRAINT_BYPASS:603000,multiagent,ROOT_FIELD_CONSTRAINT_BYPASS,False,0,DENY,E_ROOT_FIELD_CONSTRAINT:/action/parameters/capability;E_UNDISCHARGED_ASSUMPTION:0:root-authenticated;E_UNDISCHARGED_ASSUMPTION:1:memory-context-preserved;E_UNDISCHARGED_ASSUMPTION:2:policy-authorized
NoDelegationMonotonicity,attack:multiagent:PRINCIPAL_SUBSTITUTION:703000,multiagent,PRINCIPAL_SUBSTITUTION,False,0,DENY,E_NOT_PRESERVED:2:/context/principal
NoDelegationMonotonicity,attack:multiagent:AUTHORITY_AMPLIFICATION:803000,multiagent,AUTHORITY_AMPLIFICATION,False,0,DENY,E_AUTHORITY_AMPLIFICATION:0;E_ILLEGAL_TRANSFORM:0:/context/authority;E_NOT_PRESERVED:0:/action/destination;E_NOT_PRESERVED:0:/action/function;E_NOT_PRESERVED:0:/action/operation;E_NOT_PRESERVED:0:/action/resource;E_UNDISCHARGED_ASSUMPTION:1:memory-context-preserved;E_UNDISCHARGED_ASSUMPTION:2:policy-authorized
NoDelegationMonotonicity,attack:multiagent:DELEGATION_WIDENING:903000,multiagent,DELEGATION_WIDENING,False,0,DENY,E_NOT_PRESERVED:0:/action/resource;E_UNDISCHARGED_ASSUMPTION:1:memory-context-preserved;E_UNDISCHARGED_ASSUMPTION:2:policy-authorized
NoDelegationMonotonicity,attack:multiagent:ARGUMENT_MUTATION:1003000,multiagent,ARGUMENT_MUTATION,False,0,DENY,E_NOT_PRESERVED:2:/action/parameters/max_depth
NoDelegationMonotonicity,attack:multiagent:DESTINATION_SUBSTITUTION:1103000,multiagent,DESTINATION_SUBSTITUTION,False,0,DENY,E_UNTRUSTED_TRANSFORM_ISSUER:adapter:/action/destination
NoDelegationMonotonicity,attack:multiagent:TOOL_SERVER_SWAP:1203000,multiagent,TOOL_SERVER_SWAP,False,0,DENY,E_NOT_PRESERVED:2:/action/server_id;E_NOT_PRESERVED:2:/action/tool_manifest_digest;E_UNTRUSTED_TOOL_MANIFEST
NoDelegationMonotonicity,attack:multiagent:POLICY_DOWNGRADE:1303000,multiagent,POLICY_DOWNGRADE,False,0,DENY,E_GUARANTEE_FALSE:2:policy_matches;E_ILLEGAL_TRANSFORM:2:/context/policy_digest;E_ILLEGAL_TRANSFORM:2:/context/policy_epoch;E_POLICY_DOWNGRADE:2;E_STALE_POLICY
NoDelegationMonotonicity,attack:multiagent:NONCE_REPLAY:1403000,multiagent,NONCE_REPLAY,False,1,EXECUTE_ONCE,EXECUTED;IDEMPOTENT_REPLAY
NoDelegationMonotonicity,attack:multiagent:ALTERNATE_PATH:1503000,multiagent,ALTERNATE_PATH,False,0,DENY,E_UNMEDIATED_PATH
NoDelegationMonotonicity,attack:multiagent:MEMORY_LAUNDERING:1603000,multiagent,MEMORY_LAUNDERING,False,0,DENY,E_NOT_PRESERVED:0:/context/protected_field_sources;E_NOT_PRESERVED:0:/context/source_classes;E_UNDISCHARGED_ASSUMPTION:1:memory-context-preserved;E_UNDISCHARGED_ASSUMPTION:2:policy-authorized;E_UNRELEASED_FIELD:/action/parameters/capability
NoDelegationMonotonicity,attack:multiagent:TAINT_DOWNGRADE:1703000,multiagent,TAINT_DOWNGRADE,False,0,DENY,E_ILLEGAL_TRANSFORM:0:/context/taint;E_TAINT_DOWNGRADE:0;E_UNDISCHARGED_ASSUMPTION:1:memory-context-preserved;E_UNDISCHARGED_ASSUMPTION:2:policy-authorized;E_UNTRACKED_DATA_CLASS
NoDelegationMonotonicity,attack:multiagent:EFFECT_CLASS_DOWNGRADE:1803000,multiagent,EFFECT_CLASS_DOWNGRADE,False,0,DENY,E_NOT_PRESERVED:2:/action/effect_class
NoDelegationMonotonicity,attack:multiagent:CONTEXT_ROOT_OMISSION:1903000,multiagent,CONTEXT_ROOT_OMISSION,False,0,DENY,E_CONTEXT_ROOT;E_ENSURED_FIELD_MISSING:2:/context/context_root;E_NOT_PRESERVED:2:/context/context_root
NoDelegationMonotonicity,attack:multiagent:RETRY_DUPLICATE:2003000,multiagent,RETRY_DUPLICATE,False,1,EXECUTE_ONCE,EXECUTED;IDEMPOTENT_REPLAY
NoDelegationMonotonicity,attack:multiagent:UNAUTHORISED_STAGE_SIGNER:2103000,multiagent,UNAUTHORISED_STAGE_SIGNER,False,0,DENY,E_UNAUTHORISED_PREDECESSOR:1;E_UNAUTHORISED_STAGE_SIGNER:0;E_UNDISCHARGED_ASSUMPTION:1:memory-context-preserved;E_UNDISCHARGED_ASSUMPTION:2:policy-authorized
NoDelegationMonotonicity,attack:multiagent:RECEIPT_PRODUCER_MISMATCH:2203000,multiagent,RECEIPT_PRODUCER_MISMATCH,False,0,DENY,E_RECEIPT_PRODUCER_MISMATCH:0;E_UNAUTHORISED_STAGE_SIGNER:0;E_UNDISCHARGED_ASSUMPTION:1:memory-context-preserved;E_UNDISCHARGED_ASSUMPTION:2:policy-authorized
NoDelegationMonotonicity,attack:multiagent:MISSING_TRANSFORM_WITNESS:2303000,multiagent,MISSING_TRANSFORM_WITNESS,False,0,DENY,E_MISSING_TRANSFORM_WITNESS:2:/action/destination
NoDelegationMonotonicity,attack:multiagent:INVALID_TRANSFORM_WITNESS:2403000,multiagent,INVALID_TRANSFORM_WITNESS,False,0,DENY,E_TRANSFORM_AFTER_MISMATCH:adapter:/action/destination;E_TRANSFORM_RELATION_FALSE:adapter:/action/destination
NoDelegationMonotonicity,attack:multiagent:RELEASE_PREDICATE_BYPASS:2503000,multiagent,RELEASE_PREDICATE_BYPASS,False,0,DENY,E_INVALID_RELEASE:/action/parameters/capability
NoDelegationMonotonicity,attack:multiagent:RELEASE_VALUE_SUBSTITUTION:2603000,multiagent,RELEASE_VALUE_SUBSTITUTION,False,0,DENY,E_INVALID_RELEASE:/action/parameters/capability
NoDelegationMonotonicity,attack:multiagent:EXPIRED_RELEASE:2703000,multiagent,EXPIRED_RELEASE,False,0,DENY,E_EXPIRED_RELEASE:release:multiagent:attack:EXPIRED_RELEASE:2703000
NoDelegationMonotonicity,attack:multiagent:SUBJECT_SUBSTITUTION:2803000,multiagent,SUBJECT_SUBSTITUTION,False,0,DENY,E_SUBJECT_SUBSTITUTION
NoDelegationMonotonicity,attack:multiagent:POST_PERMIT_ACTION_SUBSTITUTION:2903000,multiagent,POST_PERMIT_ACTION_SUBSTITUTION,False,0,DENY,E_ACTION_SUBSTITUTION
NoDelegationMonotonicity,attack:multiagent:REVOKED_GRANT:3003000,multiagent,REVOKED_GRANT,False,0,DENY,E_REVOKED_AT_FINALITY
NoDelegationMonotonicity,attack:multiagent:CONTRACT_GUARANTEE_VIOLATION:3103000,multiagent,CONTRACT_GUARANTEE_VIOLATION,False,0,DENY,E_GUARANTEE_FALSE:2:canonical_destination
NoTaintMonotonicity,attack:workspace:UNTRUSTED_FIELD_BINDING:0,workspace,UNTRUSTED_FIELD_BINDING,False,0,ESCALATE,E_UNRELEASED_FIELD:/action/destination
NoTaintMonotonicity,attack:workspace:DROP_PROVENANCE:100000,workspace,DROP_PROVENANCE,False,0,DENY,E_ENSURED_FIELD_MISSING:2:/context/protected_field_sources;E_ENSURED_FIELD_MISSING:2:/context/provenance_root;E_NOT_PRESERVED:2:/context/protected_field_sources;E_NOT_PRESERVED:2:/context/provenance_root;E_PROVENANCE_CONTEXT
NoTaintMonotonicity,attack:workspace:PROVENANCE_VALUE_SUBSTITUTION:200000,workspace,PROVENANCE_VALUE_SUBSTITUTION,False,0,DENY,E_PROVENANCE_VALUE_MISMATCH:/action/destination;E_UNDISCHARGED_ASSUMPTION:0:provenance-authenticated;E_UNDISCHARGED_ASSUMPTION:1:memory-context-preserved;E_UNDISCHARGED_ASSUMPTION:2:policy-authorized
NoTaintMonotonicity,attack:workspace:UNTRUSTED_ROOT_PRODUCER:300000,workspace,UNTRUSTED_ROOT_PRODUCER,False,0,DENY,E_UNDISCHARGED_ASSUMPTION:0:root-authenticated;E_UNDISCHARGED_ASSUMPTION:1:memory-context-preserved;E_UNDISCHARGED_ASSUMPTION:2:policy-authorized;E_UNTRUSTED_ROOT;E_UNTRUSTED_ROOT_ISSUER
NoTaintMonotonicity,attack:workspace:ROOT_AUTHORITY_EXCEEDED:400000,workspace,ROOT_AUTHORITY_EXCEEDED,False,0,DENY,E_ROOT_ACTION_SCOPE_EXCEEDED;E_ROOT_AUTHORITY_EXCEEDED;E_ROOT_OPERATION_NOT_GRANTED;E_ROOT_SCOPE_EXCEEDED;E_UNDISCHARGED_ASSUMPTION:0:root-authenticated;E_UNDISCHARGED_ASSUMPTION:1:memory-context-preserved;E_UNDISCHARGED_ASSUMPTION:2:policy-authorized
NoTaintMonotonicity,attack:workspace:ROOT_SCOPE_EXCEEDED:500000,workspace,ROOT_SCOPE_EXCEEDED,False,0,DENY,E_ROOT_ACTION_SCOPE_EXCEEDED;E_ROOT_SCOPE_EXCEEDED;E_UNDISCHARGED_ASSUMPTION:0:root-authenticated;E_UNDISCHARGED_ASSUMPTION:1:memory-context-preserved;E_UNDISCHARGED_ASSUMPTION:2:policy-authorized
NoTaintMonotonicity,attack:workspace:ROOT_FIELD_CONSTRAINT_BYPASS:600000,workspace,ROOT_FIELD_CONSTRAINT_BYPASS,False,0,DENY,E_ROOT_FIELD_CONSTRAINT:/action/destination;E_UNDISCHARGED_ASSUMPTION:0:root-authenticated;E_UNDISCHARGED_ASSUMPTION:1:memory-context-preserved;E_UNDISCHARGED_ASSUMPTION:2:policy-authorized
NoTaintMonotonicity,attack:workspace:PRINCIPAL_SUBSTITUTION:700000,workspace,PRINCIPAL_SUBSTITUTION,False,0,DENY,E_NOT_PRESERVED:2:/context/principal
NoTaintMonotonicity,attack:workspace:AUTHORITY_AMPLIFICATION:800000,workspace,AUTHORITY_AMPLIFICATION,False,0,DENY,E_AUTHORITY_AMPLIFICATION:0;E_DELEGATION_WIDENING:0;E_ILLEGAL_TRANSFORM:0:/context/authority;E_ILLEGAL_TRANSFORM:0:/context/delegation_scope;E_NOT_PRESERVED:0:/action/destination;E_NOT_PRESERVED:0:/action/function;E_NOT_PRESERVED:0:/action/operation;E_NOT_PRESERVED:0:/action/resource;E_UNDISCHARGED_ASSUMPTION:1:memory-context-preserved;E_UNDISCHARGED_ASSUMPTION:2:policy-authorized
NoTaintMonotonicity,attack:workspace:DELEGATION_WIDENING:900000,workspace,DELEGATION_WIDENING,False,0,DENY,E_DELEGATION_WIDENING:0;E_ILLEGAL_TRANSFORM:0:/context/delegation_scope;E_NOT_PRESERVED:0:/action/resource;E_UNDISCHARGED_ASSUMPTION:1:memory-context-preserved;E_UNDISCHARGED_ASSUMPTION:2:policy-authorized
NoTaintMonotonicity,attack:workspace:ARGUMENT_MUTATION:1000000,workspace,ARGUMENT_MUTATION,False,0,DENY,E_NOT_PRESERVED:2:/action/parameters/body
NoTaintMonotonicity,attack:workspace:DESTINATION_SUBSTITUTION:1100000,workspace,DESTINATION_SUBSTITUTION,False,0,DENY,E_UNTRUSTED_TRANSFORM_ISSUER:adapter:/action/destination
NoTaintMonotonicity,attack:workspace:TOOL_SERVER_SWAP:1200000,workspace,TOOL_SERVER_SWAP,False,0,DENY,E_NOT_PRESERVED:2:/action/server_id;E_NOT_PRESERVED:2:/action/tool_manifest_digest;E_UNTRUSTED_TOOL_MANIFEST
NoTaintMonotonicity,attack:workspace:POLICY_DOWNGRADE:1300000,workspace,POLICY_DOWNGRADE,False,0,DENY,E_GUARANTEE_FALSE:2:policy_matches;E_ILLEGAL_TRANSFORM:2:/context/policy_digest;E_ILLEGAL_TRANSFORM:2:/context/policy_epoch;E_POLICY_DOWNGRADE:2;E_STALE_POLICY
NoTaintMonotonicity,attack:workspace:NONCE_REPLAY:1400000,workspace,NONCE_REPLAY,False,1,EXECUTE_ONCE,EXECUTED;IDEMPOTENT_REPLAY
NoTaintMonotonicity,attack:workspace:ALTERNATE_PATH:1500000,workspace,ALTERNATE_PATH,False,0,DENY,E_UNMEDIATED_PATH
NoTaintMonotonicity,attack:workspace:MEMORY_LAUNDERING:1600000,workspace,MEMORY_LAUNDERING,False,0,DENY,E_NOT_PRESERVED:0:/context/protected_field_sources;E_NOT_PRESERVED:0:/context/source_classes;E_UNDISCHARGED_ASSUMPTION:1:memory-context-preserved;E_UNDISCHARGED_ASSUMPTION:2:policy-authorized;E_UNRELEASED_FIELD:/action/destination
NoTaintMonotonicity,attack:workspace:TAINT_DOWNGRADE:1700000,workspace,TAINT_DOWNGRADE,True,1,EXECUTE,EXECUTED
NoTaintMonotonicity,attack:workspace:EFFECT_CLASS_DOWNGRADE:1800000,workspace,EFFECT_CLASS_DOWNGRADE,False,0,DENY,E_NOT_PRESERVED:2:/action/effect_class
NoTaintMonotonicity,attack:workspace:CONTEXT_ROOT_OMISSION:1900000,workspace,CONTEXT_ROOT_OMISSION,False,0,DENY,E_CONTEXT_ROOT;E_ENSURED_FIELD_MISSING:2:/context/context_root;E_NOT_PRESERVED:2:/context/context_root
NoTaintMonotonicity,attack:workspace:RETRY_DUPLICATE:2000000,workspace,RETRY_DUPLICATE,False,1,EXECUTE_ONCE,EXECUTED;IDEMPOTENT_REPLAY
NoTaintMonotonicity,attack:workspace:UNAUTHORISED_STAGE_SIGNER:2100000,workspace,UNAUTHORISED_STAGE_SIGNER,False,0,DENY,E_UNAUTHORISED_PREDECESSOR:1;E_UNAUTHORISED_STAGE_SIGNER:0;E_UNDISCHARGED_ASSUMPTION:1:memory-context-preserved;E_UNDISCHARGED_ASSUMPTION:2:policy-authorized
NoTaintMonotonicity,attack:workspace:RECEIPT_PRODUCER_MISMATCH:2200000,workspace,RECEIPT_PRODUCER_MISMATCH,False,0,DENY,E_RECEIPT_PRODUCER_MISMATCH:0;E_UNAUTHORISED_STAGE_SIGNER:0;E_UNDISCHARGED_ASSUMPTION:1:memory-context-preserved;E_UNDISCHARGED_ASSUMPTION:2:policy-authorized
NoTaintMonotonicity,attack:workspace:MISSING_TRANSFORM_WITNESS:2300000,workspace,MISSING_TRANSFORM_WITNESS,False,0,DENY,E_MISSING_TRANSFORM_WITNESS:2:/action/destination
NoTaintMonotonicity,attack:workspace:INVALID_TRANSFORM_WITNESS:2400000,workspace,INVALID_TRANSFORM_WITNESS,False,0,DENY,E_TRANSFORM_AFTER_MISMATCH:adapter:/action/destination;E_TRANSFORM_RELATION_FALSE:adapter:/action/destination
NoTaintMonotonicity,attack:workspace:RELEASE_PREDICATE_BYPASS:2500000,workspace,RELEASE_PREDICATE_BYPASS,False,0,DENY,E_INVALID_RELEASE:/action/destination
NoTaintMonotonicity,attack:workspace:RELEASE_VALUE_SUBSTITUTION:2600000,workspace,RELEASE_VALUE_SUBSTITUTION,False,0,DENY,E_INVALID_RELEASE:/action/destination
NoTaintMonotonicity,attack:workspace:EXPIRED_RELEASE:2700000,workspace,EXPIRED_RELEASE,False,0,DENY,E_EXPIRED_RELEASE:release:workspace:attack:EXPIRED_RELEASE:2700000
NoTaintMonotonicity,attack:workspace:SUBJECT_SUBSTITUTION:2800000,workspace,SUBJECT_SUBSTITUTION,False,0,DENY,E_SUBJECT_SUBSTITUTION
NoTaintMonotonicity,attack:workspace:POST_PERMIT_ACTION_SUBSTITUTION:2900000,workspace,POST_PERMIT_ACTION_SUBSTITUTION,False,0,DENY,E_ACTION_SUBSTITUTION
NoTaintMonotonicity,attack:workspace:REVOKED_GRANT:3000000,workspace,REVOKED_GRANT,False,0,DENY,E_REVOKED_AT_FINALITY
NoTaintMonotonicity,attack:workspace:CONTRACT_GUARANTEE_VIOLATION:3100000,workspace,CONTRACT_GUARANTEE_VIOLATION,False,0,DENY,E_GUARANTEE_FALSE:2:canonical_destination
NoTaintMonotonicity,attack:finance:UNTRUSTED_FIELD_BINDING:1000,finance,UNTRUSTED_FIELD_BINDING,False,0,ESCALATE,E_UNRELEASED_FIELD:/action/parameters/amount_cents
NoTaintMonotonicity,attack:finance:DROP_PROVENANCE:101000,finance,DROP_PROVENANCE,False,0,DENY,E_ENSURED_FIELD_MISSING:2:/context/protected_field_sources;E_ENSURED_FIELD_MISSING:2:/context/provenance_root;E_NOT_PRESERVED:2:/context/protected_field_sources;E_NOT_PRESERVED:2:/context/provenance_root;E_PROVENANCE_CONTEXT
NoTaintMonotonicity,attack:finance:PROVENANCE_VALUE_SUBSTITUTION:201000,finance,PROVENANCE_VALUE_SUBSTITUTION,False,0,DENY,E_PROVENANCE_VALUE_MISMATCH:/action/parameters/amount_cents;E_UNDISCHARGED_ASSUMPTION:0:provenance-authenticated;E_UNDISCHARGED_ASSUMPTION:1:memory-context-preserved;E_UNDISCHARGED_ASSUMPTION:2:policy-authorized
NoTaintMonotonicity,attack:finance:UNTRUSTED_ROOT_PRODUCER:301000,finance,UNTRUSTED_ROOT_PRODUCER,False,0,DENY,E_UNDISCHARGED_ASSUMPTION:0:root-authenticated;E_UNDISCHARGED_ASSUMPTION:1:memory-context-preserved;E_UNDISCHARGED_ASSUMPTION:2:policy-authorized;E_UNTRUSTED_ROOT;E_UNTRUSTED_ROOT_ISSUER
NoTaintMonotonicity,attack:finance:ROOT_AUTHORITY_EXCEEDED:401000,finance,ROOT_AUTHORITY_EXCEEDED,False,0,DENY,E_ROOT_ACTION_SCOPE_EXCEEDED;E_ROOT_AUTHORITY_EXCEEDED;E_ROOT_OPERATION_NOT_GRANTED;E_ROOT_SCOPE_EXCEEDED;E_UNDISCHARGED_ASSUMPTION:0:root-authenticated;E_UNDISCHARGED_ASSUMPTION:1:memory-context-preserved;E_UNDISCHARGED_ASSUMPTION:2:policy-authorized
NoTaintMonotonicity,attack:finance:ROOT_SCOPE_EXCEEDED:501000,finance,ROOT_SCOPE_EXCEEDED,False,0,DENY,E_ROOT_ACTION_SCOPE_EXCEEDED;E_ROOT_SCOPE_EXCEEDED;E_UNDISCHARGED_ASSUMPTION:0:root-authenticated;E_UNDISCHARGED_ASSUMPTION:1:memory-context-preserved;E_UNDISCHARGED_ASSUMPTION:2:policy-authorized
NoTaintMonotonicity,attack:finance:ROOT_FIELD_CONSTRAINT_BYPASS:601000,finance,ROOT_FIELD_CONSTRAINT_BYPASS,False,0,DENY,E_ROOT_FIELD_CONSTRAINT:/action/parameters/amount_cents;E_UNDISCHARGED_ASSUMPTION:0:root-authenticated;E_UNDISCHARGED_ASSUMPTION:1:memory-context-preserved;E_UNDISCHARGED_ASSUMPTION:2:policy-authorized
NoTaintMonotonicity,attack:finance:PRINCIPAL_SUBSTITUTION:701000,finance,PRINCIPAL_SUBSTITUTION,False,0,DENY,E_NOT_PRESERVED:2:/context/principal
NoTaintMonotonicity,attack:finance:AUTHORITY_AMPLIFICATION:801000,finance,AUTHORITY_AMPLIFICATION,False,0,DENY,E_AUTHORITY_AMPLIFICATION:0;E_DELEGATION_WIDENING:0;E_ILLEGAL_TRANSFORM:0:/context/authority;E_ILLEGAL_TRANSFORM:0:/context/delegation_scope;E_NOT_PRESERVED:0:/action/destination;E_NOT_PRESERVED:0:/action/function;E_NOT_PRESERVED:0:/action/operation;E_NOT_PRESERVED:0:/action/resource;E_UNDISCHARGED_ASSUMPTION:1:memory-context-preserved;E_UNDISCHARGED_ASSUMPTION:2:policy-authorized
NoTaintMonotonicity,attack:finance:DELEGATION_WIDENING:901000,finance,DELEGATION_WIDENING,False,0,DENY,E_DELEGATION_WIDENING:0;E_ILLEGAL_TRANSFORM:0:/context/delegation_scope;E_NOT_PRESERVED:0:/action/resource;E_UNDISCHARGED_ASSUMPTION:1:memory-context-preserved;E_UNDISCHARGED_ASSUMPTION:2:policy-authorized
NoTaintMonotonicity,attack:finance:ARGUMENT_MUTATION:1001000,finance,ARGUMENT_MUTATION,False,0,DENY,E_NOT_PRESERVED:2:/action/parameters/amount_cents
NoTaintMonotonicity,attack:finance:DESTINATION_SUBSTITUTION:1101000,finance,DESTINATION_SUBSTITUTION,False,0,DENY,E_UNTRUSTED_TRANSFORM_ISSUER:adapter:/action/destination
NoTaintMonotonicity,attack:finance:TOOL_SERVER_SWAP:1201000,finance,TOOL_SERVER_SWAP,False,0,DENY,E_NOT_PRESERVED:2:/action/server_id;E_NOT_PRESERVED:2:/action/tool_manifest_digest;E_UNTRUSTED_TOOL_MANIFEST
NoTaintMonotonicity,attack:finance:POLICY_DOWNGRADE:1301000,finance,POLICY_DOWNGRADE,False,0,DENY,E_GUARANTEE_FALSE:2:policy_matches;E_ILLEGAL_TRANSFORM:2:/context/policy_digest;E_ILLEGAL_TRANSFORM:2:/context/policy_epoch;E_POLICY_DOWNGRADE:2;E_STALE_POLICY
NoTaintMonotonicity,attack:finance:NONCE_REPLAY:1401000,finance,NONCE_REPLAY,False,1,EXECUTE_ONCE,EXECUTED;IDEMPOTENT_REPLAY
NoTaintMonotonicity,attack:finance:ALTERNATE_PATH:1501000,finance,ALTERNATE_PATH,False,0,DENY,E_UNMEDIATED_PATH
NoTaintMonotonicity,attack:finance:MEMORY_LAUNDERING:1601000,finance,MEMORY_LAUNDERING,False,0,DENY,E_NOT_PRESERVED:0:/context/protected_field_sources;E_NOT_PRESERVED:0:/context/source_classes;E_UNDISCHARGED_ASSUMPTION:1:memory-context-preserved;E_UNDISCHARGED_ASSUMPTION:2:policy-authorized;E_UNRELEASED_FIELD:/action/parameters/amount_cents
NoTaintMonotonicity,attack:finance:TAINT_DOWNGRADE:1701000,finance,TAINT_DOWNGRADE,True,1,EXECUTE,EXECUTED
NoTaintMonotonicity,attack:finance:EFFECT_CLASS_DOWNGRADE:1801000,finance,EFFECT_CLASS_DOWNGRADE,False,0,DENY,E_NOT_PRESERVED:2:/action/effect_class
NoTaintMonotonicity,attack:finance:CONTEXT_ROOT_OMISSION:1901000,finance,CONTEXT_ROOT_OMISSION,False,0,DENY,E_CONTEXT_ROOT;E_ENSURED_FIELD_MISSING:2:/context/context_root;E_NOT_PRESERVED:2:/context/context_root
NoTaintMonotonicity,attack:finance:RETRY_DUPLICATE:2001000,finance,RETRY_DUPLICATE,False,1,EXECUTE_ONCE,EXECUTED;IDEMPOTENT_REPLAY
NoTaintMonotonicity,attack:finance:UNAUTHORISED_STAGE_SIGNER:2101000,finance,UNAUTHORISED_STAGE_SIGNER,False,0,DENY,E_UNAUTHORISED_PREDECESSOR:1;E_UNAUTHORISED_STAGE_SIGNER:0;E_UNDISCHARGED_ASSUMPTION:1:memory-context-preserved;E_UNDISCHARGED_ASSUMPTION:2:policy-authorized
NoTaintMonotonicity,attack:finance:RECEIPT_PRODUCER_MISMATCH:2201000,finance,RECEIPT_PRODUCER_MISMATCH,False,0,DENY,E_RECEIPT_PRODUCER_MISMATCH:0;E_UNAUTHORISED_STAGE_SIGNER:0;E_UNDISCHARGED_ASSUMPTION:1:memory-context-preserved;E_UNDISCHARGED_ASSUMPTION:2:policy-authorized
NoTaintMonotonicity,attack:finance:MISSING_TRANSFORM_WITNESS:2301000,finance,MISSING_TRANSFORM_WITNESS,False,0,DENY,E_MISSING_TRANSFORM_WITNESS:2:/action/destination
NoTaintMonotonicity,attack:finance:INVALID_TRANSFORM_WITNESS:2401000,finance,INVALID_TRANSFORM_WITNESS,False,0,DENY,E_TRANSFORM_AFTER_MISMATCH:adapter:/action/destination;E_TRANSFORM_RELATION_FALSE:adapter:/action/destination
NoTaintMonotonicity,attack:finance:RELEASE_PREDICATE_BYPASS:2501000,finance,RELEASE_PREDICATE_BYPASS,False,0,DENY,E_INVALID_RELEASE:/action/parameters/amount_cents
NoTaintMonotonicity,attack:finance:RELEASE_VALUE_SUBSTITUTION:2601000,finance,RELEASE_VALUE_SUBSTITUTION,False,0,DENY,E_INVALID_RELEASE:/action/parameters/amount_cents
NoTaintMonotonicity,attack:finance:EXPIRED_RELEASE:2701000,finance,EXPIRED_RELEASE,False,0,DENY,E_EXPIRED_RELEASE:release:finance:attack:EXPIRED_RELEASE:2701000
NoTaintMonotonicity,attack:finance:SUBJECT_SUBSTITUTION:2801000,finance,SUBJECT_SUBSTITUTION,False,0,DENY,E_SUBJECT_SUBSTITUTION
NoTaintMonotonicity,attack:finance:POST_PERMIT_ACTION_SUBSTITUTION:2901000,finance,POST_PERMIT_ACTION_SUBSTITUTION,False,0,DENY,E_ACTION_SUBSTITUTION
NoTaintMonotonicity,attack:finance:REVOKED_GRANT:3001000,finance,REVOKED_GRANT,False,0,DENY,E_REVOKED_AT_FINALITY
NoTaintMonotonicity,attack:finance:CONTRACT_GUARANTEE_VIOLATION:3101000,finance,CONTRACT_GUARANTEE_VIOLATION,False,0,DENY,E_GUARANTEE_FALSE:2:canonical_destination
NoTaintMonotonicity,attack:devops:UNTRUSTED_FIELD_BINDING:2000,devops,UNTRUSTED_FIELD_BINDING,False,0,ESCALATE,E_UNRELEASED_FIELD:/action/parameters/commit
NoTaintMonotonicity,attack:devops:DROP_PROVENANCE:102000,devops,DROP_PROVENANCE,False,0,DENY,E_ENSURED_FIELD_MISSING:2:/context/protected_field_sources;E_ENSURED_FIELD_MISSING:2:/context/provenance_root;E_NOT_PRESERVED:2:/context/protected_field_sources;E_NOT_PRESERVED:2:/context/provenance_root;E_PROVENANCE_CONTEXT
NoTaintMonotonicity,attack:devops:PROVENANCE_VALUE_SUBSTITUTION:202000,devops,PROVENANCE_VALUE_SUBSTITUTION,False,0,DENY,E_PROVENANCE_VALUE_MISMATCH:/action/parameters/commit;E_UNDISCHARGED_ASSUMPTION:0:provenance-authenticated;E_UNDISCHARGED_ASSUMPTION:1:memory-context-preserved;E_UNDISCHARGED_ASSUMPTION:2:policy-authorized
NoTaintMonotonicity,attack:devops:UNTRUSTED_ROOT_PRODUCER:302000,devops,UNTRUSTED_ROOT_PRODUCER,False,0,DENY,E_UNDISCHARGED_ASSUMPTION:0:root-authenticated;E_UNDISCHARGED_ASSUMPTION:1:memory-context-preserved;E_UNDISCHARGED_ASSUMPTION:2:policy-authorized;E_UNTRUSTED_ROOT;E_UNTRUSTED_ROOT_ISSUER
NoTaintMonotonicity,attack:devops:ROOT_AUTHORITY_EXCEEDED:402000,devops,ROOT_AUTHORITY_EXCEEDED,False,0,DENY,E_ROOT_ACTION_SCOPE_EXCEEDED;E_ROOT_AUTHORITY_EXCEEDED;E_ROOT_OPERATION_NOT_GRANTED;E_ROOT_SCOPE_EXCEEDED;E_UNDISCHARGED_ASSUMPTION:0:root-authenticated;E_UNDISCHARGED_ASSUMPTION:1:memory-context-preserved;E_UNDISCHARGED_ASSUMPTION:2:policy-authorized
NoTaintMonotonicity,attack:devops:ROOT_SCOPE_EXCEEDED:502000,devops,ROOT_SCOPE_EXCEEDED,False,0,DENY,E_ROOT_ACTION_SCOPE_EXCEEDED;E_ROOT_SCOPE_EXCEEDED;E_UNDISCHARGED_ASSUMPTION:0:root-authenticated;E_UNDISCHARGED_ASSUMPTION:1:memory-context-preserved;E_UNDISCHARGED_ASSUMPTION:2:policy-authorized
NoTaintMonotonicity,attack:devops:ROOT_FIELD_CONSTRAINT_BYPASS:602000,devops,ROOT_FIELD_CONSTRAINT_BYPASS,False,0,DENY,E_ROOT_FIELD_CONSTRAINT:/action/parameters/commit;E_UNDISCHARGED_ASSUMPTION:0:root-authenticated;E_UNDISCHARGED_ASSUMPTION:1:memory-context-preserved;E_UNDISCHARGED_ASSUMPTION:2:policy-authorized
NoTaintMonotonicity,attack:devops:PRINCIPAL_SUBSTITUTION:702000,devops,PRINCIPAL_SUBSTITUTION,False,0,DENY,E_NOT_PRESERVED:2:/context/principal
NoTaintMonotonicity,attack:devops:AUTHORITY_AMPLIFICATION:802000,devops,AUTHORITY_AMPLIFICATION,False,0,DENY,E_AUTHORITY_AMPLIFICATION:0;E_DELEGATION_WIDENING:0;E_ILLEGAL_TRANSFORM:0:/context/authority;E_ILLEGAL_TRANSFORM:0:/context/delegation_scope;E_NOT_PRESERVED:0:/action/destination;E_NOT_PRESERVED:0:/action/function;E_NOT_PRESERVED:0:/action/operation;E_NOT_PRESERVED:0:/action/resource;E_UNDISCHARGED_ASSUMPTION:1:memory-context-preserved;E_UNDISCHARGED_ASSUMPTION:2:policy-authorized
NoTaintMonotonicity,attack:devops:DELEGATION_WIDENING:902000,devops,DELEGATION_WIDENING,False,0,DENY,E_DELEGATION_WIDENING:0;E_ILLEGAL_TRANSFORM:0:/context/delegation_scope;E_NOT_PRESERVED:0:/action/resource;E_UNDISCHARGED_ASSUMPTION:1:memory-context-preserved;E_UNDISCHARGED_ASSUMPTION:2:policy-authorized
NoTaintMonotonicity,attack:devops:ARGUMENT_MUTATION:1002000,devops,ARGUMENT_MUTATION,False,0,DENY,E_NOT_PRESERVED:2:/action/parameters/environment
NoTaintMonotonicity,attack:devops:DESTINATION_SUBSTITUTION:1102000,devops,DESTINATION_SUBSTITUTION,False,0,DENY,E_UNTRUSTED_TRANSFORM_ISSUER:adapter:/action/destination
NoTaintMonotonicity,attack:devops:TOOL_SERVER_SWAP:1202000,devops,TOOL_SERVER_SWAP,False,0,DENY,E_NOT_PRESERVED:2:/action/server_id;E_NOT_PRESERVED:2:/action/tool_manifest_digest;E_UNTRUSTED_TOOL_MANIFEST
NoTaintMonotonicity,attack:devops:POLICY_DOWNGRADE:1302000,devops,POLICY_DOWNGRADE,False,0,DENY,E_GUARANTEE_FALSE:2:policy_matches;E_ILLEGAL_TRANSFORM:2:/context/policy_digest;E_ILLEGAL_TRANSFORM:2:/context/policy_epoch;E_POLICY_DOWNGRADE:2;E_STALE_POLICY
NoTaintMonotonicity,attack:devops:NONCE_REPLAY:1402000,devops,NONCE_REPLAY,False,1,EXECUTE_ONCE,EXECUTED;IDEMPOTENT_REPLAY
NoTaintMonotonicity,attack:devops:ALTERNATE_PATH:1502000,devops,ALTERNATE_PATH,False,0,DENY,E_UNMEDIATED_PATH
NoTaintMonotonicity,attack:devops:MEMORY_LAUNDERING:1602000,devops,MEMORY_LAUNDERING,False,0,DENY,E_NOT_PRESERVED:0:/context/protected_field_sources;E_NOT_PRESERVED:0:/context/source_classes;E_UNDISCHARGED_ASSUMPTION:1:memory-context-preserved;E_UNDISCHARGED_ASSUMPTION:2:policy-authorized;E_UNRELEASED_FIELD:/action/parameters/commit
NoTaintMonotonicity,attack:devops:TAINT_DOWNGRADE:1702000,devops,TAINT_DOWNGRADE,True,1,EXECUTE,EXECUTED
NoTaintMonotonicity,attack:devops:EFFECT_CLASS_DOWNGRADE:1802000,devops,EFFECT_CLASS_DOWNGRADE,False,0,DENY,E_NOT_PRESERVED:2:/action/effect_class
NoTaintMonotonicity,attack:devops:CONTEXT_ROOT_OMISSION:1902000,devops,CONTEXT_ROOT_OMISSION,False,0,DENY,E_CONTEXT_ROOT;E_ENSURED_FIELD_MISSING:2:/context/context_root;E_NOT_PRESERVED:2:/context/context_root
NoTaintMonotonicity,attack:devops:RETRY_DUPLICATE:2002000,devops,RETRY_DUPLICATE,False,1,EXECUTE_ONCE,EXECUTED;IDEMPOTENT_REPLAY
NoTaintMonotonicity,attack:devops:UNAUTHORISED_STAGE_SIGNER:2102000,devops,UNAUTHORISED_STAGE_SIGNER,False,0,DENY,E_UNAUTHORISED_PREDECESSOR:1;E_UNAUTHORISED_STAGE_SIGNER:0;E_UNDISCHARGED_ASSUMPTION:1:memory-context-preserved;E_UNDISCHARGED_ASSUMPTION:2:policy-authorized
NoTaintMonotonicity,attack:devops:RECEIPT_PRODUCER_MISMATCH:2202000,devops,RECEIPT_PRODUCER_MISMATCH,False,0,DENY,E_RECEIPT_PRODUCER_MISMATCH:0;E_UNAUTHORISED_STAGE_SIGNER:0;E_UNDISCHARGED_ASSUMPTION:1:memory-context-preserved;E_UNDISCHARGED_ASSUMPTION:2:policy-authorized
NoTaintMonotonicity,attack:devops:MISSING_TRANSFORM_WITNESS:2302000,devops,MISSING_TRANSFORM_WITNESS,False,0,DENY,E_MISSING_TRANSFORM_WITNESS:2:/action/destination
NoTaintMonotonicity,attack:devops:INVALID_TRANSFORM_WITNESS:2402000,devops,INVALID_TRANSFORM_WITNESS,False,0,DENY,E_TRANSFORM_AFTER_MISMATCH:adapter:/action/destination;E_TRANSFORM_RELATION_FALSE:adapter:/action/destination
NoTaintMonotonicity,attack:devops:RELEASE_PREDICATE_BYPASS:2502000,devops,RELEASE_PREDICATE_BYPASS,False,0,DENY,E_INVALID_RELEASE:/action/parameters/commit
NoTaintMonotonicity,attack:devops:RELEASE_VALUE_SUBSTITUTION:2602000,devops,RELEASE_VALUE_SUBSTITUTION,False,0,DENY,E_INVALID_RELEASE:/action/parameters/commit
NoTaintMonotonicity,attack:devops:EXPIRED_RELEASE:2702000,devops,EXPIRED_RELEASE,False,0,DENY,E_EXPIRED_RELEASE:release:devops:attack:EXPIRED_RELEASE:2702000
NoTaintMonotonicity,attack:devops:SUBJECT_SUBSTITUTION:2802000,devops,SUBJECT_SUBSTITUTION,False,0,DENY,E_SUBJECT_SUBSTITUTION
NoTaintMonotonicity,attack:devops:POST_PERMIT_ACTION_SUBSTITUTION:2902000,devops,POST_PERMIT_ACTION_SUBSTITUTION,False,0,DENY,E_ACTION_SUBSTITUTION
NoTaintMonotonicity,attack:devops:REVOKED_GRANT:3002000,devops,REVOKED_GRANT,False,0,DENY,E_REVOKED_AT_FINALITY
NoTaintMonotonicity,attack:devops:CONTRACT_GUARANTEE_VIOLATION:3102000,devops,CONTRACT_GUARANTEE_VIOLATION,False,0,DENY,E_GUARANTEE_FALSE:2:canonical_destination
NoTaintMonotonicity,attack:multiagent:UNTRUSTED_FIELD_BINDING:3000,multiagent,UNTRUSTED_FIELD_BINDING,False,0,ESCALATE,E_UNRELEASED_FIELD:/action/parameters/capability
NoTaintMonotonicity,attack:multiagent:DROP_PROVENANCE:103000,multiagent,DROP_PROVENANCE,False,0,DENY,E_ENSURED_FIELD_MISSING:2:/context/protected_field_sources;E_ENSURED_FIELD_MISSING:2:/context/provenance_root;E_NOT_PRESERVED:2:/context/protected_field_sources;E_NOT_PRESERVED:2:/context/provenance_root;E_PROVENANCE_CONTEXT
NoTaintMonotonicity,attack:multiagent:PROVENANCE_VALUE_SUBSTITUTION:203000,multiagent,PROVENANCE_VALUE_SUBSTITUTION,False,0,DENY,E_PROVENANCE_VALUE_MISMATCH:/action/parameters/capability;E_UNDISCHARGED_ASSUMPTION:0:provenance-authenticated;E_UNDISCHARGED_ASSUMPTION:1:memory-context-preserved;E_UNDISCHARGED_ASSUMPTION:2:policy-authorized
NoTaintMonotonicity,attack:multiagent:UNTRUSTED_ROOT_PRODUCER:303000,multiagent,UNTRUSTED_ROOT_PRODUCER,False,0,DENY,E_UNDISCHARGED_ASSUMPTION:0:root-authenticated;E_UNDISCHARGED_ASSUMPTION:1:memory-context-preserved;E_UNDISCHARGED_ASSUMPTION:2:policy-authorized;E_UNTRUSTED_ROOT;E_UNTRUSTED_ROOT_ISSUER
NoTaintMonotonicity,attack:multiagent:ROOT_AUTHORITY_EXCEEDED:403000,multiagent,ROOT_AUTHORITY_EXCEEDED,False,0,DENY,E_ROOT_ACTION_SCOPE_EXCEEDED;E_ROOT_AUTHORITY_EXCEEDED;E_ROOT_OPERATION_NOT_GRANTED;E_ROOT_SCOPE_EXCEEDED;E_UNDISCHARGED_ASSUMPTION:0:root-authenticated;E_UNDISCHARGED_ASSUMPTION:1:memory-context-preserved;E_UNDISCHARGED_ASSUMPTION:2:policy-authorized
NoTaintMonotonicity,attack:multiagent:ROOT_SCOPE_EXCEEDED:503000,multiagent,ROOT_SCOPE_EXCEEDED,False,0,DENY,E_ROOT_ACTION_SCOPE_EXCEEDED;E_ROOT_SCOPE_EXCEEDED;E_UNDISCHARGED_ASSUMPTION:0:root-authenticated;E_UNDISCHARGED_ASSUMPTION:1:memory-context-preserved;E_UNDISCHARGED_ASSUMPTION:2:policy-authorized
NoTaintMonotonicity,attack:multiagent:ROOT_FIELD_CONSTRAINT_BYPASS:603000,multiagent,ROOT_FIELD_CONSTRAINT_BYPASS,False,0,DENY,E_ROOT_FIELD_CONSTRAINT:/action/parameters/capability;E_UNDISCHARGED_ASSUMPTION:0:root-authenticated;E_UNDISCHARGED_ASSUMPTION:1:memory-context-preserved;E_UNDISCHARGED_ASSUMPTION:2:policy-authorized
NoTaintMonotonicity,attack:multiagent:PRINCIPAL_SUBSTITUTION:703000,multiagent,PRINCIPAL_SUBSTITUTION,False,0,DENY,E_NOT_PRESERVED:2:/context/principal
NoTaintMonotonicity,attack:multiagent:AUTHORITY_AMPLIFICATION:803000,multiagent,AUTHORITY_AMPLIFICATION,False,0,DENY,E_AUTHORITY_AMPLIFICATION:0;E_DELEGATION_WIDENING:0;E_ILLEGAL_TRANSFORM:0:/context/authority;E_ILLEGAL_TRANSFORM:0:/context/delegation_scope;E_NOT_PRESERVED:0:/action/destination;E_NOT_PRESERVED:0:/action/function;E_NOT_PRESERVED:0:/action/operation;E_NOT_PRESERVED:0:/action/resource;E_UNDISCHARGED_ASSUMPTION:1:memory-context-preserved;E_UNDISCHARGED_ASSUMPTION:2:policy-authorized
NoTaintMonotonicity,attack:multiagent:DELEGATION_WIDENING:903000,multiagent,DELEGATION_WIDENING,False,0,DENY,E_DELEGATION_WIDENING:0;E_ILLEGAL_TRANSFORM:0:/context/delegation_scope;E_NOT_PRESERVED:0:/action/resource;E_UNDISCHARGED_ASSUMPTION:1:memory-context-preserved;E_UNDISCHARGED_ASSUMPTION:2:policy-authorized
NoTaintMonotonicity,attack:multiagent:ARGUMENT_MUTATION:1003000,multiagent,ARGUMENT_MUTATION,False,0,DENY,E_NOT_PRESERVED:2:/action/parameters/max_depth
NoTaintMonotonicity,attack:multiagent:DESTINATION_SUBSTITUTION:1103000,multiagent,DESTINATION_SUBSTITUTION,False,0,DENY,E_UNTRUSTED_TRANSFORM_ISSUER:adapter:/action/destination
NoTaintMonotonicity,attack:multiagent:TOOL_SERVER_SWAP:1203000,multiagent,TOOL_SERVER_SWAP,False,0,DENY,E_NOT_PRESERVED:2:/action/server_id;E_NOT_PRESERVED:2:/action/tool_manifest_digest;E_UNTRUSTED_TOOL_MANIFEST
NoTaintMonotonicity,attack:multiagent:POLICY_DOWNGRADE:1303000,multiagent,POLICY_DOWNGRADE,False,0,DENY,E_GUARANTEE_FALSE:2:policy_matches;E_ILLEGAL_TRANSFORM:2:/context/policy_digest;E_ILLEGAL_TRANSFORM:2:/context/policy_epoch;E_POLICY_DOWNGRADE:2;E_STALE_POLICY
NoTaintMonotonicity,attack:multiagent:NONCE_REPLAY:1403000,multiagent,NONCE_REPLAY,False,1,EXECUTE_ONCE,EXECUTED;IDEMPOTENT_REPLAY
NoTaintMonotonicity,attack:multiagent:ALTERNATE_PATH:1503000,multiagent,ALTERNATE_PATH,False,0,DENY,E_UNMEDIATED_PATH
NoTaintMonotonicity,attack:multiagent:MEMORY_LAUNDERING:1603000,multiagent,MEMORY_LAUNDERING,False,0,DENY,E_NOT_PRESERVED:0:/context/protected_field_sources;E_NOT_PRESERVED:0:/context/source_classes;E_UNDISCHARGED_ASSUMPTION:1:memory-context-preserved;E_UNDISCHARGED_ASSUMPTION:2:policy-authorized;E_UNRELEASED_FIELD:/action/parameters/capability
NoTaintMonotonicity,attack:multiagent:TAINT_DOWNGRADE:1703000,multiagent,TAINT_DOWNGRADE,True,1,EXECUTE,EXECUTED
NoTaintMonotonicity,attack:multiagent:EFFECT_CLASS_DOWNGRADE:1803000,multiagent,EFFECT_CLASS_DOWNGRADE,False,0,DENY,E_NOT_PRESERVED:2:/action/effect_class
NoTaintMonotonicity,attack:multiagent:CONTEXT_ROOT_OMISSION:1903000,multiagent,CONTEXT_ROOT_OMISSION,False,0,DENY,E_CONTEXT_ROOT;E_ENSURED_FIELD_MISSING:2:/context/context_root;E_NOT_PRESERVED:2:/context/context_root
NoTaintMonotonicity,attack:multiagent:RETRY_DUPLICATE:2003000,multiagent,RETRY_DUPLICATE,False,1,EXECUTE_ONCE,EXECUTED;IDEMPOTENT_REPLAY
NoTaintMonotonicity,attack:multiagent:UNAUTHORISED_STAGE_SIGNER:2103000,multiagent,UNAUTHORISED_STAGE_SIGNER,False,0,DENY,E_UNAUTHORISED_PREDECESSOR:1;E_UNAUTHORISED_STAGE_SIGNER:0;E_UNDISCHARGED_ASSUMPTION:1:memory-context-preserved;E_UNDISCHARGED_ASSUMPTION:2:policy-authorized
NoTaintMonotonicity,attack:multiagent:RECEIPT_PRODUCER_MISMATCH:2203000,multiagent,RECEIPT_PRODUCER_MISMATCH,False,0,DENY,E_RECEIPT_PRODUCER_MISMATCH:0;E_UNAUTHORISED_STAGE_SIGNER:0;E_UNDISCHARGED_ASSUMPTION:1:memory-context-preserved;E_UNDISCHARGED_ASSUMPTION:2:policy-authorized
NoTaintMonotonicity,attack:multiagent:MISSING_TRANSFORM_WITNESS:2303000,multiagent,MISSING_TRANSFORM_WITNESS,False,0,DENY,E_MISSING_TRANSFORM_WITNESS:2:/action/destination
NoTaintMonotonicity,attack:multiagent:INVALID_TRANSFORM_WITNESS:2403000,multiagent,INVALID_TRANSFORM_WITNESS,False,0,DENY,E_TRANSFORM_AFTER_MISMATCH:adapter:/action/destination;E_TRANSFORM_RELATION_FALSE:adapter:/action/destination
NoTaintMonotonicity,attack:multiagent:RELEASE_PREDICATE_BYPASS:2503000,multiagent,RELEASE_PREDICATE_BYPASS,False,0,DENY,E_INVALID_RELEASE:/action/parameters/capability
NoTaintMonotonicity,attack:multiagent:RELEASE_VALUE_SUBSTITUTION:2603000,multiagent,RELEASE_VALUE_SUBSTITUTION,False,0,DENY,E_INVALID_RELEASE:/action/parameters/capability
NoTaintMonotonicity,attack:multiagent:EXPIRED_RELEASE:2703000,multiagent,EXPIRED_RELEASE,False,0,DENY,E_EXPIRED_RELEASE:release:multiagent:attack:EXPIRED_RELEASE:2703000
NoTaintMonotonicity,attack:multiagent:SUBJECT_SUBSTITUTION:2803000,multiagent,SUBJECT_SUBSTITUTION,False,0,DENY,E_SUBJECT_SUBSTITUTION
NoTaintMonotonicity,attack:multiagent:POST_PERMIT_ACTION_SUBSTITUTION:2903000,multiagent,POST_PERMIT_ACTION_SUBSTITUTION,False,0,DENY,E_ACTION_SUBSTITUTION
NoTaintMonotonicity,attack:multiagent:REVOKED_GRANT:3003000,multiagent,REVOKED_GRANT,False,0,DENY,E_REVOKED_AT_FINALITY
NoTaintMonotonicity,attack:multiagent:CONTRACT_GUARANTEE_VIOLATION:3103000,multiagent,CONTRACT_GUARANTEE_VIOLATION,False,0,DENY,E_GUARANTEE_FALSE:2:canonical_destination
NoPolicyFreshness,attack:workspace:UNTRUSTED_FIELD_BINDING:0,workspace,UNTRUSTED_FIELD_BINDING,False,0,ESCALATE,E_UNRELEASED_FIELD:/action/destination
NoPolicyFreshness,attack:workspace:DROP_PROVENANCE:100000,workspace,DROP_PROVENANCE,False,0,DENY,E_ENSURED_FIELD_MISSING:2:/context/protected_field_sources;E_ENSURED_FIELD_MISSING:2:/context/provenance_root;E_NOT_PRESERVED:2:/context/protected_field_sources;E_NOT_PRESERVED:2:/context/provenance_root;E_PROVENANCE_CONTEXT
NoPolicyFreshness,attack:workspace:PROVENANCE_VALUE_SUBSTITUTION:200000,workspace,PROVENANCE_VALUE_SUBSTITUTION,False,0,DENY,E_PROVENANCE_VALUE_MISMATCH:/action/destination;E_UNDISCHARGED_ASSUMPTION:0:provenance-authenticated;E_UNDISCHARGED_ASSUMPTION:1:memory-context-preserved;E_UNDISCHARGED_ASSUMPTION:2:policy-authorized
NoPolicyFreshness,attack:workspace:UNTRUSTED_ROOT_PRODUCER:300000,workspace,UNTRUSTED_ROOT_PRODUCER,False,0,DENY,E_UNDISCHARGED_ASSUMPTION:0:root-authenticated;E_UNDISCHARGED_ASSUMPTION:1:memory-context-preserved;E_UNDISCHARGED_ASSUMPTION:2:policy-authorized;E_UNTRUSTED_ROOT;E_UNTRUSTED_ROOT_ISSUER
NoPolicyFreshness,attack:workspace:ROOT_AUTHORITY_EXCEEDED:400000,workspace,ROOT_AUTHORITY_EXCEEDED,False,0,DENY,E_ROOT_ACTION_SCOPE_EXCEEDED;E_ROOT_AUTHORITY_EXCEEDED;E_ROOT_OPERATION_NOT_GRANTED;E_ROOT_SCOPE_EXCEEDED;E_UNDISCHARGED_ASSUMPTION:0:root-authenticated;E_UNDISCHARGED_ASSUMPTION:1:memory-context-preserved;E_UNDISCHARGED_ASSUMPTION:2:policy-authorized
NoPolicyFreshness,attack:workspace:ROOT_SCOPE_EXCEEDED:500000,workspace,ROOT_SCOPE_EXCEEDED,False,0,DENY,E_ROOT_ACTION_SCOPE_EXCEEDED;E_ROOT_SCOPE_EXCEEDED;E_UNDISCHARGED_ASSUMPTION:0:root-authenticated;E_UNDISCHARGED_ASSUMPTION:1:memory-context-preserved;E_UNDISCHARGED_ASSUMPTION:2:policy-authorized
NoPolicyFreshness,attack:workspace:ROOT_FIELD_CONSTRAINT_BYPASS:600000,workspace,ROOT_FIELD_CONSTRAINT_BYPASS,False,0,DENY,E_ROOT_FIELD_CONSTRAINT:/action/destination;E_UNDISCHARGED_ASSUMPTION:0:root-authenticated;E_UNDISCHARGED_ASSUMPTION:1:memory-context-preserved;E_UNDISCHARGED_ASSUMPTION:2:policy-authorized
NoPolicyFreshness,attack:workspace:PRINCIPAL_SUBSTITUTION:700000,workspace,PRINCIPAL_SUBSTITUTION,False,0,DENY,E_NOT_PRESERVED:2:/context/principal
NoPolicyFreshness,attack:workspace:AUTHORITY_AMPLIFICATION:800000,workspace,AUTHORITY_AMPLIFICATION,False,0,DENY,E_AUTHORITY_AMPLIFICATION:0;E_DELEGATION_WIDENING:0;E_ILLEGAL_TRANSFORM:0:/context/authority;E_ILLEGAL_TRANSFORM:0:/context/delegation_scope;E_NOT_PRESERVED:0:/action/destination;E_NOT_PRESERVED:0:/action/function;E_NOT_PRESERVED:0:/action/operation;E_NOT_PRESERVED:0:/action/resource;E_UNDISCHARGED_ASSUMPTION:1:memory-context-preserved;E_UNDISCHARGED_ASSUMPTION:2:policy-authorized
NoPolicyFreshness,attack:workspace:DELEGATION_WIDENING:900000,workspace,DELEGATION_WIDENING,False,0,DENY,E_DELEGATION_WIDENING:0;E_ILLEGAL_TRANSFORM:0:/context/delegation_scope;E_NOT_PRESERVED:0:/action/resource;E_UNDISCHARGED_ASSUMPTION:1:memory-context-preserved;E_UNDISCHARGED_ASSUMPTION:2:policy-authorized
NoPolicyFreshness,attack:workspace:ARGUMENT_MUTATION:1000000,workspace,ARGUMENT_MUTATION,False,0,DENY,E_NOT_PRESERVED:2:/action/parameters/body
NoPolicyFreshness,attack:workspace:DESTINATION_SUBSTITUTION:1100000,workspace,DESTINATION_SUBSTITUTION,False,0,DENY,E_UNTRUSTED_TRANSFORM_ISSUER:adapter:/action/destination
NoPolicyFreshness,attack:workspace:TOOL_SERVER_SWAP:1200000,workspace,TOOL_SERVER_SWAP,False,0,DENY,E_NOT_PRESERVED:2:/action/server_id;E_NOT_PRESERVED:2:/action/tool_manifest_digest;E_UNTRUSTED_TOOL_MANIFEST
NoPolicyFreshness,attack:workspace:POLICY_DOWNGRADE:1300000,workspace,POLICY_DOWNGRADE,True,1,EXECUTE,EXECUTED
NoPolicyFreshness,attack:workspace:NONCE_REPLAY:1400000,workspace,NONCE_REPLAY,False,1,EXECUTE_ONCE,EXECUTED;IDEMPOTENT_REPLAY
NoPolicyFreshness,attack:workspace:ALTERNATE_PATH:1500000,workspace,ALTERNATE_PATH,False,0,DENY,E_UNMEDIATED_PATH
NoPolicyFreshness,attack:workspace:MEMORY_LAUNDERING:1600000,workspace,MEMORY_LAUNDERING,False,0,DENY,E_NOT_PRESERVED:0:/context/protected_field_sources;E_NOT_PRESERVED:0:/context/source_classes;E_UNDISCHARGED_ASSUMPTION:1:memory-context-preserved;E_UNDISCHARGED_ASSUMPTION:2:policy-authorized;E_UNRELEASED_FIELD:/action/destination
NoPolicyFreshness,attack:workspace:TAINT_DOWNGRADE:1700000,workspace,TAINT_DOWNGRADE,False,0,DENY,E_ILLEGAL_TRANSFORM:0:/context/taint;E_TAINT_DOWNGRADE:0;E_UNDISCHARGED_ASSUMPTION:1:memory-context-preserved;E_UNDISCHARGED_ASSUMPTION:2:policy-authorized;E_UNTRACKED_DATA_CLASS
NoPolicyFreshness,attack:workspace:EFFECT_CLASS_DOWNGRADE:1800000,workspace,EFFECT_CLASS_DOWNGRADE,False,0,DENY,E_NOT_PRESERVED:2:/action/effect_class
NoPolicyFreshness,attack:workspace:CONTEXT_ROOT_OMISSION:1900000,workspace,CONTEXT_ROOT_OMISSION,False,0,DENY,E_CONTEXT_ROOT;E_ENSURED_FIELD_MISSING:2:/context/context_root;E_NOT_PRESERVED:2:/context/context_root
NoPolicyFreshness,attack:workspace:RETRY_DUPLICATE:2000000,workspace,RETRY_DUPLICATE,False,1,EXECUTE_ONCE,EXECUTED;IDEMPOTENT_REPLAY
NoPolicyFreshness,attack:workspace:UNAUTHORISED_STAGE_SIGNER:2100000,workspace,UNAUTHORISED_STAGE_SIGNER,False,0,DENY,E_UNAUTHORISED_PREDECESSOR:1;E_UNAUTHORISED_STAGE_SIGNER:0;E_UNDISCHARGED_ASSUMPTION:1:memory-context-preserved;E_UNDISCHARGED_ASSUMPTION:2:policy-authorized
NoPolicyFreshness,attack:workspace:RECEIPT_PRODUCER_MISMATCH:2200000,workspace,RECEIPT_PRODUCER_MISMATCH,False,0,DENY,E_RECEIPT_PRODUCER_MISMATCH:0;E_UNAUTHORISED_STAGE_SIGNER:0;E_UNDISCHARGED_ASSUMPTION:1:memory-context-preserved;E_UNDISCHARGED_ASSUMPTION:2:policy-authorized
NoPolicyFreshness,attack:workspace:MISSING_TRANSFORM_WITNESS:2300000,workspace,MISSING_TRANSFORM_WITNESS,False,0,DENY,E_MISSING_TRANSFORM_WITNESS:2:/action/destination
NoPolicyFreshness,attack:workspace:INVALID_TRANSFORM_WITNESS:2400000,workspace,INVALID_TRANSFORM_WITNESS,False,0,DENY,E_TRANSFORM_AFTER_MISMATCH:adapter:/action/destination;E_TRANSFORM_RELATION_FALSE:adapter:/action/destination
NoPolicyFreshness,attack:workspace:RELEASE_PREDICATE_BYPASS:2500000,workspace,RELEASE_PREDICATE_BYPASS,False,0,DENY,E_INVALID_RELEASE:/action/destination
NoPolicyFreshness,attack:workspace:RELEASE_VALUE_SUBSTITUTION:2600000,workspace,RELEASE_VALUE_SUBSTITUTION,False,0,DENY,E_INVALID_RELEASE:/action/destination
NoPolicyFreshness,attack:workspace:EXPIRED_RELEASE:2700000,workspace,EXPIRED_RELEASE,False,0,DENY,E_EXPIRED_RELEASE:release:workspace:attack:EXPIRED_RELEASE:2700000
NoPolicyFreshness,attack:workspace:SUBJECT_SUBSTITUTION:2800000,workspace,SUBJECT_SUBSTITUTION,False,0,DENY,E_SUBJECT_SUBSTITUTION
NoPolicyFreshness,attack:workspace:POST_PERMIT_ACTION_SUBSTITUTION:2900000,workspace,POST_PERMIT_ACTION_SUBSTITUTION,False,0,DENY,E_ACTION_SUBSTITUTION
NoPolicyFreshness,attack:workspace:REVOKED_GRANT:3000000,workspace,REVOKED_GRANT,False,0,DENY,E_REVOKED_AT_FINALITY
NoPolicyFreshness,attack:workspace:CONTRACT_GUARANTEE_VIOLATION:3100000,workspace,CONTRACT_GUARANTEE_VIOLATION,False,0,DENY,E_GUARANTEE_FALSE:2:canonical_destination
NoPolicyFreshness,attack:finance:UNTRUSTED_FIELD_BINDING:1000,finance,UNTRUSTED_FIELD_BINDING,False,0,ESCALATE,E_UNRELEASED_FIELD:/action/parameters/amount_cents
NoPolicyFreshness,attack:finance:DROP_PROVENANCE:101000,finance,DROP_PROVENANCE,False,0,DENY,E_ENSURED_FIELD_MISSING:2:/context/protected_field_sources;E_ENSURED_FIELD_MISSING:2:/context/provenance_root;E_NOT_PRESERVED:2:/context/protected_field_sources;E_NOT_PRESERVED:2:/context/provenance_root;E_PROVENANCE_CONTEXT
NoPolicyFreshness,attack:finance:PROVENANCE_VALUE_SUBSTITUTION:201000,finance,PROVENANCE_VALUE_SUBSTITUTION,False,0,DENY,E_PROVENANCE_VALUE_MISMATCH:/action/parameters/amount_cents;E_UNDISCHARGED_ASSUMPTION:0:provenance-authenticated;E_UNDISCHARGED_ASSUMPTION:1:memory-context-preserved;E_UNDISCHARGED_ASSUMPTION:2:policy-authorized
NoPolicyFreshness,attack:finance:UNTRUSTED_ROOT_PRODUCER:301000,finance,UNTRUSTED_ROOT_PRODUCER,False,0,DENY,E_UNDISCHARGED_ASSUMPTION:0:root-authenticated;E_UNDISCHARGED_ASSUMPTION:1:memory-context-preserved;E_UNDISCHARGED_ASSUMPTION:2:policy-authorized;E_UNTRUSTED_ROOT;E_UNTRUSTED_ROOT_ISSUER
NoPolicyFreshness,attack:finance:ROOT_AUTHORITY_EXCEEDED:401000,finance,ROOT_AUTHORITY_EXCEEDED,False,0,DENY,E_ROOT_ACTION_SCOPE_EXCEEDED;E_ROOT_AUTHORITY_EXCEEDED;E_ROOT_OPERATION_NOT_GRANTED;E_ROOT_SCOPE_EXCEEDED;E_UNDISCHARGED_ASSUMPTION:0:root-authenticated;E_UNDISCHARGED_ASSUMPTION:1:memory-context-preserved;E_UNDISCHARGED_ASSUMPTION:2:policy-authorized
NoPolicyFreshness,attack:finance:ROOT_SCOPE_EXCEEDED:501000,finance,ROOT_SCOPE_EXCEEDED,False,0,DENY,E_ROOT_ACTION_SCOPE_EXCEEDED;E_ROOT_SCOPE_EXCEEDED;E_UNDISCHARGED_ASSUMPTION:0:root-authenticated;E_UNDISCHARGED_ASSUMPTION:1:memory-context-preserved;E_UNDISCHARGED_ASSUMPTION:2:policy-authorized
NoPolicyFreshness,attack:finance:ROOT_FIELD_CONSTRAINT_BYPASS:601000,finance,ROOT_FIELD_CONSTRAINT_BYPASS,False,0,DENY,E_ROOT_FIELD_CONSTRAINT:/action/parameters/amount_cents;E_UNDISCHARGED_ASSUMPTION:0:root-authenticated;E_UNDISCHARGED_ASSUMPTION:1:memory-context-preserved;E_UNDISCHARGED_ASSUMPTION:2:policy-authorized
NoPolicyFreshness,attack:finance:PRINCIPAL_SUBSTITUTION:701000,finance,PRINCIPAL_SUBSTITUTION,False,0,DENY,E_NOT_PRESERVED:2:/context/principal
NoPolicyFreshness,attack:finance:AUTHORITY_AMPLIFICATION:801000,finance,AUTHORITY_AMPLIFICATION,False,0,DENY,E_AUTHORITY_AMPLIFICATION:0;E_DELEGATION_WIDENING:0;E_ILLEGAL_TRANSFORM:0:/context/authority;E_ILLEGAL_TRANSFORM:0:/context/delegation_scope;E_NOT_PRESERVED:0:/action/destination;E_NOT_PRESERVED:0:/action/function;E_NOT_PRESERVED:0:/action/operation;E_NOT_PRESERVED:0:/action/resource;E_UNDISCHARGED_ASSUMPTION:1:memory-context-preserved;E_UNDISCHARGED_ASSUMPTION:2:policy-authorized
NoPolicyFreshness,attack:finance:DELEGATION_WIDENING:901000,finance,DELEGATION_WIDENING,False,0,DENY,E_DELEGATION_WIDENING:0;E_ILLEGAL_TRANSFORM:0:/context/delegation_scope;E_NOT_PRESERVED:0:/action/resource;E_UNDISCHARGED_ASSUMPTION:1:memory-context-preserved;E_UNDISCHARGED_ASSUMPTION:2:policy-authorized
NoPolicyFreshness,attack:finance:ARGUMENT_MUTATION:1001000,finance,ARGUMENT_MUTATION,False,0,DENY,E_NOT_PRESERVED:2:/action/parameters/amount_cents
NoPolicyFreshness,attack:finance:DESTINATION_SUBSTITUTION:1101000,finance,DESTINATION_SUBSTITUTION,False,0,DENY,E_UNTRUSTED_TRANSFORM_ISSUER:adapter:/action/destination
NoPolicyFreshness,attack:finance:TOOL_SERVER_SWAP:1201000,finance,TOOL_SERVER_SWAP,False,0,DENY,E_NOT_PRESERVED:2:/action/server_id;E_NOT_PRESERVED:2:/action/tool_manifest_digest;E_UNTRUSTED_TOOL_MANIFEST
NoPolicyFreshness,attack:finance:POLICY_DOWNGRADE:1301000,finance,POLICY_DOWNGRADE,True,1,EXECUTE,EXECUTED
NoPolicyFreshness,attack:finance:NONCE_REPLAY:1401000,finance,NONCE_REPLAY,False,1,EXECUTE_ONCE,EXECUTED;IDEMPOTENT_REPLAY
NoPolicyFreshness,attack:finance:ALTERNATE_PATH:1501000,finance,ALTERNATE_PATH,False,0,DENY,E_UNMEDIATED_PATH
NoPolicyFreshness,attack:finance:MEMORY_LAUNDERING:1601000,finance,MEMORY_LAUNDERING,False,0,DENY,E_NOT_PRESERVED:0:/context/protected_field_sources;E_NOT_PRESERVED:0:/context/source_classes;E_UNDISCHARGED_ASSUMPTION:1:memory-context-preserved;E_UNDISCHARGED_ASSUMPTION:2:policy-authorized;E_UNRELEASED_FIELD:/action/parameters/amount_cents
NoPolicyFreshness,attack:finance:TAINT_DOWNGRADE:1701000,finance,TAINT_DOWNGRADE,False,0,DENY,E_ILLEGAL_TRANSFORM:0:/context/taint;E_TAINT_DOWNGRADE:0;E_UNDISCHARGED_ASSUMPTION:1:memory-context-preserved;E_UNDISCHARGED_ASSUMPTION:2:policy-authorized;E_UNTRACKED_DATA_CLASS
NoPolicyFreshness,attack:finance:EFFECT_CLASS_DOWNGRADE:1801000,finance,EFFECT_CLASS_DOWNGRADE,False,0,DENY,E_NOT_PRESERVED:2:/action/effect_class
NoPolicyFreshness,attack:finance:CONTEXT_ROOT_OMISSION:1901000,finance,CONTEXT_ROOT_OMISSION,False,0,DENY,E_CONTEXT_ROOT;E_ENSURED_FIELD_MISSING:2:/context/context_root;E_NOT_PRESERVED:2:/context/context_root
NoPolicyFreshness,attack:finance:RETRY_DUPLICATE:2001000,finance,RETRY_DUPLICATE,False,1,EXECUTE_ONCE,EXECUTED;IDEMPOTENT_REPLAY
NoPolicyFreshness,attack:finance:UNAUTHORISED_STAGE_SIGNER:2101000,finance,UNAUTHORISED_STAGE_SIGNER,False,0,DENY,E_UNAUTHORISED_PREDECESSOR:1;E_UNAUTHORISED_STAGE_SIGNER:0;E_UNDISCHARGED_ASSUMPTION:1:memory-context-preserved;E_UNDISCHARGED_ASSUMPTION:2:policy-authorized
NoPolicyFreshness,attack:finance:RECEIPT_PRODUCER_MISMATCH:2201000,finance,RECEIPT_PRODUCER_MISMATCH,False,0,DENY,E_RECEIPT_PRODUCER_MISMATCH:0;E_UNAUTHORISED_STAGE_SIGNER:0;E_UNDISCHARGED_ASSUMPTION:1:memory-context-preserved;E_UNDISCHARGED_ASSUMPTION:2:policy-authorized
NoPolicyFreshness,attack:finance:MISSING_TRANSFORM_WITNESS:2301000,finance,MISSING_TRANSFORM_WITNESS,False,0,DENY,E_MISSING_TRANSFORM_WITNESS:2:/action/destination
NoPolicyFreshness,attack:finance:INVALID_TRANSFORM_WITNESS:2401000,finance,INVALID_TRANSFORM_WITNESS,False,0,DENY,E_TRANSFORM_AFTER_MISMATCH:adapter:/action/destination;E_TRANSFORM_RELATION_FALSE:adapter:/action/destination
NoPolicyFreshness,attack:finance:RELEASE_PREDICATE_BYPASS:2501000,finance,RELEASE_PREDICATE_BYPASS,False,0,DENY,E_INVALID_RELEASE:/action/parameters/amount_cents
NoPolicyFreshness,attack:finance:RELEASE_VALUE_SUBSTITUTION:2601000,finance,RELEASE_VALUE_SUBSTITUTION,False,0,DENY,E_INVALID_RELEASE:/action/parameters/amount_cents
NoPolicyFreshness,attack:finance:EXPIRED_RELEASE:2701000,finance,EXPIRED_RELEASE,False,0,DENY,E_EXPIRED_RELEASE:release:finance:attack:EXPIRED_RELEASE:2701000
NoPolicyFreshness,attack:finance:SUBJECT_SUBSTITUTION:2801000,finance,SUBJECT_SUBSTITUTION,False,0,DENY,E_SUBJECT_SUBSTITUTION
NoPolicyFreshness,attack:finance:POST_PERMIT_ACTION_SUBSTITUTION:2901000,finance,POST_PERMIT_ACTION_SUBSTITUTION,False,0,DENY,E_ACTION_SUBSTITUTION
NoPolicyFreshness,attack:finance:REVOKED_GRANT:3001000,finance,REVOKED_GRANT,False,0,DENY,E_REVOKED_AT_FINALITY
NoPolicyFreshness,attack:finance:CONTRACT_GUARANTEE_VIOLATION:3101000,finance,CONTRACT_GUARANTEE_VIOLATION,False,0,DENY,E_GUARANTEE_FALSE:2:canonical_destination
NoPolicyFreshness,attack:devops:UNTRUSTED_FIELD_BINDING:2000,devops,UNTRUSTED_FIELD_BINDING,False,0,ESCALATE,E_UNRELEASED_FIELD:/action/parameters/commit
NoPolicyFreshness,attack:devops:DROP_PROVENANCE:102000,devops,DROP_PROVENANCE,False,0,DENY,E_ENSURED_FIELD_MISSING:2:/context/protected_field_sources;E_ENSURED_FIELD_MISSING:2:/context/provenance_root;E_NOT_PRESERVED:2:/context/protected_field_sources;E_NOT_PRESERVED:2:/context/provenance_root;E_PROVENANCE_CONTEXT
NoPolicyFreshness,attack:devops:PROVENANCE_VALUE_SUBSTITUTION:202000,devops,PROVENANCE_VALUE_SUBSTITUTION,False,0,DENY,E_PROVENANCE_VALUE_MISMATCH:/action/parameters/commit;E_UNDISCHARGED_ASSUMPTION:0:provenance-authenticated;E_UNDISCHARGED_ASSUMPTION:1:memory-context-preserved;E_UNDISCHARGED_ASSUMPTION:2:policy-authorized
NoPolicyFreshness,attack:devops:UNTRUSTED_ROOT_PRODUCER:302000,devops,UNTRUSTED_ROOT_PRODUCER,False,0,DENY,E_UNDISCHARGED_ASSUMPTION:0:root-authenticated;E_UNDISCHARGED_ASSUMPTION:1:memory-context-preserved;E_UNDISCHARGED_ASSUMPTION:2:policy-authorized;E_UNTRUSTED_ROOT;E_UNTRUSTED_ROOT_ISSUER
NoPolicyFreshness,attack:devops:ROOT_AUTHORITY_EXCEEDED:402000,devops,ROOT_AUTHORITY_EXCEEDED,False,0,DENY,E_ROOT_ACTION_SCOPE_EXCEEDED;E_ROOT_AUTHORITY_EXCEEDED;E_ROOT_OPERATION_NOT_GRANTED;E_ROOT_SCOPE_EXCEEDED;E_UNDISCHARGED_ASSUMPTION:0:root-authenticated;E_UNDISCHARGED_ASSUMPTION:1:memory-context-preserved;E_UNDISCHARGED_ASSUMPTION:2:policy-authorized
NoPolicyFreshness,attack:devops:ROOT_SCOPE_EXCEEDED:502000,devops,ROOT_SCOPE_EXCEEDED,False,0,DENY,E_ROOT_ACTION_SCOPE_EXCEEDED;E_ROOT_SCOPE_EXCEEDED;E_UNDISCHARGED_ASSUMPTION:0:root-authenticated;E_UNDISCHARGED_ASSUMPTION:1:memory-context-preserved;E_UNDISCHARGED_ASSUMPTION:2:policy-authorized
NoPolicyFreshness,attack:devops:ROOT_FIELD_CONSTRAINT_BYPASS:602000,devops,ROOT_FIELD_CONSTRAINT_BYPASS,False,0,DENY,E_ROOT_FIELD_CONSTRAINT:/action/parameters/commit;E_UNDISCHARGED_ASSUMPTION:0:root-authenticated;E_UNDISCHARGED_ASSUMPTION:1:memory-context-preserved;E_UNDISCHARGED_ASSUMPTION:2:policy-authorized
NoPolicyFreshness,attack:devops:PRINCIPAL_SUBSTITUTION:702000,devops,PRINCIPAL_SUBSTITUTION,False,0,DENY,E_NOT_PRESERVED:2:/context/principal
NoPolicyFreshness,attack:devops:AUTHORITY_AMPLIFICATION:802000,devops,AUTHORITY_AMPLIFICATION,False,0,DENY,E_AUTHORITY_AMPLIFICATION:0;E_DELEGATION_WIDENING:0;E_ILLEGAL_TRANSFORM:0:/context/authority;E_ILLEGAL_TRANSFORM:0:/context/delegation_scope;E_NOT_PRESERVED:0:/action/destination;E_NOT_PRESERVED:0:/action/function;E_NOT_PRESERVED:0:/action/operation;E_NOT_PRESERVED:0:/action/resource;E_UNDISCHARGED_ASSUMPTION:1:memory-context-preserved;E_UNDISCHARGED_ASSUMPTION:2:policy-authorized
NoPolicyFreshness,attack:devops:DELEGATION_WIDENING:902000,devops,DELEGATION_WIDENING,False,0,DENY,E_DELEGATION_WIDENING:0;E_ILLEGAL_TRANSFORM:0:/context/delegation_scope;E_NOT_PRESERVED:0:/action/resource;E_UNDISCHARGED_ASSUMPTION:1:memory-context-preserved;E_UNDISCHARGED_ASSUMPTION:2:policy-authorized
NoPolicyFreshness,attack:devops:ARGUMENT_MUTATION:1002000,devops,ARGUMENT_MUTATION,False,0,DENY,E_NOT_PRESERVED:2:/action/parameters/environment
NoPolicyFreshness,attack:devops:DESTINATION_SUBSTITUTION:1102000,devops,DESTINATION_SUBSTITUTION,False,0,DENY,E_UNTRUSTED_TRANSFORM_ISSUER:adapter:/action/destination
NoPolicyFreshness,attack:devops:TOOL_SERVER_SWAP:1202000,devops,TOOL_SERVER_SWAP,False,0,DENY,E_NOT_PRESERVED:2:/action/server_id;E_NOT_PRESERVED:2:/action/tool_manifest_digest;E_UNTRUSTED_TOOL_MANIFEST
NoPolicyFreshness,attack:devops:POLICY_DOWNGRADE:1302000,devops,POLICY_DOWNGRADE,True,1,EXECUTE,EXECUTED
NoPolicyFreshness,attack:devops:NONCE_REPLAY:1402000,devops,NONCE_REPLAY,False,1,EXECUTE_ONCE,EXECUTED;IDEMPOTENT_REPLAY
NoPolicyFreshness,attack:devops:ALTERNATE_PATH:1502000,devops,ALTERNATE_PATH,False,0,DENY,E_UNMEDIATED_PATH
NoPolicyFreshness,attack:devops:MEMORY_LAUNDERING:1602000,devops,MEMORY_LAUNDERING,False,0,DENY,E_NOT_PRESERVED:0:/context/protected_field_sources;E_NOT_PRESERVED:0:/context/source_classes;E_UNDISCHARGED_ASSUMPTION:1:memory-context-preserved;E_UNDISCHARGED_ASSUMPTION:2:policy-authorized;E_UNRELEASED_FIELD:/action/parameters/commit
NoPolicyFreshness,attack:devops:TAINT_DOWNGRADE:1702000,devops,TAINT_DOWNGRADE,False,0,DENY,E_ILLEGAL_TRANSFORM:0:/context/taint;E_TAINT_DOWNGRADE:0;E_UNDISCHARGED_ASSUMPTION:1:memory-context-preserved;E_UNDISCHARGED_ASSUMPTION:2:policy-authorized;E_UNTRACKED_DATA_CLASS
NoPolicyFreshness,attack:devops:EFFECT_CLASS_DOWNGRADE:1802000,devops,EFFECT_CLASS_DOWNGRADE,False,0,DENY,E_NOT_PRESERVED:2:/action/effect_class
NoPolicyFreshness,attack:devops:CONTEXT_ROOT_OMISSION:1902000,devops,CONTEXT_ROOT_OMISSION,False,0,DENY,E_CONTEXT_ROOT;E_ENSURED_FIELD_MISSING:2:/context/context_root;E_NOT_PRESERVED:2:/context/context_root
NoPolicyFreshness,attack:devops:RETRY_DUPLICATE:2002000,devops,RETRY_DUPLICATE,False,1,EXECUTE_ONCE,EXECUTED;IDEMPOTENT_REPLAY
NoPolicyFreshness,attack:devops:UNAUTHORISED_STAGE_SIGNER:2102000,devops,UNAUTHORISED_STAGE_SIGNER,False,0,DENY,E_UNAUTHORISED_PREDECESSOR:1;E_UNAUTHORISED_STAGE_SIGNER:0;E_UNDISCHARGED_ASSUMPTION:1:memory-context-preserved;E_UNDISCHARGED_ASSUMPTION:2:policy-authorized
NoPolicyFreshness,attack:devops:RECEIPT_PRODUCER_MISMATCH:2202000,devops,RECEIPT_PRODUCER_MISMATCH,False,0,DENY,E_RECEIPT_PRODUCER_MISMATCH:0;E_UNAUTHORISED_STAGE_SIGNER:0;E_UNDISCHARGED_ASSUMPTION:1:memory-context-preserved;E_UNDISCHARGED_ASSUMPTION:2:policy-authorized
NoPolicyFreshness,attack:devops:MISSING_TRANSFORM_WITNESS:2302000,devops,MISSING_TRANSFORM_WITNESS,False,0,DENY,E_MISSING_TRANSFORM_WITNESS:2:/action/destination
NoPolicyFreshness,attack:devops:INVALID_TRANSFORM_WITNESS:2402000,devops,INVALID_TRANSFORM_WITNESS,False,0,DENY,E_TRANSFORM_AFTER_MISMATCH:adapter:/action/destination;E_TRANSFORM_RELATION_FALSE:adapter:/action/destination
NoPolicyFreshness,attack:devops:RELEASE_PREDICATE_BYPASS:2502000,devops,RELEASE_PREDICATE_BYPASS,False,0,DENY,E_INVALID_RELEASE:/action/parameters/commit
NoPolicyFreshness,attack:devops:RELEASE_VALUE_SUBSTITUTION:2602000,devops,RELEASE_VALUE_SUBSTITUTION,False,0,DENY,E_INVALID_RELEASE:/action/parameters/commit
NoPolicyFreshness,attack:devops:EXPIRED_RELEASE:2702000,devops,EXPIRED_RELEASE,False,0,DENY,E_EXPIRED_RELEASE:release:devops:attack:EXPIRED_RELEASE:2702000
NoPolicyFreshness,attack:devops:SUBJECT_SUBSTITUTION:2802000,devops,SUBJECT_SUBSTITUTION,False,0,DENY,E_SUBJECT_SUBSTITUTION
NoPolicyFreshness,attack:devops:POST_PERMIT_ACTION_SUBSTITUTION:2902000,devops,POST_PERMIT_ACTION_SUBSTITUTION,False,0,DENY,E_ACTION_SUBSTITUTION
NoPolicyFreshness,attack:devops:REVOKED_GRANT:3002000,devops,REVOKED_GRANT,False,0,DENY,E_REVOKED_AT_FINALITY
NoPolicyFreshness,attack:devops:CONTRACT_GUARANTEE_VIOLATION:3102000,devops,CONTRACT_GUARANTEE_VIOLATION,False,0,DENY,E_GUARANTEE_FALSE:2:canonical_destination
NoPolicyFreshness,attack:multiagent:UNTRUSTED_FIELD_BINDING:3000,multiagent,UNTRUSTED_FIELD_BINDING,False,0,ESCALATE,E_UNRELEASED_FIELD:/action/parameters/capability
NoPolicyFreshness,attack:multiagent:DROP_PROVENANCE:103000,multiagent,DROP_PROVENANCE,False,0,DENY,E_ENSURED_FIELD_MISSING:2:/context/protected_field_sources;E_ENSURED_FIELD_MISSING:2:/context/provenance_root;E_NOT_PRESERVED:2:/context/protected_field_sources;E_NOT_PRESERVED:2:/context/provenance_root;E_PROVENANCE_CONTEXT
NoPolicyFreshness,attack:multiagent:PROVENANCE_VALUE_SUBSTITUTION:203000,multiagent,PROVENANCE_VALUE_SUBSTITUTION,False,0,DENY,E_PROVENANCE_VALUE_MISMATCH:/action/parameters/capability;E_UNDISCHARGED_ASSUMPTION:0:provenance-authenticated;E_UNDISCHARGED_ASSUMPTION:1:memory-context-preserved;E_UNDISCHARGED_ASSUMPTION:2:policy-authorized
NoPolicyFreshness,attack:multiagent:UNTRUSTED_ROOT_PRODUCER:303000,multiagent,UNTRUSTED_ROOT_PRODUCER,False,0,DENY,E_UNDISCHARGED_ASSUMPTION:0:root-authenticated;E_UNDISCHARGED_ASSUMPTION:1:memory-context-preserved;E_UNDISCHARGED_ASSUMPTION:2:policy-authorized;E_UNTRUSTED_ROOT;E_UNTRUSTED_ROOT_ISSUER
NoPolicyFreshness,attack:multiagent:ROOT_AUTHORITY_EXCEEDED:403000,multiagent,ROOT_AUTHORITY_EXCEEDED,False,0,DENY,E_ROOT_ACTION_SCOPE_EXCEEDED;E_ROOT_AUTHORITY_EXCEEDED;E_ROOT_OPERATION_NOT_GRANTED;E_ROOT_SCOPE_EXCEEDED;E_UNDISCHARGED_ASSUMPTION:0:root-authenticated;E_UNDISCHARGED_ASSUMPTION:1:memory-context-preserved;E_UNDISCHARGED_ASSUMPTION:2:policy-authorized
NoPolicyFreshness,attack:multiagent:ROOT_SCOPE_EXCEEDED:503000,multiagent,ROOT_SCOPE_EXCEEDED,False,0,DENY,E_ROOT_ACTION_SCOPE_EXCEEDED;E_ROOT_SCOPE_EXCEEDED;E_UNDISCHARGED_ASSUMPTION:0:root-authenticated;E_UNDISCHARGED_ASSUMPTION:1:memory-context-preserved;E_UNDISCHARGED_ASSUMPTION:2:policy-authorized
NoPolicyFreshness,attack:multiagent:ROOT_FIELD_CONSTRAINT_BYPASS:603000,multiagent,ROOT_FIELD_CONSTRAINT_BYPASS,False,0,DENY,E_ROOT_FIELD_CONSTRAINT:/action/parameters/capability;E_UNDISCHARGED_ASSUMPTION:0:root-authenticated;E_UNDISCHARGED_ASSUMPTION:1:memory-context-preserved;E_UNDISCHARGED_ASSUMPTION:2:policy-authorized
NoPolicyFreshness,attack:multiagent:PRINCIPAL_SUBSTITUTION:703000,multiagent,PRINCIPAL_SUBSTITUTION,False,0,DENY,E_NOT_PRESERVED:2:/context/principal
NoPolicyFreshness,attack:multiagent:AUTHORITY_AMPLIFICATION:803000,multiagent,AUTHORITY_AMPLIFICATION,False,0,DENY,E_AUTHORITY_AMPLIFICATION:0;E_DELEGATION_WIDENING:0;E_ILLEGAL_TRANSFORM:0:/context/authority;E_ILLEGAL_TRANSFORM:0:/context/delegation_scope;E_NOT_PRESERVED:0:/action/destination;E_NOT_PRESERVED:0:/action/function;E_NOT_PRESERVED:0:/action/operation;E_NOT_PRESERVED:0:/action/resource;E_UNDISCHARGED_ASSUMPTION:1:memory-context-preserved;E_UNDISCHARGED_ASSUMPTION:2:policy-authorized
NoPolicyFreshness,attack:multiagent:DELEGATION_WIDENING:903000,multiagent,DELEGATION_WIDENING,False,0,DENY,E_DELEGATION_WIDENING:0;E_ILLEGAL_TRANSFORM:0:/context/delegation_scope;E_NOT_PRESERVED:0:/action/resource;E_UNDISCHARGED_ASSUMPTION:1:memory-context-preserved;E_UNDISCHARGED_ASSUMPTION:2:policy-authorized
NoPolicyFreshness,attack:multiagent:ARGUMENT_MUTATION:1003000,multiagent,ARGUMENT_MUTATION,False,0,DENY,E_NOT_PRESERVED:2:/action/parameters/max_depth
NoPolicyFreshness,attack:multiagent:DESTINATION_SUBSTITUTION:1103000,multiagent,DESTINATION_SUBSTITUTION,False,0,DENY,E_UNTRUSTED_TRANSFORM_ISSUER:adapter:/action/destination
NoPolicyFreshness,attack:multiagent:TOOL_SERVER_SWAP:1203000,multiagent,TOOL_SERVER_SWAP,False,0,DENY,E_NOT_PRESERVED:2:/action/server_id;E_NOT_PRESERVED:2:/action/tool_manifest_digest;E_UNTRUSTED_TOOL_MANIFEST
NoPolicyFreshness,attack:multiagent:POLICY_DOWNGRADE:1303000,multiagent,POLICY_DOWNGRADE,True,1,EXECUTE,EXECUTED
NoPolicyFreshness,attack:multiagent:NONCE_REPLAY:1403000,multiagent,NONCE_REPLAY,False,1,EXECUTE_ONCE,EXECUTED;IDEMPOTENT_REPLAY
NoPolicyFreshness,attack:multiagent:ALTERNATE_PATH:1503000,multiagent,ALTERNATE_PATH,False,0,DENY,E_UNMEDIATED_PATH
NoPolicyFreshness,attack:multiagent:MEMORY_LAUNDERING:1603000,multiagent,MEMORY_LAUNDERING,False,0,DENY,E_NOT_PRESERVED:0:/context/protected_field_sources;E_NOT_PRESERVED:0:/context/source_classes;E_UNDISCHARGED_ASSUMPTION:1:memory-context-preserved;E_UNDISCHARGED_ASSUMPTION:2:policy-authorized;E_UNRELEASED_FIELD:/action/parameters/capability
NoPolicyFreshness,attack:multiagent:TAINT_DOWNGRADE:1703000,multiagent,TAINT_DOWNGRADE,False,0,DENY,E_ILLEGAL_TRANSFORM:0:/context/taint;E_TAINT_DOWNGRADE:0;E_UNDISCHARGED_ASSUMPTION:1:memory-context-preserved;E_UNDISCHARGED_ASSUMPTION:2:policy-authorized;E_UNTRACKED_DATA_CLASS
NoPolicyFreshness,attack:multiagent:EFFECT_CLASS_DOWNGRADE:1803000,multiagent,EFFECT_CLASS_DOWNGRADE,False,0,DENY,E_NOT_PRESERVED:2:/action/effect_class
NoPolicyFreshness,attack:multiagent:CONTEXT_ROOT_OMISSION:1903000,multiagent,CONTEXT_ROOT_OMISSION,False,0,DENY,E_CONTEXT_ROOT;E_ENSURED_FIELD_MISSING:2:/context/context_root;E_NOT_PRESERVED:2:/context/context_root
NoPolicyFreshness,attack:multiagent:RETRY_DUPLICATE:2003000,multiagent,RETRY_DUPLICATE,False,1,EXECUTE_ONCE,EXECUTED;IDEMPOTENT_REPLAY
NoPolicyFreshness,attack:multiagent:UNAUTHORISED_STAGE_SIGNER:2103000,multiagent,UNAUTHORISED_STAGE_SIGNER,False,0,DENY,E_UNAUTHORISED_PREDECESSOR:1;E_UNAUTHORISED_STAGE_SIGNER:0;E_UNDISCHARGED_ASSUMPTION:1:memory-context-preserved;E_UNDISCHARGED_ASSUMPTION:2:policy-authorized
NoPolicyFreshness,attack:multiagent:RECEIPT_PRODUCER_MISMATCH:2203000,multiagent,RECEIPT_PRODUCER_MISMATCH,False,0,DENY,E_RECEIPT_PRODUCER_MISMATCH:0;E_UNAUTHORISED_STAGE_SIGNER:0;E_UNDISCHARGED_ASSUMPTION:1:memory-context-preserved;E_UNDISCHARGED_ASSUMPTION:2:policy-authorized
NoPolicyFreshness,attack:multiagent:MISSING_TRANSFORM_WITNESS:2303000,multiagent,MISSING_TRANSFORM_WITNESS,False,0,DENY,E_MISSING_TRANSFORM_WITNESS:2:/action/destination
NoPolicyFreshness,attack:multiagent:INVALID_TRANSFORM_WITNESS:2403000,multiagent,INVALID_TRANSFORM_WITNESS,False,0,DENY,E_TRANSFORM_AFTER_MISMATCH:adapter:/action/destination;E_TRANSFORM_RELATION_FALSE:adapter:/action/destination
NoPolicyFreshness,attack:multiagent:RELEASE_PREDICATE_BYPASS:2503000,multiagent,RELEASE_PREDICATE_BYPASS,False,0,DENY,E_INVALID_RELEASE:/action/parameters/capability
NoPolicyFreshness,attack:multiagent:RELEASE_VALUE_SUBSTITUTION:2603000,multiagent,RELEASE_VALUE_SUBSTITUTION,False,0,DENY,E_INVALID_RELEASE:/action/parameters/capability
NoPolicyFreshness,attack:multiagent:EXPIRED_RELEASE:2703000,multiagent,EXPIRED_RELEASE,False,0,DENY,E_EXPIRED_RELEASE:release:multiagent:attack:EXPIRED_RELEASE:2703000
NoPolicyFreshness,attack:multiagent:SUBJECT_SUBSTITUTION:2803000,multiagent,SUBJECT_SUBSTITUTION,False,0,DENY,E_SUBJECT_SUBSTITUTION
NoPolicyFreshness,attack:multiagent:POST_PERMIT_ACTION_SUBSTITUTION:2903000,multiagent,POST_PERMIT_ACTION_SUBSTITUTION,False,0,DENY,E_ACTION_SUBSTITUTION
NoPolicyFreshness,attack:multiagent:REVOKED_GRANT:3003000,multiagent,REVOKED_GRANT,False,0,DENY,E_REVOKED_AT_FINALITY
NoPolicyFreshness,attack:multiagent:CONTRACT_GUARANTEE_VIOLATION:3103000,multiagent,CONTRACT_GUARANTEE_VIOLATION,False,0,DENY,E_GUARANTEE_FALSE:2:canonical_destination
NoContextCommitment,attack:workspace:UNTRUSTED_FIELD_BINDING:0,workspace,UNTRUSTED_FIELD_BINDING,False,0,ESCALATE,E_UNRELEASED_FIELD:/action/destination
NoContextCommitment,attack:workspace:DROP_PROVENANCE:100000,workspace,DROP_PROVENANCE,False,0,DENY,E_ENSURED_FIELD_MISSING:2:/context/protected_field_sources;E_ENSURED_FIELD_MISSING:2:/context/provenance_root;E_NOT_PRESERVED:2:/context/protected_field_sources;E_NOT_PRESERVED:2:/context/provenance_root;E_PROVENANCE_CONTEXT
NoContextCommitment,attack:workspace:PROVENANCE_VALUE_SUBSTITUTION:200000,workspace,PROVENANCE_VALUE_SUBSTITUTION,False,0,DENY,E_PROVENANCE_VALUE_MISMATCH:/action/destination;E_UNDISCHARGED_ASSUMPTION:0:provenance-authenticated;E_UNDISCHARGED_ASSUMPTION:1:memory-context-preserved;E_UNDISCHARGED_ASSUMPTION:2:policy-authorized
NoContextCommitment,attack:workspace:UNTRUSTED_ROOT_PRODUCER:300000,workspace,UNTRUSTED_ROOT_PRODUCER,False,0,DENY,E_UNDISCHARGED_ASSUMPTION:0:root-authenticated;E_UNDISCHARGED_ASSUMPTION:1:memory-context-preserved;E_UNDISCHARGED_ASSUMPTION:2:policy-authorized;E_UNTRUSTED_ROOT;E_UNTRUSTED_ROOT_ISSUER
NoContextCommitment,attack:workspace:ROOT_AUTHORITY_EXCEEDED:400000,workspace,ROOT_AUTHORITY_EXCEEDED,False,0,DENY,E_ROOT_ACTION_SCOPE_EXCEEDED;E_ROOT_AUTHORITY_EXCEEDED;E_ROOT_OPERATION_NOT_GRANTED;E_ROOT_SCOPE_EXCEEDED;E_UNDISCHARGED_ASSUMPTION:0:root-authenticated;E_UNDISCHARGED_ASSUMPTION:1:memory-context-preserved;E_UNDISCHARGED_ASSUMPTION:2:policy-authorized
NoContextCommitment,attack:workspace:ROOT_SCOPE_EXCEEDED:500000,workspace,ROOT_SCOPE_EXCEEDED,False,0,DENY,E_ROOT_ACTION_SCOPE_EXCEEDED;E_ROOT_SCOPE_EXCEEDED;E_UNDISCHARGED_ASSUMPTION:0:root-authenticated;E_UNDISCHARGED_ASSUMPTION:1:memory-context-preserved;E_UNDISCHARGED_ASSUMPTION:2:policy-authorized
NoContextCommitment,attack:workspace:ROOT_FIELD_CONSTRAINT_BYPASS:600000,workspace,ROOT_FIELD_CONSTRAINT_BYPASS,False,0,DENY,E_ROOT_FIELD_CONSTRAINT:/action/destination;E_UNDISCHARGED_ASSUMPTION:0:root-authenticated;E_UNDISCHARGED_ASSUMPTION:1:memory-context-preserved;E_UNDISCHARGED_ASSUMPTION:2:policy-authorized
NoContextCommitment,attack:workspace:PRINCIPAL_SUBSTITUTION:700000,workspace,PRINCIPAL_SUBSTITUTION,False,0,DENY,E_NOT_PRESERVED:2:/context/principal
NoContextCommitment,attack:workspace:AUTHORITY_AMPLIFICATION:800000,workspace,AUTHORITY_AMPLIFICATION,False,0,DENY,E_AUTHORITY_AMPLIFICATION:0;E_DELEGATION_WIDENING:0;E_ILLEGAL_TRANSFORM:0:/context/authority;E_ILLEGAL_TRANSFORM:0:/context/delegation_scope;E_NOT_PRESERVED:0:/action/destination;E_NOT_PRESERVED:0:/action/function;E_NOT_PRESERVED:0:/action/operation;E_NOT_PRESERVED:0:/action/resource;E_UNDISCHARGED_ASSUMPTION:1:memory-context-preserved;E_UNDISCHARGED_ASSUMPTION:2:policy-authorized
NoContextCommitment,attack:workspace:DELEGATION_WIDENING:900000,workspace,DELEGATION_WIDENING,False,0,DENY,E_DELEGATION_WIDENING:0;E_ILLEGAL_TRANSFORM:0:/context/delegation_scope;E_NOT_PRESERVED:0:/action/resource;E_UNDISCHARGED_ASSUMPTION:1:memory-context-preserved;E_UNDISCHARGED_ASSUMPTION:2:policy-authorized
NoContextCommitment,attack:workspace:ARGUMENT_MUTATION:1000000,workspace,ARGUMENT_MUTATION,False,0,DENY,E_NOT_PRESERVED:2:/action/parameters/body
NoContextCommitment,attack:workspace:DESTINATION_SUBSTITUTION:1100000,workspace,DESTINATION_SUBSTITUTION,False,0,DENY,E_UNTRUSTED_TRANSFORM_ISSUER:adapter:/action/destination
NoContextCommitment,attack:workspace:TOOL_SERVER_SWAP:1200000,workspace,TOOL_SERVER_SWAP,False,0,DENY,E_NOT_PRESERVED:2:/action/server_id;E_NOT_PRESERVED:2:/action/tool_manifest_digest;E_UNTRUSTED_TOOL_MANIFEST
NoContextCommitment,attack:workspace:POLICY_DOWNGRADE:1300000,workspace,POLICY_DOWNGRADE,False,0,DENY,E_GUARANTEE_FALSE:2:policy_matches;E_ILLEGAL_TRANSFORM:2:/context/policy_digest;E_ILLEGAL_TRANSFORM:2:/context/policy_epoch;E_POLICY_DOWNGRADE:2;E_STALE_POLICY
NoContextCommitment,attack:workspace:NONCE_REPLAY:1400000,workspace,NONCE_REPLAY,False,1,EXECUTE_ONCE,EXECUTED;IDEMPOTENT_REPLAY
NoContextCommitment,attack:workspace:ALTERNATE_PATH:1500000,workspace,ALTERNATE_PATH,False,0,DENY,E_UNMEDIATED_PATH
NoContextCommitment,attack:workspace:MEMORY_LAUNDERING:1600000,workspace,MEMORY_LAUNDERING,False,0,DENY,E_NOT_PRESERVED:0:/context/protected_field_sources;E_NOT_PRESERVED:0:/context/source_classes;E_UNDISCHARGED_ASSUMPTION:1:memory-context-preserved;E_UNDISCHARGED_ASSUMPTION:2:policy-authorized;E_UNRELEASED_FIELD:/action/destination
NoContextCommitment,attack:workspace:TAINT_DOWNGRADE:1700000,workspace,TAINT_DOWNGRADE,False,0,DENY,E_ILLEGAL_TRANSFORM:0:/context/taint;E_TAINT_DOWNGRADE:0;E_UNDISCHARGED_ASSUMPTION:1:memory-context-preserved;E_UNDISCHARGED_ASSUMPTION:2:policy-authorized;E_UNTRACKED_DATA_CLASS
NoContextCommitment,attack:workspace:EFFECT_CLASS_DOWNGRADE:1800000,workspace,EFFECT_CLASS_DOWNGRADE,False,0,DENY,E_NOT_PRESERVED:2:/action/effect_class
NoContextCommitment,attack:workspace:CONTEXT_ROOT_OMISSION:1900000,workspace,CONTEXT_ROOT_OMISSION,True,1,EXECUTE,EXECUTED
NoContextCommitment,attack:workspace:RETRY_DUPLICATE:2000000,workspace,RETRY_DUPLICATE,False,1,EXECUTE_ONCE,EXECUTED;IDEMPOTENT_REPLAY
NoContextCommitment,attack:workspace:UNAUTHORISED_STAGE_SIGNER:2100000,workspace,UNAUTHORISED_STAGE_SIGNER,False,0,DENY,E_UNAUTHORISED_PREDECESSOR:1;E_UNAUTHORISED_STAGE_SIGNER:0;E_UNDISCHARGED_ASSUMPTION:1:memory-context-preserved;E_UNDISCHARGED_ASSUMPTION:2:policy-authorized
NoContextCommitment,attack:workspace:RECEIPT_PRODUCER_MISMATCH:2200000,workspace,RECEIPT_PRODUCER_MISMATCH,False,0,DENY,E_RECEIPT_PRODUCER_MISMATCH:0;E_UNAUTHORISED_STAGE_SIGNER:0;E_UNDISCHARGED_ASSUMPTION:1:memory-context-preserved;E_UNDISCHARGED_ASSUMPTION:2:policy-authorized
NoContextCommitment,attack:workspace:MISSING_TRANSFORM_WITNESS:2300000,workspace,MISSING_TRANSFORM_WITNESS,False,0,DENY,E_MISSING_TRANSFORM_WITNESS:2:/action/destination
NoContextCommitment,attack:workspace:INVALID_TRANSFORM_WITNESS:2400000,workspace,INVALID_TRANSFORM_WITNESS,False,0,DENY,E_TRANSFORM_AFTER_MISMATCH:adapter:/action/destination;E_TRANSFORM_RELATION_FALSE:adapter:/action/destination
NoContextCommitment,attack:workspace:RELEASE_PREDICATE_BYPASS:2500000,workspace,RELEASE_PREDICATE_BYPASS,False,0,DENY,E_INVALID_RELEASE:/action/destination
NoContextCommitment,attack:workspace:RELEASE_VALUE_SUBSTITUTION:2600000,workspace,RELEASE_VALUE_SUBSTITUTION,False,0,DENY,E_INVALID_RELEASE:/action/destination
NoContextCommitment,attack:workspace:EXPIRED_RELEASE:2700000,workspace,EXPIRED_RELEASE,False,0,DENY,E_EXPIRED_RELEASE:release:workspace:attack:EXPIRED_RELEASE:2700000
NoContextCommitment,attack:workspace:SUBJECT_SUBSTITUTION:2800000,workspace,SUBJECT_SUBSTITUTION,False,0,DENY,E_SUBJECT_SUBSTITUTION
NoContextCommitment,attack:workspace:POST_PERMIT_ACTION_SUBSTITUTION:2900000,workspace,POST_PERMIT_ACTION_SUBSTITUTION,False,0,DENY,E_ACTION_SUBSTITUTION
NoContextCommitment,attack:workspace:REVOKED_GRANT:3000000,workspace,REVOKED_GRANT,False,0,DENY,E_REVOKED_AT_FINALITY
NoContextCommitment,attack:workspace:CONTRACT_GUARANTEE_VIOLATION:3100000,workspace,CONTRACT_GUARANTEE_VIOLATION,False,0,DENY,E_GUARANTEE_FALSE:2:canonical_destination
NoContextCommitment,attack:finance:UNTRUSTED_FIELD_BINDING:1000,finance,UNTRUSTED_FIELD_BINDING,False,0,ESCALATE,E_UNRELEASED_FIELD:/action/parameters/amount_cents
NoContextCommitment,attack:finance:DROP_PROVENANCE:101000,finance,DROP_PROVENANCE,False,0,DENY,E_ENSURED_FIELD_MISSING:2:/context/protected_field_sources;E_ENSURED_FIELD_MISSING:2:/context/provenance_root;E_NOT_PRESERVED:2:/context/protected_field_sources;E_NOT_PRESERVED:2:/context/provenance_root;E_PROVENANCE_CONTEXT
NoContextCommitment,attack:finance:PROVENANCE_VALUE_SUBSTITUTION:201000,finance,PROVENANCE_VALUE_SUBSTITUTION,False,0,DENY,E_PROVENANCE_VALUE_MISMATCH:/action/parameters/amount_cents;E_UNDISCHARGED_ASSUMPTION:0:provenance-authenticated;E_UNDISCHARGED_ASSUMPTION:1:memory-context-preserved;E_UNDISCHARGED_ASSUMPTION:2:policy-authorized
NoContextCommitment,attack:finance:UNTRUSTED_ROOT_PRODUCER:301000,finance,UNTRUSTED_ROOT_PRODUCER,False,0,DENY,E_UNDISCHARGED_ASSUMPTION:0:root-authenticated;E_UNDISCHARGED_ASSUMPTION:1:memory-context-preserved;E_UNDISCHARGED_ASSUMPTION:2:policy-authorized;E_UNTRUSTED_ROOT;E_UNTRUSTED_ROOT_ISSUER
NoContextCommitment,attack:finance:ROOT_AUTHORITY_EXCEEDED:401000,finance,ROOT_AUTHORITY_EXCEEDED,False,0,DENY,E_ROOT_ACTION_SCOPE_EXCEEDED;E_ROOT_AUTHORITY_EXCEEDED;E_ROOT_OPERATION_NOT_GRANTED;E_ROOT_SCOPE_EXCEEDED;E_UNDISCHARGED_ASSUMPTION:0:root-authenticated;E_UNDISCHARGED_ASSUMPTION:1:memory-context-preserved;E_UNDISCHARGED_ASSUMPTION:2:policy-authorized
NoContextCommitment,attack:finance:ROOT_SCOPE_EXCEEDED:501000,finance,ROOT_SCOPE_EXCEEDED,False,0,DENY,E_ROOT_ACTION_SCOPE_EXCEEDED;E_ROOT_SCOPE_EXCEEDED;E_UNDISCHARGED_ASSUMPTION:0:root-authenticated;E_UNDISCHARGED_ASSUMPTION:1:memory-context-preserved;E_UNDISCHARGED_ASSUMPTION:2:policy-authorized
NoContextCommitment,attack:finance:ROOT_FIELD_CONSTRAINT_BYPASS:601000,finance,ROOT_FIELD_CONSTRAINT_BYPASS,False,0,DENY,E_ROOT_FIELD_CONSTRAINT:/action/parameters/amount_cents;E_UNDISCHARGED_ASSUMPTION:0:root-authenticated;E_UNDISCHARGED_ASSUMPTION:1:memory-context-preserved;E_UNDISCHARGED_ASSUMPTION:2:policy-authorized
NoContextCommitment,attack:finance:PRINCIPAL_SUBSTITUTION:701000,finance,PRINCIPAL_SUBSTITUTION,False,0,DENY,E_NOT_PRESERVED:2:/context/principal
NoContextCommitment,attack:finance:AUTHORITY_AMPLIFICATION:801000,finance,AUTHORITY_AMPLIFICATION,False,0,DENY,E_AUTHORITY_AMPLIFICATION:0;E_DELEGATION_WIDENING:0;E_ILLEGAL_TRANSFORM:0:/context/authority;E_ILLEGAL_TRANSFORM:0:/context/delegation_scope;E_NOT_PRESERVED:0:/action/destination;E_NOT_PRESERVED:0:/action/function;E_NOT_PRESERVED:0:/action/operation;E_NOT_PRESERVED:0:/action/resource;E_UNDISCHARGED_ASSUMPTION:1:memory-context-preserved;E_UNDISCHARGED_ASSUMPTION:2:policy-authorized
NoContextCommitment,attack:finance:DELEGATION_WIDENING:901000,finance,DELEGATION_WIDENING,False,0,DENY,E_DELEGATION_WIDENING:0;E_ILLEGAL_TRANSFORM:0:/context/delegation_scope;E_NOT_PRESERVED:0:/action/resource;E_UNDISCHARGED_ASSUMPTION:1:memory-context-preserved;E_UNDISCHARGED_ASSUMPTION:2:policy-authorized
NoContextCommitment,attack:finance:ARGUMENT_MUTATION:1001000,finance,ARGUMENT_MUTATION,False,0,DENY,E_NOT_PRESERVED:2:/action/parameters/amount_cents
NoContextCommitment,attack:finance:DESTINATION_SUBSTITUTION:1101000,finance,DESTINATION_SUBSTITUTION,False,0,DENY,E_UNTRUSTED_TRANSFORM_ISSUER:adapter:/action/destination
NoContextCommitment,attack:finance:TOOL_SERVER_SWAP:1201000,finance,TOOL_SERVER_SWAP,False,0,DENY,E_NOT_PRESERVED:2:/action/server_id;E_NOT_PRESERVED:2:/action/tool_manifest_digest;E_UNTRUSTED_TOOL_MANIFEST
NoContextCommitment,attack:finance:POLICY_DOWNGRADE:1301000,finance,POLICY_DOWNGRADE,False,0,DENY,E_GUARANTEE_FALSE:2:policy_matches;E_ILLEGAL_TRANSFORM:2:/context/policy_digest;E_ILLEGAL_TRANSFORM:2:/context/policy_epoch;E_POLICY_DOWNGRADE:2;E_STALE_POLICY
NoContextCommitment,attack:finance:NONCE_REPLAY:1401000,finance,NONCE_REPLAY,False,1,EXECUTE_ONCE,EXECUTED;IDEMPOTENT_REPLAY
NoContextCommitment,attack:finance:ALTERNATE_PATH:1501000,finance,ALTERNATE_PATH,False,0,DENY,E_UNMEDIATED_PATH
NoContextCommitment,attack:finance:MEMORY_LAUNDERING:1601000,finance,MEMORY_LAUNDERING,False,0,DENY,E_NOT_PRESERVED:0:/context/protected_field_sources;E_NOT_PRESERVED:0:/context/source_classes;E_UNDISCHARGED_ASSUMPTION:1:memory-context-preserved;E_UNDISCHARGED_ASSUMPTION:2:policy-authorized;E_UNRELEASED_FIELD:/action/parameters/amount_cents
NoContextCommitment,attack:finance:TAINT_DOWNGRADE:1701000,finance,TAINT_DOWNGRADE,False,0,DENY,E_ILLEGAL_TRANSFORM:0:/context/taint;E_TAINT_DOWNGRADE:0;E_UNDISCHARGED_ASSUMPTION:1:memory-context-preserved;E_UNDISCHARGED_ASSUMPTION:2:policy-authorized;E_UNTRACKED_DATA_CLASS
NoContextCommitment,attack:finance:EFFECT_CLASS_DOWNGRADE:1801000,finance,EFFECT_CLASS_DOWNGRADE,False,0,DENY,E_NOT_PRESERVED:2:/action/effect_class
NoContextCommitment,attack:finance:CONTEXT_ROOT_OMISSION:1901000,finance,CONTEXT_ROOT_OMISSION,True,1,EXECUTE,EXECUTED
NoContextCommitment,attack:finance:RETRY_DUPLICATE:2001000,finance,RETRY_DUPLICATE,False,1,EXECUTE_ONCE,EXECUTED;IDEMPOTENT_REPLAY
NoContextCommitment,attack:finance:UNAUTHORISED_STAGE_SIGNER:2101000,finance,UNAUTHORISED_STAGE_SIGNER,False,0,DENY,E_UNAUTHORISED_PREDECESSOR:1;E_UNAUTHORISED_STAGE_SIGNER:0;E_UNDISCHARGED_ASSUMPTION:1:memory-context-preserved;E_UNDISCHARGED_ASSUMPTION:2:policy-authorized
NoContextCommitment,attack:finance:RECEIPT_PRODUCER_MISMATCH:2201000,finance,RECEIPT_PRODUCER_MISMATCH,False,0,DENY,E_RECEIPT_PRODUCER_MISMATCH:0;E_UNAUTHORISED_STAGE_SIGNER:0;E_UNDISCHARGED_ASSUMPTION:1:memory-context-preserved;E_UNDISCHARGED_ASSUMPTION:2:policy-authorized
NoContextCommitment,attack:finance:MISSING_TRANSFORM_WITNESS:2301000,finance,MISSING_TRANSFORM_WITNESS,False,0,DENY,E_MISSING_TRANSFORM_WITNESS:2:/action/destination
NoContextCommitment,attack:finance:INVALID_TRANSFORM_WITNESS:2401000,finance,INVALID_TRANSFORM_WITNESS,False,0,DENY,E_TRANSFORM_AFTER_MISMATCH:adapter:/action/destination;E_TRANSFORM_RELATION_FALSE:adapter:/action/destination
NoContextCommitment,attack:finance:RELEASE_PREDICATE_BYPASS:2501000,finance,RELEASE_PREDICATE_BYPASS,False,0,DENY,E_INVALID_RELEASE:/action/parameters/amount_cents
NoContextCommitment,attack:finance:RELEASE_VALUE_SUBSTITUTION:2601000,finance,RELEASE_VALUE_SUBSTITUTION,False,0,DENY,E_INVALID_RELEASE:/action/parameters/amount_cents
NoContextCommitment,attack:finance:EXPIRED_RELEASE:2701000,finance,EXPIRED_RELEASE,False,0,DENY,E_EXPIRED_RELEASE:release:finance:attack:EXPIRED_RELEASE:2701000
NoContextCommitment,attack:finance:SUBJECT_SUBSTITUTION:2801000,finance,SUBJECT_SUBSTITUTION,False,0,DENY,E_SUBJECT_SUBSTITUTION
NoContextCommitment,attack:finance:POST_PERMIT_ACTION_SUBSTITUTION:2901000,finance,POST_PERMIT_ACTION_SUBSTITUTION,False,0,DENY,E_ACTION_SUBSTITUTION
NoContextCommitment,attack:finance:REVOKED_GRANT:3001000,finance,REVOKED_GRANT,False,0,DENY,E_REVOKED_AT_FINALITY
NoContextCommitment,attack:finance:CONTRACT_GUARANTEE_VIOLATION:3101000,finance,CONTRACT_GUARANTEE_VIOLATION,False,0,DENY,E_GUARANTEE_FALSE:2:canonical_destination
NoContextCommitment,attack:devops:UNTRUSTED_FIELD_BINDING:2000,devops,UNTRUSTED_FIELD_BINDING,False,0,ESCALATE,E_UNRELEASED_FIELD:/action/parameters/commit
NoContextCommitment,attack:devops:DROP_PROVENANCE:102000,devops,DROP_PROVENANCE,False,0,DENY,E_ENSURED_FIELD_MISSING:2:/context/protected_field_sources;E_ENSURED_FIELD_MISSING:2:/context/provenance_root;E_NOT_PRESERVED:2:/context/protected_field_sources;E_NOT_PRESERVED:2:/context/provenance_root;E_PROVENANCE_CONTEXT
NoContextCommitment,attack:devops:PROVENANCE_VALUE_SUBSTITUTION:202000,devops,PROVENANCE_VALUE_SUBSTITUTION,False,0,DENY,E_PROVENANCE_VALUE_MISMATCH:/action/parameters/commit;E_UNDISCHARGED_ASSUMPTION:0:provenance-authenticated;E_UNDISCHARGED_ASSUMPTION:1:memory-context-preserved;E_UNDISCHARGED_ASSUMPTION:2:policy-authorized
NoContextCommitment,attack:devops:UNTRUSTED_ROOT_PRODUCER:302000,devops,UNTRUSTED_ROOT_PRODUCER,False,0,DENY,E_UNDISCHARGED_ASSUMPTION:0:root-authenticated;E_UNDISCHARGED_ASSUMPTION:1:memory-context-preserved;E_UNDISCHARGED_ASSUMPTION:2:policy-authorized;E_UNTRUSTED_ROOT;E_UNTRUSTED_ROOT_ISSUER
NoContextCommitment,attack:devops:ROOT_AUTHORITY_EXCEEDED:402000,devops,ROOT_AUTHORITY_EXCEEDED,False,0,DENY,E_ROOT_ACTION_SCOPE_EXCEEDED;E_ROOT_AUTHORITY_EXCEEDED;E_ROOT_OPERATION_NOT_GRANTED;E_ROOT_SCOPE_EXCEEDED;E_UNDISCHARGED_ASSUMPTION:0:root-authenticated;E_UNDISCHARGED_ASSUMPTION:1:memory-context-preserved;E_UNDISCHARGED_ASSUMPTION:2:policy-authorized
NoContextCommitment,attack:devops:ROOT_SCOPE_EXCEEDED:502000,devops,ROOT_SCOPE_EXCEEDED,False,0,DENY,E_ROOT_ACTION_SCOPE_EXCEEDED;E_ROOT_SCOPE_EXCEEDED;E_UNDISCHARGED_ASSUMPTION:0:root-authenticated;E_UNDISCHARGED_ASSUMPTION:1:memory-context-preserved;E_UNDISCHARGED_ASSUMPTION:2:policy-authorized
NoContextCommitment,attack:devops:ROOT_FIELD_CONSTRAINT_BYPASS:602000,devops,ROOT_FIELD_CONSTRAINT_BYPASS,False,0,DENY,E_ROOT_FIELD_CONSTRAINT:/action/parameters/commit;E_UNDISCHARGED_ASSUMPTION:0:root-authenticated;E_UNDISCHARGED_ASSUMPTION:1:memory-context-preserved;E_UNDISCHARGED_ASSUMPTION:2:policy-authorized
NoContextCommitment,attack:devops:PRINCIPAL_SUBSTITUTION:702000,devops,PRINCIPAL_SUBSTITUTION,False,0,DENY,E_NOT_PRESERVED:2:/context/principal
NoContextCommitment,attack:devops:AUTHORITY_AMPLIFICATION:802000,devops,AUTHORITY_AMPLIFICATION,False,0,DENY,E_AUTHORITY_AMPLIFICATION:0;E_DELEGATION_WIDENING:0;E_ILLEGAL_TRANSFORM:0:/context/authority;E_ILLEGAL_TRANSFORM:0:/context/delegation_scope;E_NOT_PRESERVED:0:/action/destination;E_NOT_PRESERVED:0:/action/function;E_NOT_PRESERVED:0:/action/operation;E_NOT_PRESERVED:0:/action/resource;E_UNDISCHARGED_ASSUMPTION:1:memory-context-preserved;E_UNDISCHARGED_ASSUMPTION:2:policy-authorized
NoContextCommitment,attack:devops:DELEGATION_WIDENING:902000,devops,DELEGATION_WIDENING,False,0,DENY,E_DELEGATION_WIDENING:0;E_ILLEGAL_TRANSFORM:0:/context/delegation_scope;E_NOT_PRESERVED:0:/action/resource;E_UNDISCHARGED_ASSUMPTION:1:memory-context-preserved;E_UNDISCHARGED_ASSUMPTION:2:policy-authorized
NoContextCommitment,attack:devops:ARGUMENT_MUTATION:1002000,devops,ARGUMENT_MUTATION,False,0,DENY,E_NOT_PRESERVED:2:/action/parameters/environment
NoContextCommitment,attack:devops:DESTINATION_SUBSTITUTION:1102000,devops,DESTINATION_SUBSTITUTION,False,0,DENY,E_UNTRUSTED_TRANSFORM_ISSUER:adapter:/action/destination
NoContextCommitment,attack:devops:TOOL_SERVER_SWAP:1202000,devops,TOOL_SERVER_SWAP,False,0,DENY,E_NOT_PRESERVED:2:/action/server_id;E_NOT_PRESERVED:2:/action/tool_manifest_digest;E_UNTRUSTED_TOOL_MANIFEST
NoContextCommitment,attack:devops:POLICY_DOWNGRADE:1302000,devops,POLICY_DOWNGRADE,False,0,DENY,E_GUARANTEE_FALSE:2:policy_matches;E_ILLEGAL_TRANSFORM:2:/context/policy_digest;E_ILLEGAL_TRANSFORM:2:/context/policy_epoch;E_POLICY_DOWNGRADE:2;E_STALE_POLICY
NoContextCommitment,attack:devops:NONCE_REPLAY:1402000,devops,NONCE_REPLAY,False,1,EXECUTE_ONCE,EXECUTED;IDEMPOTENT_REPLAY
NoContextCommitment,attack:devops:ALTERNATE_PATH:1502000,devops,ALTERNATE_PATH,False,0,DENY,E_UNMEDIATED_PATH
NoContextCommitment,attack:devops:MEMORY_LAUNDERING:1602000,devops,MEMORY_LAUNDERING,False,0,DENY,E_NOT_PRESERVED:0:/context/protected_field_sources;E_NOT_PRESERVED:0:/context/source_classes;E_UNDISCHARGED_ASSUMPTION:1:memory-context-preserved;E_UNDISCHARGED_ASSUMPTION:2:policy-authorized;E_UNRELEASED_FIELD:/action/parameters/commit
NoContextCommitment,attack:devops:TAINT_DOWNGRADE:1702000,devops,TAINT_DOWNGRADE,False,0,DENY,E_ILLEGAL_TRANSFORM:0:/context/taint;E_TAINT_DOWNGRADE:0;E_UNDISCHARGED_ASSUMPTION:1:memory-context-preserved;E_UNDISCHARGED_ASSUMPTION:2:policy-authorized;E_UNTRACKED_DATA_CLASS
NoContextCommitment,attack:devops:EFFECT_CLASS_DOWNGRADE:1802000,devops,EFFECT_CLASS_DOWNGRADE,False,0,DENY,E_NOT_PRESERVED:2:/action/effect_class
NoContextCommitment,attack:devops:CONTEXT_ROOT_OMISSION:1902000,devops,CONTEXT_ROOT_OMISSION,True,1,EXECUTE,EXECUTED
NoContextCommitment,attack:devops:RETRY_DUPLICATE:2002000,devops,RETRY_DUPLICATE,False,1,EXECUTE_ONCE,EXECUTED;IDEMPOTENT_REPLAY
NoContextCommitment,attack:devops:UNAUTHORISED_STAGE_SIGNER:2102000,devops,UNAUTHORISED_STAGE_SIGNER,False,0,DENY,E_UNAUTHORISED_PREDECESSOR:1;E_UNAUTHORISED_STAGE_SIGNER:0;E_UNDISCHARGED_ASSUMPTION:1:memory-context-preserved;E_UNDISCHARGED_ASSUMPTION:2:policy-authorized
NoContextCommitment,attack:devops:RECEIPT_PRODUCER_MISMATCH:2202000,devops,RECEIPT_PRODUCER_MISMATCH,False,0,DENY,E_RECEIPT_PRODUCER_MISMATCH:0;E_UNAUTHORISED_STAGE_SIGNER:0;E_UNDISCHARGED_ASSUMPTION:1:memory-context-preserved;E_UNDISCHARGED_ASSUMPTION:2:policy-authorized
NoContextCommitment,attack:devops:MISSING_TRANSFORM_WITNESS:2302000,devops,MISSING_TRANSFORM_WITNESS,False,0,DENY,E_MISSING_TRANSFORM_WITNESS:2:/action/destination
NoContextCommitment,attack:devops:INVALID_TRANSFORM_WITNESS:2402000,devops,INVALID_TRANSFORM_WITNESS,False,0,DENY,E_TRANSFORM_AFTER_MISMATCH:adapter:/action/destination;E_TRANSFORM_RELATION_FALSE:adapter:/action/destination
NoContextCommitment,attack:devops:RELEASE_PREDICATE_BYPASS:2502000,devops,RELEASE_PREDICATE_BYPASS,False,0,DENY,E_INVALID_RELEASE:/action/parameters/commit
NoContextCommitment,attack:devops:RELEASE_VALUE_SUBSTITUTION:2602000,devops,RELEASE_VALUE_SUBSTITUTION,False,0,DENY,E_INVALID_RELEASE:/action/parameters/commit
NoContextCommitment,attack:devops:EXPIRED_RELEASE:2702000,devops,EXPIRED_RELEASE,False,0,DENY,E_EXPIRED_RELEASE:release:devops:attack:EXPIRED_RELEASE:2702000
NoContextCommitment,attack:devops:SUBJECT_SUBSTITUTION:2802000,devops,SUBJECT_SUBSTITUTION,False,0,DENY,E_SUBJECT_SUBSTITUTION
NoContextCommitment,attack:devops:POST_PERMIT_ACTION_SUBSTITUTION:2902000,devops,POST_PERMIT_ACTION_SUBSTITUTION,False,0,DENY,E_ACTION_SUBSTITUTION
NoContextCommitment,attack:devops:REVOKED_GRANT:3002000,devops,REVOKED_GRANT,False,0,DENY,E_REVOKED_AT_FINALITY
NoContextCommitment,attack:devops:CONTRACT_GUARANTEE_VIOLATION:3102000,devops,CONTRACT_GUARANTEE_VIOLATION,False,0,DENY,E_GUARANTEE_FALSE:2:canonical_destination
NoContextCommitment,attack:multiagent:UNTRUSTED_FIELD_BINDING:3000,multiagent,UNTRUSTED_FIELD_BINDING,False,0,ESCALATE,E_UNRELEASED_FIELD:/action/parameters/capability
NoContextCommitment,attack:multiagent:DROP_PROVENANCE:103000,multiagent,DROP_PROVENANCE,False,0,DENY,E_ENSURED_FIELD_MISSING:2:/context/protected_field_sources;E_ENSURED_FIELD_MISSING:2:/context/provenance_root;E_NOT_PRESERVED:2:/context/protected_field_sources;E_NOT_PRESERVED:2:/context/provenance_root;E_PROVENANCE_CONTEXT
NoContextCommitment,attack:multiagent:PROVENANCE_VALUE_SUBSTITUTION:203000,multiagent,PROVENANCE_VALUE_SUBSTITUTION,False,0,DENY,E_PROVENANCE_VALUE_MISMATCH:/action/parameters/capability;E_UNDISCHARGED_ASSUMPTION:0:provenance-authenticated;E_UNDISCHARGED_ASSUMPTION:1:memory-context-preserved;E_UNDISCHARGED_ASSUMPTION:2:policy-authorized
NoContextCommitment,attack:multiagent:UNTRUSTED_ROOT_PRODUCER:303000,multiagent,UNTRUSTED_ROOT_PRODUCER,False,0,DENY,E_UNDISCHARGED_ASSUMPTION:0:root-authenticated;E_UNDISCHARGED_ASSUMPTION:1:memory-context-preserved;E_UNDISCHARGED_ASSUMPTION:2:policy-authorized;E_UNTRUSTED_ROOT;E_UNTRUSTED_ROOT_ISSUER
NoContextCommitment,attack:multiagent:ROOT_AUTHORITY_EXCEEDED:403000,multiagent,ROOT_AUTHORITY_EXCEEDED,False,0,DENY,E_ROOT_ACTION_SCOPE_EXCEEDED;E_ROOT_AUTHORITY_EXCEEDED;E_ROOT_OPERATION_NOT_GRANTED;E_ROOT_SCOPE_EXCEEDED;E_UNDISCHARGED_ASSUMPTION:0:root-authenticated;E_UNDISCHARGED_ASSUMPTION:1:memory-context-preserved;E_UNDISCHARGED_ASSUMPTION:2:policy-authorized
NoContextCommitment,attack:multiagent:ROOT_SCOPE_EXCEEDED:503000,multiagent,ROOT_SCOPE_EXCEEDED,False,0,DENY,E_ROOT_ACTION_SCOPE_EXCEEDED;E_ROOT_SCOPE_EXCEEDED;E_UNDISCHARGED_ASSUMPTION:0:root-authenticated;E_UNDISCHARGED_ASSUMPTION:1:memory-context-preserved;E_UNDISCHARGED_ASSUMPTION:2:policy-authorized
NoContextCommitment,attack:multiagent:ROOT_FIELD_CONSTRAINT_BYPASS:603000,multiagent,ROOT_FIELD_CONSTRAINT_BYPASS,False,0,DENY,E_ROOT_FIELD_CONSTRAINT:/action/parameters/capability;E_UNDISCHARGED_ASSUMPTION:0:root-authenticated;E_UNDISCHARGED_ASSUMPTION:1:memory-context-preserved;E_UNDISCHARGED_ASSUMPTION:2:policy-authorized
NoContextCommitment,attack:multiagent:PRINCIPAL_SUBSTITUTION:703000,multiagent,PRINCIPAL_SUBSTITUTION,False,0,DENY,E_NOT_PRESERVED:2:/context/principal
NoContextCommitment,attack:multiagent:AUTHORITY_AMPLIFICATION:803000,multiagent,AUTHORITY_AMPLIFICATION,False,0,DENY,E_AUTHORITY_AMPLIFICATION:0;E_DELEGATION_WIDENING:0;E_ILLEGAL_TRANSFORM:0:/context/authority;E_ILLEGAL_TRANSFORM:0:/context/delegation_scope;E_NOT_PRESERVED:0:/action/destination;E_NOT_PRESERVED:0:/action/function;E_NOT_PRESERVED:0:/action/operation;E_NOT_PRESERVED:0:/action/resource;E_UNDISCHARGED_ASSUMPTION:1:memory-context-preserved;E_UNDISCHARGED_ASSUMPTION:2:policy-authorized
NoContextCommitment,attack:multiagent:DELEGATION_WIDENING:903000,multiagent,DELEGATION_WIDENING,False,0,DENY,E_DELEGATION_WIDENING:0;E_ILLEGAL_TRANSFORM:0:/context/delegation_scope;E_NOT_PRESERVED:0:/action/resource;E_UNDISCHARGED_ASSUMPTION:1:memory-context-preserved;E_UNDISCHARGED_ASSUMPTION:2:policy-authorized
NoContextCommitment,attack:multiagent:ARGUMENT_MUTATION:1003000,multiagent,ARGUMENT_MUTATION,False,0,DENY,E_NOT_PRESERVED:2:/action/parameters/max_depth
NoContextCommitment,attack:multiagent:DESTINATION_SUBSTITUTION:1103000,multiagent,DESTINATION_SUBSTITUTION,False,0,DENY,E_UNTRUSTED_TRANSFORM_ISSUER:adapter:/action/destination
NoContextCommitment,attack:multiagent:TOOL_SERVER_SWAP:1203000,multiagent,TOOL_SERVER_SWAP,False,0,DENY,E_NOT_PRESERVED:2:/action/server_id;E_NOT_PRESERVED:2:/action/tool_manifest_digest;E_UNTRUSTED_TOOL_MANIFEST
NoContextCommitment,attack:multiagent:POLICY_DOWNGRADE:1303000,multiagent,POLICY_DOWNGRADE,False,0,DENY,E_GUARANTEE_FALSE:2:policy_matches;E_ILLEGAL_TRANSFORM:2:/context/policy_digest;E_ILLEGAL_TRANSFORM:2:/context/policy_epoch;E_POLICY_DOWNGRADE:2;E_STALE_POLICY
NoContextCommitment,attack:multiagent:NONCE_REPLAY:1403000,multiagent,NONCE_REPLAY,False,1,EXECUTE_ONCE,EXECUTED;IDEMPOTENT_REPLAY
NoContextCommitment,attack:multiagent:ALTERNATE_PATH:1503000,multiagent,ALTERNATE_PATH,False,0,DENY,E_UNMEDIATED_PATH
NoContextCommitment,attack:multiagent:MEMORY_LAUNDERING:1603000,multiagent,MEMORY_LAUNDERING,False,0,DENY,E_NOT_PRESERVED:0:/context/protected_field_sources;E_NOT_PRESERVED:0:/context/source_classes;E_UNDISCHARGED_ASSUMPTION:1:memory-context-preserved;E_UNDISCHARGED_ASSUMPTION:2:policy-authorized;E_UNRELEASED_FIELD:/action/parameters/capability
NoContextCommitment,attack:multiagent:TAINT_DOWNGRADE:1703000,multiagent,TAINT_DOWNGRADE,False,0,DENY,E_ILLEGAL_TRANSFORM:0:/context/taint;E_TAINT_DOWNGRADE:0;E_UNDISCHARGED_ASSUMPTION:1:memory-context-preserved;E_UNDISCHARGED_ASSUMPTION:2:policy-authorized;E_UNTRACKED_DATA_CLASS
NoContextCommitment,attack:multiagent:EFFECT_CLASS_DOWNGRADE:1803000,multiagent,EFFECT_CLASS_DOWNGRADE,False,0,DENY,E_NOT_PRESERVED:2:/action/effect_class
NoContextCommitment,attack:multiagent:CONTEXT_ROOT_OMISSION:1903000,multiagent,CONTEXT_ROOT_OMISSION,True,1,EXECUTE,EXECUTED
NoContextCommitment,attack:multiagent:RETRY_DUPLICATE:2003000,multiagent,RETRY_DUPLICATE,False,1,EXECUTE_ONCE,EXECUTED;IDEMPOTENT_REPLAY
NoContextCommitment,attack:multiagent:UNAUTHORISED_STAGE_SIGNER:2103000,multiagent,UNAUTHORISED_STAGE_SIGNER,False,0,DENY,E_UNAUTHORISED_PREDECESSOR:1;E_UNAUTHORISED_STAGE_SIGNER:0;E_UNDISCHARGED_ASSUMPTION:1:memory-context-preserved;E_UNDISCHARGED_ASSUMPTION:2:policy-authorized
NoContextCommitment,attack:multiagent:RECEIPT_PRODUCER_MISMATCH:2203000,multiagent,RECEIPT_PRODUCER_MISMATCH,False,0,DENY,E_RECEIPT_PRODUCER_MISMATCH:0;E_UNAUTHORISED_STAGE_SIGNER:0;E_UNDISCHARGED_ASSUMPTION:1:memory-context-preserved;E_UNDISCHARGED_ASSUMPTION:2:policy-authorized
NoContextCommitment,attack:multiagent:MISSING_TRANSFORM_WITNESS:2303000,multiagent,MISSING_TRANSFORM_WITNESS,False,0,DENY,E_MISSING_TRANSFORM_WITNESS:2:/action/destination
NoContextCommitment,attack:multiagent:INVALID_TRANSFORM_WITNESS:2403000,multiagent,INVALID_TRANSFORM_WITNESS,False,0,DENY,E_TRANSFORM_AFTER_MISMATCH:adapter:/action/destination;E_TRANSFORM_RELATION_FALSE:adapter:/action/destination
NoContextCommitment,attack:multiagent:RELEASE_PREDICATE_BYPASS:2503000,multiagent,RELEASE_PREDICATE_BYPASS,False,0,DENY,E_INVALID_RELEASE:/action/parameters/capability
NoContextCommitment,attack:multiagent:RELEASE_VALUE_SUBSTITUTION:2603000,multiagent,RELEASE_VALUE_SUBSTITUTION,False,0,DENY,E_INVALID_RELEASE:/action/parameters/capability
NoContextCommitment,attack:multiagent:EXPIRED_RELEASE:2703000,multiagent,EXPIRED_RELEASE,False,0,DENY,E_EXPIRED_RELEASE:release:multiagent:attack:EXPIRED_RELEASE:2703000
NoContextCommitment,attack:multiagent:SUBJECT_SUBSTITUTION:2803000,multiagent,SUBJECT_SUBSTITUTION,False,0,DENY,E_SUBJECT_SUBSTITUTION
NoContextCommitment,attack:multiagent:POST_PERMIT_ACTION_SUBSTITUTION:2903000,multiagent,POST_PERMIT_ACTION_SUBSTITUTION,False,0,DENY,E_ACTION_SUBSTITUTION
NoContextCommitment,attack:multiagent:REVOKED_GRANT:3003000,multiagent,REVOKED_GRANT,False,0,DENY,E_REVOKED_AT_FINALITY
NoContextCommitment,attack:multiagent:CONTRACT_GUARANTEE_VIOLATION:3103000,multiagent,CONTRACT_GUARANTEE_VIOLATION,False,0,DENY,E_GUARANTEE_FALSE:2:canonical_destination
NoActionBinding,attack:workspace:UNTRUSTED_FIELD_BINDING:0,workspace,UNTRUSTED_FIELD_BINDING,False,0,ESCALATE,E_UNRELEASED_FIELD:/action/destination
NoActionBinding,attack:workspace:DROP_PROVENANCE:100000,workspace,DROP_PROVENANCE,False,0,DENY,E_ENSURED_FIELD_MISSING:2:/context/protected_field_sources;E_ENSURED_FIELD_MISSING:2:/context/provenance_root;E_NOT_PRESERVED:2:/context/protected_field_sources;E_NOT_PRESERVED:2:/context/provenance_root;E_PROVENANCE_CONTEXT
NoActionBinding,attack:workspace:PROVENANCE_VALUE_SUBSTITUTION:200000,workspace,PROVENANCE_VALUE_SUBSTITUTION,False,0,DENY,E_PROVENANCE_VALUE_MISMATCH:/action/destination;E_UNDISCHARGED_ASSUMPTION:0:provenance-authenticated;E_UNDISCHARGED_ASSUMPTION:1:memory-context-preserved;E_UNDISCHARGED_ASSUMPTION:2:policy-authorized
NoActionBinding,attack:workspace:UNTRUSTED_ROOT_PRODUCER:300000,workspace,UNTRUSTED_ROOT_PRODUCER,False,0,DENY,E_UNDISCHARGED_ASSUMPTION:0:root-authenticated;E_UNDISCHARGED_ASSUMPTION:1:memory-context-preserved;E_UNDISCHARGED_ASSUMPTION:2:policy-authorized;E_UNTRUSTED_ROOT;E_UNTRUSTED_ROOT_ISSUER
NoActionBinding,attack:workspace:ROOT_AUTHORITY_EXCEEDED:400000,workspace,ROOT_AUTHORITY_EXCEEDED,False,0,DENY,E_ROOT_ACTION_SCOPE_EXCEEDED;E_ROOT_AUTHORITY_EXCEEDED;E_ROOT_OPERATION_NOT_GRANTED;E_ROOT_SCOPE_EXCEEDED;E_UNDISCHARGED_ASSUMPTION:0:root-authenticated;E_UNDISCHARGED_ASSUMPTION:1:memory-context-preserved;E_UNDISCHARGED_ASSUMPTION:2:policy-authorized
NoActionBinding,attack:workspace:ROOT_SCOPE_EXCEEDED:500000,workspace,ROOT_SCOPE_EXCEEDED,False,0,DENY,E_ROOT_ACTION_SCOPE_EXCEEDED;E_ROOT_SCOPE_EXCEEDED;E_UNDISCHARGED_ASSUMPTION:0:root-authenticated;E_UNDISCHARGED_ASSUMPTION:1:memory-context-preserved;E_UNDISCHARGED_ASSUMPTION:2:policy-authorized
NoActionBinding,attack:workspace:ROOT_FIELD_CONSTRAINT_BYPASS:600000,workspace,ROOT_FIELD_CONSTRAINT_BYPASS,False,0,DENY,E_ROOT_FIELD_CONSTRAINT:/action/destination;E_UNDISCHARGED_ASSUMPTION:0:root-authenticated;E_UNDISCHARGED_ASSUMPTION:1:memory-context-preserved;E_UNDISCHARGED_ASSUMPTION:2:policy-authorized
NoActionBinding,attack:workspace:PRINCIPAL_SUBSTITUTION:700000,workspace,PRINCIPAL_SUBSTITUTION,False,0,DENY,E_NOT_PRESERVED:2:/context/principal
NoActionBinding,attack:workspace:AUTHORITY_AMPLIFICATION:800000,workspace,AUTHORITY_AMPLIFICATION,False,0,DENY,E_AUTHORITY_AMPLIFICATION:0;E_DELEGATION_WIDENING:0;E_ILLEGAL_TRANSFORM:0:/context/authority;E_ILLEGAL_TRANSFORM:0:/context/delegation_scope;E_NOT_PRESERVED:0:/action/destination;E_NOT_PRESERVED:0:/action/function;E_NOT_PRESERVED:0:/action/operation;E_NOT_PRESERVED:0:/action/resource;E_UNDISCHARGED_ASSUMPTION:1:memory-context-preserved;E_UNDISCHARGED_ASSUMPTION:2:policy-authorized
NoActionBinding,attack:workspace:DELEGATION_WIDENING:900000,workspace,DELEGATION_WIDENING,False,0,DENY,E_DELEGATION_WIDENING:0;E_ILLEGAL_TRANSFORM:0:/context/delegation_scope;E_NOT_PRESERVED:0:/action/resource;E_UNDISCHARGED_ASSUMPTION:1:memory-context-preserved;E_UNDISCHARGED_ASSUMPTION:2:policy-authorized
NoActionBinding,attack:workspace:ARGUMENT_MUTATION:1000000,workspace,ARGUMENT_MUTATION,False,0,DENY,E_NOT_PRESERVED:2:/action/parameters/body
NoActionBinding,attack:workspace:DESTINATION_SUBSTITUTION:1100000,workspace,DESTINATION_SUBSTITUTION,False,0,DENY,E_UNTRUSTED_TRANSFORM_ISSUER:adapter:/action/destination
NoActionBinding,attack:workspace:TOOL_SERVER_SWAP:1200000,workspace,TOOL_SERVER_SWAP,False,0,DENY,E_NOT_PRESERVED:2:/action/server_id;E_NOT_PRESERVED:2:/action/tool_manifest_digest;E_UNTRUSTED_TOOL_MANIFEST
NoActionBinding,attack:workspace:POLICY_DOWNGRADE:1300000,workspace,POLICY_DOWNGRADE,False,0,DENY,E_GUARANTEE_FALSE:2:policy_matches;E_ILLEGAL_TRANSFORM:2:/context/policy_digest;E_ILLEGAL_TRANSFORM:2:/context/policy_epoch;E_POLICY_DOWNGRADE:2;E_STALE_POLICY
NoActionBinding,attack:workspace:NONCE_REPLAY:1400000,workspace,NONCE_REPLAY,False,1,EXECUTE_ONCE,EXECUTED;IDEMPOTENT_REPLAY
NoActionBinding,attack:workspace:ALTERNATE_PATH:1500000,workspace,ALTERNATE_PATH,False,0,DENY,E_UNMEDIATED_PATH
NoActionBinding,attack:workspace:MEMORY_LAUNDERING:1600000,workspace,MEMORY_LAUNDERING,False,0,DENY,E_NOT_PRESERVED:0:/context/protected_field_sources;E_NOT_PRESERVED:0:/context/source_classes;E_UNDISCHARGED_ASSUMPTION:1:memory-context-preserved;E_UNDISCHARGED_ASSUMPTION:2:policy-authorized;E_UNRELEASED_FIELD:/action/destination
NoActionBinding,attack:workspace:TAINT_DOWNGRADE:1700000,workspace,TAINT_DOWNGRADE,False,0,DENY,E_ILLEGAL_TRANSFORM:0:/context/taint;E_TAINT_DOWNGRADE:0;E_UNDISCHARGED_ASSUMPTION:1:memory-context-preserved;E_UNDISCHARGED_ASSUMPTION:2:policy-authorized;E_UNTRACKED_DATA_CLASS
NoActionBinding,attack:workspace:EFFECT_CLASS_DOWNGRADE:1800000,workspace,EFFECT_CLASS_DOWNGRADE,False,0,DENY,E_NOT_PRESERVED:2:/action/effect_class
NoActionBinding,attack:workspace:CONTEXT_ROOT_OMISSION:1900000,workspace,CONTEXT_ROOT_OMISSION,False,0,DENY,E_CONTEXT_ROOT;E_ENSURED_FIELD_MISSING:2:/context/context_root;E_NOT_PRESERVED:2:/context/context_root
NoActionBinding,attack:workspace:RETRY_DUPLICATE:2000000,workspace,RETRY_DUPLICATE,False,1,EXECUTE_ONCE,EXECUTED;IDEMPOTENT_REPLAY
NoActionBinding,attack:workspace:UNAUTHORISED_STAGE_SIGNER:2100000,workspace,UNAUTHORISED_STAGE_SIGNER,False,0,DENY,E_UNAUTHORISED_PREDECESSOR:1;E_UNAUTHORISED_STAGE_SIGNER:0;E_UNDISCHARGED_ASSUMPTION:1:memory-context-preserved;E_UNDISCHARGED_ASSUMPTION:2:policy-authorized
NoActionBinding,attack:workspace:RECEIPT_PRODUCER_MISMATCH:2200000,workspace,RECEIPT_PRODUCER_MISMATCH,False,0,DENY,E_RECEIPT_PRODUCER_MISMATCH:0;E_UNAUTHORISED_STAGE_SIGNER:0;E_UNDISCHARGED_ASSUMPTION:1:memory-context-preserved;E_UNDISCHARGED_ASSUMPTION:2:policy-authorized
NoActionBinding,attack:workspace:MISSING_TRANSFORM_WITNESS:2300000,workspace,MISSING_TRANSFORM_WITNESS,False,0,DENY,E_MISSING_TRANSFORM_WITNESS:2:/action/destination
NoActionBinding,attack:workspace:INVALID_TRANSFORM_WITNESS:2400000,workspace,INVALID_TRANSFORM_WITNESS,False,0,DENY,E_TRANSFORM_AFTER_MISMATCH:adapter:/action/destination;E_TRANSFORM_RELATION_FALSE:adapter:/action/destination
NoActionBinding,attack:workspace:RELEASE_PREDICATE_BYPASS:2500000,workspace,RELEASE_PREDICATE_BYPASS,False,0,DENY,E_INVALID_RELEASE:/action/destination
NoActionBinding,attack:workspace:RELEASE_VALUE_SUBSTITUTION:2600000,workspace,RELEASE_VALUE_SUBSTITUTION,False,0,DENY,E_INVALID_RELEASE:/action/destination
NoActionBinding,attack:workspace:EXPIRED_RELEASE:2700000,workspace,EXPIRED_RELEASE,False,0,DENY,E_EXPIRED_RELEASE:release:workspace:attack:EXPIRED_RELEASE:2700000
NoActionBinding,attack:workspace:SUBJECT_SUBSTITUTION:2800000,workspace,SUBJECT_SUBSTITUTION,False,0,DENY,E_SUBJECT_SUBSTITUTION
NoActionBinding,attack:workspace:POST_PERMIT_ACTION_SUBSTITUTION:2900000,workspace,POST_PERMIT_ACTION_SUBSTITUTION,True,1,EXECUTE,EXECUTED
NoActionBinding,attack:workspace:REVOKED_GRANT:3000000,workspace,REVOKED_GRANT,False,0,DENY,E_REVOKED_AT_FINALITY
NoActionBinding,attack:workspace:CONTRACT_GUARANTEE_VIOLATION:3100000,workspace,CONTRACT_GUARANTEE_VIOLATION,False,0,DENY,E_GUARANTEE_FALSE:2:canonical_destination
NoActionBinding,attack:finance:UNTRUSTED_FIELD_BINDING:1000,finance,UNTRUSTED_FIELD_BINDING,False,0,ESCALATE,E_UNRELEASED_FIELD:/action/parameters/amount_cents
NoActionBinding,attack:finance:DROP_PROVENANCE:101000,finance,DROP_PROVENANCE,False,0,DENY,E_ENSURED_FIELD_MISSING:2:/context/protected_field_sources;E_ENSURED_FIELD_MISSING:2:/context/provenance_root;E_NOT_PRESERVED:2:/context/protected_field_sources;E_NOT_PRESERVED:2:/context/provenance_root;E_PROVENANCE_CONTEXT
NoActionBinding,attack:finance:PROVENANCE_VALUE_SUBSTITUTION:201000,finance,PROVENANCE_VALUE_SUBSTITUTION,False,0,DENY,E_PROVENANCE_VALUE_MISMATCH:/action/parameters/amount_cents;E_UNDISCHARGED_ASSUMPTION:0:provenance-authenticated;E_UNDISCHARGED_ASSUMPTION:1:memory-context-preserved;E_UNDISCHARGED_ASSUMPTION:2:policy-authorized
NoActionBinding,attack:finance:UNTRUSTED_ROOT_PRODUCER:301000,finance,UNTRUSTED_ROOT_PRODUCER,False,0,DENY,E_UNDISCHARGED_ASSUMPTION:0:root-authenticated;E_UNDISCHARGED_ASSUMPTION:1:memory-context-preserved;E_UNDISCHARGED_ASSUMPTION:2:policy-authorized;E_UNTRUSTED_ROOT;E_UNTRUSTED_ROOT_ISSUER
NoActionBinding,attack:finance:ROOT_AUTHORITY_EXCEEDED:401000,finance,ROOT_AUTHORITY_EXCEEDED,False,0,DENY,E_ROOT_ACTION_SCOPE_EXCEEDED;E_ROOT_AUTHORITY_EXCEEDED;E_ROOT_OPERATION_NOT_GRANTED;E_ROOT_SCOPE_EXCEEDED;E_UNDISCHARGED_ASSUMPTION:0:root-authenticated;E_UNDISCHARGED_ASSUMPTION:1:memory-context-preserved;E_UNDISCHARGED_ASSUMPTION:2:policy-authorized
NoActionBinding,attack:finance:ROOT_SCOPE_EXCEEDED:501000,finance,ROOT_SCOPE_EXCEEDED,False,0,DENY,E_ROOT_ACTION_SCOPE_EXCEEDED;E_ROOT_SCOPE_EXCEEDED;E_UNDISCHARGED_ASSUMPTION:0:root-authenticated;E_UNDISCHARGED_ASSUMPTION:1:memory-context-preserved;E_UNDISCHARGED_ASSUMPTION:2:policy-authorized
NoActionBinding,attack:finance:ROOT_FIELD_CONSTRAINT_BYPASS:601000,finance,ROOT_FIELD_CONSTRAINT_BYPASS,False,0,DENY,E_ROOT_FIELD_CONSTRAINT:/action/parameters/amount_cents;E_UNDISCHARGED_ASSUMPTION:0:root-authenticated;E_UNDISCHARGED_ASSUMPTION:1:memory-context-preserved;E_UNDISCHARGED_ASSUMPTION:2:policy-authorized
NoActionBinding,attack:finance:PRINCIPAL_SUBSTITUTION:701000,finance,PRINCIPAL_SUBSTITUTION,False,0,DENY,E_NOT_PRESERVED:2:/context/principal
NoActionBinding,attack:finance:AUTHORITY_AMPLIFICATION:801000,finance,AUTHORITY_AMPLIFICATION,False,0,DENY,E_AUTHORITY_AMPLIFICATION:0;E_DELEGATION_WIDENING:0;E_ILLEGAL_TRANSFORM:0:/context/authority;E_ILLEGAL_TRANSFORM:0:/context/delegation_scope;E_NOT_PRESERVED:0:/action/destination;E_NOT_PRESERVED:0:/action/function;E_NOT_PRESERVED:0:/action/operation;E_NOT_PRESERVED:0:/action/resource;E_UNDISCHARGED_ASSUMPTION:1:memory-context-preserved;E_UNDISCHARGED_ASSUMPTION:2:policy-authorized
NoActionBinding,attack:finance:DELEGATION_WIDENING:901000,finance,DELEGATION_WIDENING,False,0,DENY,E_DELEGATION_WIDENING:0;E_ILLEGAL_TRANSFORM:0:/context/delegation_scope;E_NOT_PRESERVED:0:/action/resource;E_UNDISCHARGED_ASSUMPTION:1:memory-context-preserved;E_UNDISCHARGED_ASSUMPTION:2:policy-authorized
NoActionBinding,attack:finance:ARGUMENT_MUTATION:1001000,finance,ARGUMENT_MUTATION,False,0,DENY,E_NOT_PRESERVED:2:/action/parameters/amount_cents
NoActionBinding,attack:finance:DESTINATION_SUBSTITUTION:1101000,finance,DESTINATION_SUBSTITUTION,False,0,DENY,E_UNTRUSTED_TRANSFORM_ISSUER:adapter:/action/destination
NoActionBinding,attack:finance:TOOL_SERVER_SWAP:1201000,finance,TOOL_SERVER_SWAP,False,0,DENY,E_NOT_PRESERVED:2:/action/server_id;E_NOT_PRESERVED:2:/action/tool_manifest_digest;E_UNTRUSTED_TOOL_MANIFEST
NoActionBinding,attack:finance:POLICY_DOWNGRADE:1301000,finance,POLICY_DOWNGRADE,False,0,DENY,E_GUARANTEE_FALSE:2:policy_matches;E_ILLEGAL_TRANSFORM:2:/context/policy_digest;E_ILLEGAL_TRANSFORM:2:/context/policy_epoch;E_POLICY_DOWNGRADE:2;E_STALE_POLICY
NoActionBinding,attack:finance:NONCE_REPLAY:1401000,finance,NONCE_REPLAY,False,1,EXECUTE_ONCE,EXECUTED;IDEMPOTENT_REPLAY
NoActionBinding,attack:finance:ALTERNATE_PATH:1501000,finance,ALTERNATE_PATH,False,0,DENY,E_UNMEDIATED_PATH
NoActionBinding,attack:finance:MEMORY_LAUNDERING:1601000,finance,MEMORY_LAUNDERING,False,0,DENY,E_NOT_PRESERVED:0:/context/protected_field_sources;E_NOT_PRESERVED:0:/context/source_classes;E_UNDISCHARGED_ASSUMPTION:1:memory-context-preserved;E_UNDISCHARGED_ASSUMPTION:2:policy-authorized;E_UNRELEASED_FIELD:/action/parameters/amount_cents
NoActionBinding,attack:finance:TAINT_DOWNGRADE:1701000,finance,TAINT_DOWNGRADE,False,0,DENY,E_ILLEGAL_TRANSFORM:0:/context/taint;E_TAINT_DOWNGRADE:0;E_UNDISCHARGED_ASSUMPTION:1:memory-context-preserved;E_UNDISCHARGED_ASSUMPTION:2:policy-authorized;E_UNTRACKED_DATA_CLASS
NoActionBinding,attack:finance:EFFECT_CLASS_DOWNGRADE:1801000,finance,EFFECT_CLASS_DOWNGRADE,False,0,DENY,E_NOT_PRESERVED:2:/action/effect_class
NoActionBinding,attack:finance:CONTEXT_ROOT_OMISSION:1901000,finance,CONTEXT_ROOT_OMISSION,False,0,DENY,E_CONTEXT_ROOT;E_ENSURED_FIELD_MISSING:2:/context/context_root;E_NOT_PRESERVED:2:/context/context_root
NoActionBinding,attack:finance:RETRY_DUPLICATE:2001000,finance,RETRY_DUPLICATE,False,1,EXECUTE_ONCE,EXECUTED;IDEMPOTENT_REPLAY
NoActionBinding,attack:finance:UNAUTHORISED_STAGE_SIGNER:2101000,finance,UNAUTHORISED_STAGE_SIGNER,False,0,DENY,E_UNAUTHORISED_PREDECESSOR:1;E_UNAUTHORISED_STAGE_SIGNER:0;E_UNDISCHARGED_ASSUMPTION:1:memory-context-preserved;E_UNDISCHARGED_ASSUMPTION:2:policy-authorized
NoActionBinding,attack:finance:RECEIPT_PRODUCER_MISMATCH:2201000,finance,RECEIPT_PRODUCER_MISMATCH,False,0,DENY,E_RECEIPT_PRODUCER_MISMATCH:0;E_UNAUTHORISED_STAGE_SIGNER:0;E_UNDISCHARGED_ASSUMPTION:1:memory-context-preserved;E_UNDISCHARGED_ASSUMPTION:2:policy-authorized
NoActionBinding,attack:finance:MISSING_TRANSFORM_WITNESS:2301000,finance,MISSING_TRANSFORM_WITNESS,False,0,DENY,E_MISSING_TRANSFORM_WITNESS:2:/action/destination
NoActionBinding,attack:finance:INVALID_TRANSFORM_WITNESS:2401000,finance,INVALID_TRANSFORM_WITNESS,False,0,DENY,E_TRANSFORM_AFTER_MISMATCH:adapter:/action/destination;E_TRANSFORM_RELATION_FALSE:adapter:/action/destination
NoActionBinding,attack:finance:RELEASE_PREDICATE_BYPASS:2501000,finance,RELEASE_PREDICATE_BYPASS,False,0,DENY,E_INVALID_RELEASE:/action/parameters/amount_cents
NoActionBinding,attack:finance:RELEASE_VALUE_SUBSTITUTION:2601000,finance,RELEASE_VALUE_SUBSTITUTION,False,0,DENY,E_INVALID_RELEASE:/action/parameters/amount_cents
NoActionBinding,attack:finance:EXPIRED_RELEASE:2701000,finance,EXPIRED_RELEASE,False,0,DENY,E_EXPIRED_RELEASE:release:finance:attack:EXPIRED_RELEASE:2701000
NoActionBinding,attack:finance:SUBJECT_SUBSTITUTION:2801000,finance,SUBJECT_SUBSTITUTION,False,0,DENY,E_SUBJECT_SUBSTITUTION
NoActionBinding,attack:finance:POST_PERMIT_ACTION_SUBSTITUTION:2901000,finance,POST_PERMIT_ACTION_SUBSTITUTION,True,1,EXECUTE,EXECUTED
NoActionBinding,attack:finance:REVOKED_GRANT:3001000,finance,REVOKED_GRANT,False,0,DENY,E_REVOKED_AT_FINALITY
NoActionBinding,attack:finance:CONTRACT_GUARANTEE_VIOLATION:3101000,finance,CONTRACT_GUARANTEE_VIOLATION,False,0,DENY,E_GUARANTEE_FALSE:2:canonical_destination
NoActionBinding,attack:devops:UNTRUSTED_FIELD_BINDING:2000,devops,UNTRUSTED_FIELD_BINDING,False,0,ESCALATE,E_UNRELEASED_FIELD:/action/parameters/commit
NoActionBinding,attack:devops:DROP_PROVENANCE:102000,devops,DROP_PROVENANCE,False,0,DENY,E_ENSURED_FIELD_MISSING:2:/context/protected_field_sources;E_ENSURED_FIELD_MISSING:2:/context/provenance_root;E_NOT_PRESERVED:2:/context/protected_field_sources;E_NOT_PRESERVED:2:/context/provenance_root;E_PROVENANCE_CONTEXT
NoActionBinding,attack:devops:PROVENANCE_VALUE_SUBSTITUTION:202000,devops,PROVENANCE_VALUE_SUBSTITUTION,False,0,DENY,E_PROVENANCE_VALUE_MISMATCH:/action/parameters/commit;E_UNDISCHARGED_ASSUMPTION:0:provenance-authenticated;E_UNDISCHARGED_ASSUMPTION:1:memory-context-preserved;E_UNDISCHARGED_ASSUMPTION:2:policy-authorized
NoActionBinding,attack:devops:UNTRUSTED_ROOT_PRODUCER:302000,devops,UNTRUSTED_ROOT_PRODUCER,False,0,DENY,E_UNDISCHARGED_ASSUMPTION:0:root-authenticated;E_UNDISCHARGED_ASSUMPTION:1:memory-context-preserved;E_UNDISCHARGED_ASSUMPTION:2:policy-authorized;E_UNTRUSTED_ROOT;E_UNTRUSTED_ROOT_ISSUER
NoActionBinding,attack:devops:ROOT_AUTHORITY_EXCEEDED:402000,devops,ROOT_AUTHORITY_EXCEEDED,False,0,DENY,E_ROOT_ACTION_SCOPE_EXCEEDED;E_ROOT_AUTHORITY_EXCEEDED;E_ROOT_OPERATION_NOT_GRANTED;E_ROOT_SCOPE_EXCEEDED;E_UNDISCHARGED_ASSUMPTION:0:root-authenticated;E_UNDISCHARGED_ASSUMPTION:1:memory-context-preserved;E_UNDISCHARGED_ASSUMPTION:2:policy-authorized
NoActionBinding,attack:devops:ROOT_SCOPE_EXCEEDED:502000,devops,ROOT_SCOPE_EXCEEDED,False,0,DENY,E_ROOT_ACTION_SCOPE_EXCEEDED;E_ROOT_SCOPE_EXCEEDED;E_UNDISCHARGED_ASSUMPTION:0:root-authenticated;E_UNDISCHARGED_ASSUMPTION:1:memory-context-preserved;E_UNDISCHARGED_ASSUMPTION:2:policy-authorized
NoActionBinding,attack:devops:ROOT_FIELD_CONSTRAINT_BYPASS:602000,devops,ROOT_FIELD_CONSTRAINT_BYPASS,False,0,DENY,E_ROOT_FIELD_CONSTRAINT:/action/parameters/commit;E_UNDISCHARGED_ASSUMPTION:0:root-authenticated;E_UNDISCHARGED_ASSUMPTION:1:memory-context-preserved;E_UNDISCHARGED_ASSUMPTION:2:policy-authorized
NoActionBinding,attack:devops:PRINCIPAL_SUBSTITUTION:702000,devops,PRINCIPAL_SUBSTITUTION,False,0,DENY,E_NOT_PRESERVED:2:/context/principal
NoActionBinding,attack:devops:AUTHORITY_AMPLIFICATION:802000,devops,AUTHORITY_AMPLIFICATION,False,0,DENY,E_AUTHORITY_AMPLIFICATION:0;E_DELEGATION_WIDENING:0;E_ILLEGAL_TRANSFORM:0:/context/authority;E_ILLEGAL_TRANSFORM:0:/context/delegation_scope;E_NOT_PRESERVED:0:/action/destination;E_NOT_PRESERVED:0:/action/function;E_NOT_PRESERVED:0:/action/operation;E_NOT_PRESERVED:0:/action/resource;E_UNDISCHARGED_ASSUMPTION:1:memory-context-preserved;E_UNDISCHARGED_ASSUMPTION:2:policy-authorized
NoActionBinding,attack:devops:DELEGATION_WIDENING:902000,devops,DELEGATION_WIDENING,False,0,DENY,E_DELEGATION_WIDENING:0;E_ILLEGAL_TRANSFORM:0:/context/delegation_scope;E_NOT_PRESERVED:0:/action/resource;E_UNDISCHARGED_ASSUMPTION:1:memory-context-preserved;E_UNDISCHARGED_ASSUMPTION:2:policy-authorized
NoActionBinding,attack:devops:ARGUMENT_MUTATION:1002000,devops,ARGUMENT_MUTATION,False,0,DENY,E_NOT_PRESERVED:2:/action/parameters/environment
NoActionBinding,attack:devops:DESTINATION_SUBSTITUTION:1102000,devops,DESTINATION_SUBSTITUTION,False,0,DENY,E_UNTRUSTED_TRANSFORM_ISSUER:adapter:/action/destination
NoActionBinding,attack:devops:TOOL_SERVER_SWAP:1202000,devops,TOOL_SERVER_SWAP,False,0,DENY,E_NOT_PRESERVED:2:/action/server_id;E_NOT_PRESERVED:2:/action/tool_manifest_digest;E_UNTRUSTED_TOOL_MANIFEST
NoActionBinding,attack:devops:POLICY_DOWNGRADE:1302000,devops,POLICY_DOWNGRADE,False,0,DENY,E_GUARANTEE_FALSE:2:policy_matches;E_ILLEGAL_TRANSFORM:2:/context/policy_digest;E_ILLEGAL_TRANSFORM:2:/context/policy_epoch;E_POLICY_DOWNGRADE:2;E_STALE_POLICY
NoActionBinding,attack:devops:NONCE_REPLAY:1402000,devops,NONCE_REPLAY,False,1,EXECUTE_ONCE,EXECUTED;IDEMPOTENT_REPLAY
NoActionBinding,attack:devops:ALTERNATE_PATH:1502000,devops,ALTERNATE_PATH,False,0,DENY,E_UNMEDIATED_PATH
NoActionBinding,attack:devops:MEMORY_LAUNDERING:1602000,devops,MEMORY_LAUNDERING,False,0,DENY,E_NOT_PRESERVED:0:/context/protected_field_sources;E_NOT_PRESERVED:0:/context/source_classes;E_UNDISCHARGED_ASSUMPTION:1:memory-context-preserved;E_UNDISCHARGED_ASSUMPTION:2:policy-authorized;E_UNRELEASED_FIELD:/action/parameters/commit
NoActionBinding,attack:devops:TAINT_DOWNGRADE:1702000,devops,TAINT_DOWNGRADE,False,0,DENY,E_ILLEGAL_TRANSFORM:0:/context/taint;E_TAINT_DOWNGRADE:0;E_UNDISCHARGED_ASSUMPTION:1:memory-context-preserved;E_UNDISCHARGED_ASSUMPTION:2:policy-authorized;E_UNTRACKED_DATA_CLASS
NoActionBinding,attack:devops:EFFECT_CLASS_DOWNGRADE:1802000,devops,EFFECT_CLASS_DOWNGRADE,False,0,DENY,E_NOT_PRESERVED:2:/action/effect_class
NoActionBinding,attack:devops:CONTEXT_ROOT_OMISSION:1902000,devops,CONTEXT_ROOT_OMISSION,False,0,DENY,E_CONTEXT_ROOT;E_ENSURED_FIELD_MISSING:2:/context/context_root;E_NOT_PRESERVED:2:/context/context_root
NoActionBinding,attack:devops:RETRY_DUPLICATE:2002000,devops,RETRY_DUPLICATE,False,1,EXECUTE_ONCE,EXECUTED;IDEMPOTENT_REPLAY
NoActionBinding,attack:devops:UNAUTHORISED_STAGE_SIGNER:2102000,devops,UNAUTHORISED_STAGE_SIGNER,False,0,DENY,E_UNAUTHORISED_PREDECESSOR:1;E_UNAUTHORISED_STAGE_SIGNER:0;E_UNDISCHARGED_ASSUMPTION:1:memory-context-preserved;E_UNDISCHARGED_ASSUMPTION:2:policy-authorized
NoActionBinding,attack:devops:RECEIPT_PRODUCER_MISMATCH:2202000,devops,RECEIPT_PRODUCER_MISMATCH,False,0,DENY,E_RECEIPT_PRODUCER_MISMATCH:0;E_UNAUTHORISED_STAGE_SIGNER:0;E_UNDISCHARGED_ASSUMPTION:1:memory-context-preserved;E_UNDISCHARGED_ASSUMPTION:2:policy-authorized
NoActionBinding,attack:devops:MISSING_TRANSFORM_WITNESS:2302000,devops,MISSING_TRANSFORM_WITNESS,False,0,DENY,E_MISSING_TRANSFORM_WITNESS:2:/action/destination
NoActionBinding,attack:devops:INVALID_TRANSFORM_WITNESS:2402000,devops,INVALID_TRANSFORM_WITNESS,False,0,DENY,E_TRANSFORM_AFTER_MISMATCH:adapter:/action/destination;E_TRANSFORM_RELATION_FALSE:adapter:/action/destination
NoActionBinding,attack:devops:RELEASE_PREDICATE_BYPASS:2502000,devops,RELEASE_PREDICATE_BYPASS,False,0,DENY,E_INVALID_RELEASE:/action/parameters/commit
NoActionBinding,attack:devops:RELEASE_VALUE_SUBSTITUTION:2602000,devops,RELEASE_VALUE_SUBSTITUTION,False,0,DENY,E_INVALID_RELEASE:/action/parameters/commit
NoActionBinding,attack:devops:EXPIRED_RELEASE:2702000,devops,EXPIRED_RELEASE,False,0,DENY,E_EXPIRED_RELEASE:release:devops:attack:EXPIRED_RELEASE:2702000
NoActionBinding,attack:devops:SUBJECT_SUBSTITUTION:2802000,devops,SUBJECT_SUBSTITUTION,False,0,DENY,E_SUBJECT_SUBSTITUTION
NoActionBinding,attack:devops:POST_PERMIT_ACTION_SUBSTITUTION:2902000,devops,POST_PERMIT_ACTION_SUBSTITUTION,True,1,EXECUTE,EXECUTED
NoActionBinding,attack:devops:REVOKED_GRANT:3002000,devops,REVOKED_GRANT,False,0,DENY,E_REVOKED_AT_FINALITY
NoActionBinding,attack:devops:CONTRACT_GUARANTEE_VIOLATION:3102000,devops,CONTRACT_GUARANTEE_VIOLATION,False,0,DENY,E_GUARANTEE_FALSE:2:canonical_destination
NoActionBinding,attack:multiagent:UNTRUSTED_FIELD_BINDING:3000,multiagent,UNTRUSTED_FIELD_BINDING,False,0,ESCALATE,E_UNRELEASED_FIELD:/action/parameters/capability
NoActionBinding,attack:multiagent:DROP_PROVENANCE:103000,multiagent,DROP_PROVENANCE,False,0,DENY,E_ENSURED_FIELD_MISSING:2:/context/protected_field_sources;E_ENSURED_FIELD_MISSING:2:/context/provenance_root;E_NOT_PRESERVED:2:/context/protected_field_sources;E_NOT_PRESERVED:2:/context/provenance_root;E_PROVENANCE_CONTEXT
NoActionBinding,attack:multiagent:PROVENANCE_VALUE_SUBSTITUTION:203000,multiagent,PROVENANCE_VALUE_SUBSTITUTION,False,0,DENY,E_PROVENANCE_VALUE_MISMATCH:/action/parameters/capability;E_UNDISCHARGED_ASSUMPTION:0:provenance-authenticated;E_UNDISCHARGED_ASSUMPTION:1:memory-context-preserved;E_UNDISCHARGED_ASSUMPTION:2:policy-authorized
NoActionBinding,attack:multiagent:UNTRUSTED_ROOT_PRODUCER:303000,multiagent,UNTRUSTED_ROOT_PRODUCER,False,0,DENY,E_UNDISCHARGED_ASSUMPTION:0:root-authenticated;E_UNDISCHARGED_ASSUMPTION:1:memory-context-preserved;E_UNDISCHARGED_ASSUMPTION:2:policy-authorized;E_UNTRUSTED_ROOT;E_UNTRUSTED_ROOT_ISSUER
NoActionBinding,attack:multiagent:ROOT_AUTHORITY_EXCEEDED:403000,multiagent,ROOT_AUTHORITY_EXCEEDED,False,0,DENY,E_ROOT_ACTION_SCOPE_EXCEEDED;E_ROOT_AUTHORITY_EXCEEDED;E_ROOT_OPERATION_NOT_GRANTED;E_ROOT_SCOPE_EXCEEDED;E_UNDISCHARGED_ASSUMPTION:0:root-authenticated;E_UNDISCHARGED_ASSUMPTION:1:memory-context-preserved;E_UNDISCHARGED_ASSUMPTION:2:policy-authorized
NoActionBinding,attack:multiagent:ROOT_SCOPE_EXCEEDED:503000,multiagent,ROOT_SCOPE_EXCEEDED,False,0,DENY,E_ROOT_ACTION_SCOPE_EXCEEDED;E_ROOT_SCOPE_EXCEEDED;E_UNDISCHARGED_ASSUMPTION:0:root-authenticated;E_UNDISCHARGED_ASSUMPTION:1:memory-context-preserved;E_UNDISCHARGED_ASSUMPTION:2:policy-authorized
NoActionBinding,attack:multiagent:ROOT_FIELD_CONSTRAINT_BYPASS:603000,multiagent,ROOT_FIELD_CONSTRAINT_BYPASS,False,0,DENY,E_ROOT_FIELD_CONSTRAINT:/action/parameters/capability;E_UNDISCHARGED_ASSUMPTION:0:root-authenticated;E_UNDISCHARGED_ASSUMPTION:1:memory-context-preserved;E_UNDISCHARGED_ASSUMPTION:2:policy-authorized
NoActionBinding,attack:multiagent:PRINCIPAL_SUBSTITUTION:703000,multiagent,PRINCIPAL_SUBSTITUTION,False,0,DENY,E_NOT_PRESERVED:2:/context/principal
NoActionBinding,attack:multiagent:AUTHORITY_AMPLIFICATION:803000,multiagent,AUTHORITY_AMPLIFICATION,False,0,DENY,E_AUTHORITY_AMPLIFICATION:0;E_DELEGATION_WIDENING:0;E_ILLEGAL_TRANSFORM:0:/context/authority;E_ILLEGAL_TRANSFORM:0:/context/delegation_scope;E_NOT_PRESERVED:0:/action/destination;E_NOT_PRESERVED:0:/action/function;E_NOT_PRESERVED:0:/action/operation;E_NOT_PRESERVED:0:/action/resource;E_UNDISCHARGED_ASSUMPTION:1:memory-context-preserved;E_UNDISCHARGED_ASSUMPTION:2:policy-authorized
NoActionBinding,attack:multiagent:DELEGATION_WIDENING:903000,multiagent,DELEGATION_WIDENING,False,0,DENY,E_DELEGATION_WIDENING:0;E_ILLEGAL_TRANSFORM:0:/context/delegation_scope;E_NOT_PRESERVED:0:/action/resource;E_UNDISCHARGED_ASSUMPTION:1:memory-context-preserved;E_UNDISCHARGED_ASSUMPTION:2:policy-authorized
NoActionBinding,attack:multiagent:ARGUMENT_MUTATION:1003000,multiagent,ARGUMENT_MUTATION,False,0,DENY,E_NOT_PRESERVED:2:/action/parameters/max_depth
NoActionBinding,attack:multiagent:DESTINATION_SUBSTITUTION:1103000,multiagent,DESTINATION_SUBSTITUTION,False,0,DENY,E_UNTRUSTED_TRANSFORM_ISSUER:adapter:/action/destination
NoActionBinding,attack:multiagent:TOOL_SERVER_SWAP:1203000,multiagent,TOOL_SERVER_SWAP,False,0,DENY,E_NOT_PRESERVED:2:/action/server_id;E_NOT_PRESERVED:2:/action/tool_manifest_digest;E_UNTRUSTED_TOOL_MANIFEST
NoActionBinding,attack:multiagent:POLICY_DOWNGRADE:1303000,multiagent,POLICY_DOWNGRADE,False,0,DENY,E_GUARANTEE_FALSE:2:policy_matches;E_ILLEGAL_TRANSFORM:2:/context/policy_digest;E_ILLEGAL_TRANSFORM:2:/context/policy_epoch;E_POLICY_DOWNGRADE:2;E_STALE_POLICY
NoActionBinding,attack:multiagent:NONCE_REPLAY:1403000,multiagent,NONCE_REPLAY,False,1,EXECUTE_ONCE,EXECUTED;IDEMPOTENT_REPLAY
NoActionBinding,attack:multiagent:ALTERNATE_PATH:1503000,multiagent,ALTERNATE_PATH,False,0,DENY,E_UNMEDIATED_PATH
NoActionBinding,attack:multiagent:MEMORY_LAUNDERING:1603000,multiagent,MEMORY_LAUNDERING,False,0,DENY,E_NOT_PRESERVED:0:/context/protected_field_sources;E_NOT_PRESERVED:0:/context/source_classes;E_UNDISCHARGED_ASSUMPTION:1:memory-context-preserved;E_UNDISCHARGED_ASSUMPTION:2:policy-authorized;E_UNRELEASED_FIELD:/action/parameters/capability
NoActionBinding,attack:multiagent:TAINT_DOWNGRADE:1703000,multiagent,TAINT_DOWNGRADE,False,0,DENY,E_ILLEGAL_TRANSFORM:0:/context/taint;E_TAINT_DOWNGRADE:0;E_UNDISCHARGED_ASSUMPTION:1:memory-context-preserved;E_UNDISCHARGED_ASSUMPTION:2:policy-authorized;E_UNTRACKED_DATA_CLASS
NoActionBinding,attack:multiagent:EFFECT_CLASS_DOWNGRADE:1803000,multiagent,EFFECT_CLASS_DOWNGRADE,False,0,DENY,E_NOT_PRESERVED:2:/action/effect_class
NoActionBinding,attack:multiagent:CONTEXT_ROOT_OMISSION:1903000,multiagent,CONTEXT_ROOT_OMISSION,False,0,DENY,E_CONTEXT_ROOT;E_ENSURED_FIELD_MISSING:2:/context/context_root;E_NOT_PRESERVED:2:/context/context_root
NoActionBinding,attack:multiagent:RETRY_DUPLICATE:2003000,multiagent,RETRY_DUPLICATE,False,1,EXECUTE_ONCE,EXECUTED;IDEMPOTENT_REPLAY
NoActionBinding,attack:multiagent:UNAUTHORISED_STAGE_SIGNER:2103000,multiagent,UNAUTHORISED_STAGE_SIGNER,False,0,DENY,E_UNAUTHORISED_PREDECESSOR:1;E_UNAUTHORISED_STAGE_SIGNER:0;E_UNDISCHARGED_ASSUMPTION:1:memory-context-preserved;E_UNDISCHARGED_ASSUMPTION:2:policy-authorized
NoActionBinding,attack:multiagent:RECEIPT_PRODUCER_MISMATCH:2203000,multiagent,RECEIPT_PRODUCER_MISMATCH,False,0,DENY,E_RECEIPT_PRODUCER_MISMATCH:0;E_UNAUTHORISED_STAGE_SIGNER:0;E_UNDISCHARGED_ASSUMPTION:1:memory-context-preserved;E_UNDISCHARGED_ASSUMPTION:2:policy-authorized
NoActionBinding,attack:multiagent:MISSING_TRANSFORM_WITNESS:2303000,multiagent,MISSING_TRANSFORM_WITNESS,False,0,DENY,E_MISSING_TRANSFORM_WITNESS:2:/action/destination
NoActionBinding,attack:multiagent:INVALID_TRANSFORM_WITNESS:2403000,multiagent,INVALID_TRANSFORM_WITNESS,False,0,DENY,E_TRANSFORM_AFTER_MISMATCH:adapter:/action/destination;E_TRANSFORM_RELATION_FALSE:adapter:/action/destination
NoActionBinding,attack:multiagent:RELEASE_PREDICATE_BYPASS:2503000,multiagent,RELEASE_PREDICATE_BYPASS,False,0,DENY,E_INVALID_RELEASE:/action/parameters/capability
NoActionBinding,attack:multiagent:RELEASE_VALUE_SUBSTITUTION:2603000,multiagent,RELEASE_VALUE_SUBSTITUTION,False,0,DENY,E_INVALID_RELEASE:/action/parameters/capability
NoActionBinding,attack:multiagent:EXPIRED_RELEASE:2703000,multiagent,EXPIRED_RELEASE,False,0,DENY,E_EXPIRED_RELEASE:release:multiagent:attack:EXPIRED_RELEASE:2703000
NoActionBinding,attack:multiagent:SUBJECT_SUBSTITUTION:2803000,multiagent,SUBJECT_SUBSTITUTION,False,0,DENY,E_SUBJECT_SUBSTITUTION
NoActionBinding,attack:multiagent:POST_PERMIT_ACTION_SUBSTITUTION:2903000,multiagent,POST_PERMIT_ACTION_SUBSTITUTION,True,1,EXECUTE,EXECUTED
NoActionBinding,attack:multiagent:REVOKED_GRANT:3003000,multiagent,REVOKED_GRANT,False,0,DENY,E_REVOKED_AT_FINALITY
NoActionBinding,attack:multiagent:CONTRACT_GUARANTEE_VIOLATION:3103000,multiagent,CONTRACT_GUARANTEE_VIOLATION,False,0,DENY,E_GUARANTEE_FALSE:2:canonical_destination
NoSubjectBinding,attack:workspace:UNTRUSTED_FIELD_BINDING:0,workspace,UNTRUSTED_FIELD_BINDING,False,0,ESCALATE,E_UNRELEASED_FIELD:/action/destination
NoSubjectBinding,attack:workspace:DROP_PROVENANCE:100000,workspace,DROP_PROVENANCE,False,0,DENY,E_ENSURED_FIELD_MISSING:2:/context/protected_field_sources;E_ENSURED_FIELD_MISSING:2:/context/provenance_root;E_NOT_PRESERVED:2:/context/protected_field_sources;E_NOT_PRESERVED:2:/context/provenance_root;E_PROVENANCE_CONTEXT
NoSubjectBinding,attack:workspace:PROVENANCE_VALUE_SUBSTITUTION:200000,workspace,PROVENANCE_VALUE_SUBSTITUTION,False,0,DENY,E_PROVENANCE_VALUE_MISMATCH:/action/destination;E_UNDISCHARGED_ASSUMPTION:0:provenance-authenticated;E_UNDISCHARGED_ASSUMPTION:1:memory-context-preserved;E_UNDISCHARGED_ASSUMPTION:2:policy-authorized
NoSubjectBinding,attack:workspace:UNTRUSTED_ROOT_PRODUCER:300000,workspace,UNTRUSTED_ROOT_PRODUCER,False,0,DENY,E_UNDISCHARGED_ASSUMPTION:0:root-authenticated;E_UNDISCHARGED_ASSUMPTION:1:memory-context-preserved;E_UNDISCHARGED_ASSUMPTION:2:policy-authorized;E_UNTRUSTED_ROOT;E_UNTRUSTED_ROOT_ISSUER
NoSubjectBinding,attack:workspace:ROOT_AUTHORITY_EXCEEDED:400000,workspace,ROOT_AUTHORITY_EXCEEDED,False,0,DENY,E_ROOT_ACTION_SCOPE_EXCEEDED;E_ROOT_AUTHORITY_EXCEEDED;E_ROOT_OPERATION_NOT_GRANTED;E_ROOT_SCOPE_EXCEEDED;E_UNDISCHARGED_ASSUMPTION:0:root-authenticated;E_UNDISCHARGED_ASSUMPTION:1:memory-context-preserved;E_UNDISCHARGED_ASSUMPTION:2:policy-authorized
NoSubjectBinding,attack:workspace:ROOT_SCOPE_EXCEEDED:500000,workspace,ROOT_SCOPE_EXCEEDED,False,0,DENY,E_ROOT_ACTION_SCOPE_EXCEEDED;E_ROOT_SCOPE_EXCEEDED;E_UNDISCHARGED_ASSUMPTION:0:root-authenticated;E_UNDISCHARGED_ASSUMPTION:1:memory-context-preserved;E_UNDISCHARGED_ASSUMPTION:2:policy-authorized
NoSubjectBinding,attack:workspace:ROOT_FIELD_CONSTRAINT_BYPASS:600000,workspace,ROOT_FIELD_CONSTRAINT_BYPASS,False,0,DENY,E_ROOT_FIELD_CONSTRAINT:/action/destination;E_UNDISCHARGED_ASSUMPTION:0:root-authenticated;E_UNDISCHARGED_ASSUMPTION:1:memory-context-preserved;E_UNDISCHARGED_ASSUMPTION:2:policy-authorized
NoSubjectBinding,attack:workspace:PRINCIPAL_SUBSTITUTION:700000,workspace,PRINCIPAL_SUBSTITUTION,False,0,DENY,E_NOT_PRESERVED:2:/context/principal
NoSubjectBinding,attack:workspace:AUTHORITY_AMPLIFICATION:800000,workspace,AUTHORITY_AMPLIFICATION,False,0,DENY,E_AUTHORITY_AMPLIFICATION:0;E_DELEGATION_WIDENING:0;E_ILLEGAL_TRANSFORM:0:/context/authority;E_ILLEGAL_TRANSFORM:0:/context/delegation_scope;E_NOT_PRESERVED:0:/action/destination;E_NOT_PRESERVED:0:/action/function;E_NOT_PRESERVED:0:/action/operation;E_NOT_PRESERVED:0:/action/resource;E_UNDISCHARGED_ASSUMPTION:1:memory-context-preserved;E_UNDISCHARGED_ASSUMPTION:2:policy-authorized
NoSubjectBinding,attack:workspace:DELEGATION_WIDENING:900000,workspace,DELEGATION_WIDENING,False,0,DENY,E_DELEGATION_WIDENING:0;E_ILLEGAL_TRANSFORM:0:/context/delegation_scope;E_NOT_PRESERVED:0:/action/resource;E_UNDISCHARGED_ASSUMPTION:1:memory-context-preserved;E_UNDISCHARGED_ASSUMPTION:2:policy-authorized
NoSubjectBinding,attack:workspace:ARGUMENT_MUTATION:1000000,workspace,ARGUMENT_MUTATION,False,0,DENY,E_NOT_PRESERVED:2:/action/parameters/body
NoSubjectBinding,attack:workspace:DESTINATION_SUBSTITUTION:1100000,workspace,DESTINATION_SUBSTITUTION,False,0,DENY,E_UNTRUSTED_TRANSFORM_ISSUER:adapter:/action/destination
NoSubjectBinding,attack:workspace:TOOL_SERVER_SWAP:1200000,workspace,TOOL_SERVER_SWAP,False,0,DENY,E_NOT_PRESERVED:2:/action/server_id;E_NOT_PRESERVED:2:/action/tool_manifest_digest;E_UNTRUSTED_TOOL_MANIFEST
NoSubjectBinding,attack:workspace:POLICY_DOWNGRADE:1300000,workspace,POLICY_DOWNGRADE,False,0,DENY,E_GUARANTEE_FALSE:2:policy_matches;E_ILLEGAL_TRANSFORM:2:/context/policy_digest;E_ILLEGAL_TRANSFORM:2:/context/policy_epoch;E_POLICY_DOWNGRADE:2;E_STALE_POLICY
NoSubjectBinding,attack:workspace:NONCE_REPLAY:1400000,workspace,NONCE_REPLAY,False,1,EXECUTE_ONCE,EXECUTED;IDEMPOTENT_REPLAY
NoSubjectBinding,attack:workspace:ALTERNATE_PATH:1500000,workspace,ALTERNATE_PATH,False,0,DENY,E_UNMEDIATED_PATH
NoSubjectBinding,attack:workspace:MEMORY_LAUNDERING:1600000,workspace,MEMORY_LAUNDERING,False,0,DENY,E_NOT_PRESERVED:0:/context/protected_field_sources;E_NOT_PRESERVED:0:/context/source_classes;E_UNDISCHARGED_ASSUMPTION:1:memory-context-preserved;E_UNDISCHARGED_ASSUMPTION:2:policy-authorized;E_UNRELEASED_FIELD:/action/destination
NoSubjectBinding,attack:workspace:TAINT_DOWNGRADE:1700000,workspace,TAINT_DOWNGRADE,False,0,DENY,E_ILLEGAL_TRANSFORM:0:/context/taint;E_TAINT_DOWNGRADE:0;E_UNDISCHARGED_ASSUMPTION:1:memory-context-preserved;E_UNDISCHARGED_ASSUMPTION:2:policy-authorized;E_UNTRACKED_DATA_CLASS
NoSubjectBinding,attack:workspace:EFFECT_CLASS_DOWNGRADE:1800000,workspace,EFFECT_CLASS_DOWNGRADE,False,0,DENY,E_NOT_PRESERVED:2:/action/effect_class
NoSubjectBinding,attack:workspace:CONTEXT_ROOT_OMISSION:1900000,workspace,CONTEXT_ROOT_OMISSION,False,0,DENY,E_CONTEXT_ROOT;E_ENSURED_FIELD_MISSING:2:/context/context_root;E_NOT_PRESERVED:2:/context/context_root
NoSubjectBinding,attack:workspace:RETRY_DUPLICATE:2000000,workspace,RETRY_DUPLICATE,False,1,EXECUTE_ONCE,EXECUTED;IDEMPOTENT_REPLAY
NoSubjectBinding,attack:workspace:UNAUTHORISED_STAGE_SIGNER:2100000,workspace,UNAUTHORISED_STAGE_SIGNER,False,0,DENY,E_UNAUTHORISED_PREDECESSOR:1;E_UNAUTHORISED_STAGE_SIGNER:0;E_UNDISCHARGED_ASSUMPTION:1:memory-context-preserved;E_UNDISCHARGED_ASSUMPTION:2:policy-authorized
NoSubjectBinding,attack:workspace:RECEIPT_PRODUCER_MISMATCH:2200000,workspace,RECEIPT_PRODUCER_MISMATCH,False,0,DENY,E_RECEIPT_PRODUCER_MISMATCH:0;E_UNAUTHORISED_STAGE_SIGNER:0;E_UNDISCHARGED_ASSUMPTION:1:memory-context-preserved;E_UNDISCHARGED_ASSUMPTION:2:policy-authorized
NoSubjectBinding,attack:workspace:MISSING_TRANSFORM_WITNESS:2300000,workspace,MISSING_TRANSFORM_WITNESS,False,0,DENY,E_MISSING_TRANSFORM_WITNESS:2:/action/destination
NoSubjectBinding,attack:workspace:INVALID_TRANSFORM_WITNESS:2400000,workspace,INVALID_TRANSFORM_WITNESS,False,0,DENY,E_TRANSFORM_AFTER_MISMATCH:adapter:/action/destination;E_TRANSFORM_RELATION_FALSE:adapter:/action/destination
NoSubjectBinding,attack:workspace:RELEASE_PREDICATE_BYPASS:2500000,workspace,RELEASE_PREDICATE_BYPASS,False,0,DENY,E_INVALID_RELEASE:/action/destination
NoSubjectBinding,attack:workspace:RELEASE_VALUE_SUBSTITUTION:2600000,workspace,RELEASE_VALUE_SUBSTITUTION,False,0,DENY,E_INVALID_RELEASE:/action/destination
NoSubjectBinding,attack:workspace:EXPIRED_RELEASE:2700000,workspace,EXPIRED_RELEASE,False,0,DENY,E_EXPIRED_RELEASE:release:workspace:attack:EXPIRED_RELEASE:2700000
NoSubjectBinding,attack:workspace:SUBJECT_SUBSTITUTION:2800000,workspace,SUBJECT_SUBSTITUTION,True,1,EXECUTE,EXECUTED
NoSubjectBinding,attack:workspace:POST_PERMIT_ACTION_SUBSTITUTION:2900000,workspace,POST_PERMIT_ACTION_SUBSTITUTION,False,0,DENY,E_ACTION_SUBSTITUTION
NoSubjectBinding,attack:workspace:REVOKED_GRANT:3000000,workspace,REVOKED_GRANT,False,0,DENY,E_REVOKED_AT_FINALITY
NoSubjectBinding,attack:workspace:CONTRACT_GUARANTEE_VIOLATION:3100000,workspace,CONTRACT_GUARANTEE_VIOLATION,False,0,DENY,E_GUARANTEE_FALSE:2:canonical_destination
NoSubjectBinding,attack:finance:UNTRUSTED_FIELD_BINDING:1000,finance,UNTRUSTED_FIELD_BINDING,False,0,ESCALATE,E_UNRELEASED_FIELD:/action/parameters/amount_cents
NoSubjectBinding,attack:finance:DROP_PROVENANCE:101000,finance,DROP_PROVENANCE,False,0,DENY,E_ENSURED_FIELD_MISSING:2:/context/protected_field_sources;E_ENSURED_FIELD_MISSING:2:/context/provenance_root;E_NOT_PRESERVED:2:/context/protected_field_sources;E_NOT_PRESERVED:2:/context/provenance_root;E_PROVENANCE_CONTEXT
NoSubjectBinding,attack:finance:PROVENANCE_VALUE_SUBSTITUTION:201000,finance,PROVENANCE_VALUE_SUBSTITUTION,False,0,DENY,E_PROVENANCE_VALUE_MISMATCH:/action/parameters/amount_cents;E_UNDISCHARGED_ASSUMPTION:0:provenance-authenticated;E_UNDISCHARGED_ASSUMPTION:1:memory-context-preserved;E_UNDISCHARGED_ASSUMPTION:2:policy-authorized
NoSubjectBinding,attack:finance:UNTRUSTED_ROOT_PRODUCER:301000,finance,UNTRUSTED_ROOT_PRODUCER,False,0,DENY,E_UNDISCHARGED_ASSUMPTION:0:root-authenticated;E_UNDISCHARGED_ASSUMPTION:1:memory-context-preserved;E_UNDISCHARGED_ASSUMPTION:2:policy-authorized;E_UNTRUSTED_ROOT;E_UNTRUSTED_ROOT_ISSUER
NoSubjectBinding,attack:finance:ROOT_AUTHORITY_EXCEEDED:401000,finance,ROOT_AUTHORITY_EXCEEDED,False,0,DENY,E_ROOT_ACTION_SCOPE_EXCEEDED;E_ROOT_AUTHORITY_EXCEEDED;E_ROOT_OPERATION_NOT_GRANTED;E_ROOT_SCOPE_EXCEEDED;E_UNDISCHARGED_ASSUMPTION:0:root-authenticated;E_UNDISCHARGED_ASSUMPTION:1:memory-context-preserved;E_UNDISCHARGED_ASSUMPTION:2:policy-authorized
NoSubjectBinding,attack:finance:ROOT_SCOPE_EXCEEDED:501000,finance,ROOT_SCOPE_EXCEEDED,False,0,DENY,E_ROOT_ACTION_SCOPE_EXCEEDED;E_ROOT_SCOPE_EXCEEDED;E_UNDISCHARGED_ASSUMPTION:0:root-authenticated;E_UNDISCHARGED_ASSUMPTION:1:memory-context-preserved;E_UNDISCHARGED_ASSUMPTION:2:policy-authorized
NoSubjectBinding,attack:finance:ROOT_FIELD_CONSTRAINT_BYPASS:601000,finance,ROOT_FIELD_CONSTRAINT_BYPASS,False,0,DENY,E_ROOT_FIELD_CONSTRAINT:/action/parameters/amount_cents;E_UNDISCHARGED_ASSUMPTION:0:root-authenticated;E_UNDISCHARGED_ASSUMPTION:1:memory-context-preserved;E_UNDISCHARGED_ASSUMPTION:2:policy-authorized
NoSubjectBinding,attack:finance:PRINCIPAL_SUBSTITUTION:701000,finance,PRINCIPAL_SUBSTITUTION,False,0,DENY,E_NOT_PRESERVED:2:/context/principal
NoSubjectBinding,attack:finance:AUTHORITY_AMPLIFICATION:801000,finance,AUTHORITY_AMPLIFICATION,False,0,DENY,E_AUTHORITY_AMPLIFICATION:0;E_DELEGATION_WIDENING:0;E_ILLEGAL_TRANSFORM:0:/context/authority;E_ILLEGAL_TRANSFORM:0:/context/delegation_scope;E_NOT_PRESERVED:0:/action/destination;E_NOT_PRESERVED:0:/action/function;E_NOT_PRESERVED:0:/action/operation;E_NOT_PRESERVED:0:/action/resource;E_UNDISCHARGED_ASSUMPTION:1:memory-context-preserved;E_UNDISCHARGED_ASSUMPTION:2:policy-authorized
NoSubjectBinding,attack:finance:DELEGATION_WIDENING:901000,finance,DELEGATION_WIDENING,False,0,DENY,E_DELEGATION_WIDENING:0;E_ILLEGAL_TRANSFORM:0:/context/delegation_scope;E_NOT_PRESERVED:0:/action/resource;E_UNDISCHARGED_ASSUMPTION:1:memory-context-preserved;E_UNDISCHARGED_ASSUMPTION:2:policy-authorized
NoSubjectBinding,attack:finance:ARGUMENT_MUTATION:1001000,finance,ARGUMENT_MUTATION,False,0,DENY,E_NOT_PRESERVED:2:/action/parameters/amount_cents
NoSubjectBinding,attack:finance:DESTINATION_SUBSTITUTION:1101000,finance,DESTINATION_SUBSTITUTION,False,0,DENY,E_UNTRUSTED_TRANSFORM_ISSUER:adapter:/action/destination
NoSubjectBinding,attack:finance:TOOL_SERVER_SWAP:1201000,finance,TOOL_SERVER_SWAP,False,0,DENY,E_NOT_PRESERVED:2:/action/server_id;E_NOT_PRESERVED:2:/action/tool_manifest_digest;E_UNTRUSTED_TOOL_MANIFEST
NoSubjectBinding,attack:finance:POLICY_DOWNGRADE:1301000,finance,POLICY_DOWNGRADE,False,0,DENY,E_GUARANTEE_FALSE:2:policy_matches;E_ILLEGAL_TRANSFORM:2:/context/policy_digest;E_ILLEGAL_TRANSFORM:2:/context/policy_epoch;E_POLICY_DOWNGRADE:2;E_STALE_POLICY
NoSubjectBinding,attack:finance:NONCE_REPLAY:1401000,finance,NONCE_REPLAY,False,1,EXECUTE_ONCE,EXECUTED;IDEMPOTENT_REPLAY
NoSubjectBinding,attack:finance:ALTERNATE_PATH:1501000,finance,ALTERNATE_PATH,False,0,DENY,E_UNMEDIATED_PATH
NoSubjectBinding,attack:finance:MEMORY_LAUNDERING:1601000,finance,MEMORY_LAUNDERING,False,0,DENY,E_NOT_PRESERVED:0:/context/protected_field_sources;E_NOT_PRESERVED:0:/context/source_classes;E_UNDISCHARGED_ASSUMPTION:1:memory-context-preserved;E_UNDISCHARGED_ASSUMPTION:2:policy-authorized;E_UNRELEASED_FIELD:/action/parameters/amount_cents
NoSubjectBinding,attack:finance:TAINT_DOWNGRADE:1701000,finance,TAINT_DOWNGRADE,False,0,DENY,E_ILLEGAL_TRANSFORM:0:/context/taint;E_TAINT_DOWNGRADE:0;E_UNDISCHARGED_ASSUMPTION:1:memory-context-preserved;E_UNDISCHARGED_ASSUMPTION:2:policy-authorized;E_UNTRACKED_DATA_CLASS
NoSubjectBinding,attack:finance:EFFECT_CLASS_DOWNGRADE:1801000,finance,EFFECT_CLASS_DOWNGRADE,False,0,DENY,E_NOT_PRESERVED:2:/action/effect_class
NoSubjectBinding,attack:finance:CONTEXT_ROOT_OMISSION:1901000,finance,CONTEXT_ROOT_OMISSION,False,0,DENY,E_CONTEXT_ROOT;E_ENSURED_FIELD_MISSING:2:/context/context_root;E_NOT_PRESERVED:2:/context/context_root
NoSubjectBinding,attack:finance:RETRY_DUPLICATE:2001000,finance,RETRY_DUPLICATE,False,1,EXECUTE_ONCE,EXECUTED;IDEMPOTENT_REPLAY
NoSubjectBinding,attack:finance:UNAUTHORISED_STAGE_SIGNER:2101000,finance,UNAUTHORISED_STAGE_SIGNER,False,0,DENY,E_UNAUTHORISED_PREDECESSOR:1;E_UNAUTHORISED_STAGE_SIGNER:0;E_UNDISCHARGED_ASSUMPTION:1:memory-context-preserved;E_UNDISCHARGED_ASSUMPTION:2:policy-authorized
NoSubjectBinding,attack:finance:RECEIPT_PRODUCER_MISMATCH:2201000,finance,RECEIPT_PRODUCER_MISMATCH,False,0,DENY,E_RECEIPT_PRODUCER_MISMATCH:0;E_UNAUTHORISED_STAGE_SIGNER:0;E_UNDISCHARGED_ASSUMPTION:1:memory-context-preserved;E_UNDISCHARGED_ASSUMPTION:2:policy-authorized
NoSubjectBinding,attack:finance:MISSING_TRANSFORM_WITNESS:2301000,finance,MISSING_TRANSFORM_WITNESS,False,0,DENY,E_MISSING_TRANSFORM_WITNESS:2:/action/destination
NoSubjectBinding,attack:finance:INVALID_TRANSFORM_WITNESS:2401000,finance,INVALID_TRANSFORM_WITNESS,False,0,DENY,E_TRANSFORM_AFTER_MISMATCH:adapter:/action/destination;E_TRANSFORM_RELATION_FALSE:adapter:/action/destination
NoSubjectBinding,attack:finance:RELEASE_PREDICATE_BYPASS:2501000,finance,RELEASE_PREDICATE_BYPASS,False,0,DENY,E_INVALID_RELEASE:/action/parameters/amount_cents
NoSubjectBinding,attack:finance:RELEASE_VALUE_SUBSTITUTION:2601000,finance,RELEASE_VALUE_SUBSTITUTION,False,0,DENY,E_INVALID_RELEASE:/action/parameters/amount_cents
NoSubjectBinding,attack:finance:EXPIRED_RELEASE:2701000,finance,EXPIRED_RELEASE,False,0,DENY,E_EXPIRED_RELEASE:release:finance:attack:EXPIRED_RELEASE:2701000
NoSubjectBinding,attack:finance:SUBJECT_SUBSTITUTION:2801000,finance,SUBJECT_SUBSTITUTION,True,1,EXECUTE,EXECUTED
NoSubjectBinding,attack:finance:POST_PERMIT_ACTION_SUBSTITUTION:2901000,finance,POST_PERMIT_ACTION_SUBSTITUTION,False,0,DENY,E_ACTION_SUBSTITUTION
NoSubjectBinding,attack:finance:REVOKED_GRANT:3001000,finance,REVOKED_GRANT,False,0,DENY,E_REVOKED_AT_FINALITY
NoSubjectBinding,attack:finance:CONTRACT_GUARANTEE_VIOLATION:3101000,finance,CONTRACT_GUARANTEE_VIOLATION,False,0,DENY,E_GUARANTEE_FALSE:2:canonical_destination
NoSubjectBinding,attack:devops:UNTRUSTED_FIELD_BINDING:2000,devops,UNTRUSTED_FIELD_BINDING,False,0,ESCALATE,E_UNRELEASED_FIELD:/action/parameters/commit
NoSubjectBinding,attack:devops:DROP_PROVENANCE:102000,devops,DROP_PROVENANCE,False,0,DENY,E_ENSURED_FIELD_MISSING:2:/context/protected_field_sources;E_ENSURED_FIELD_MISSING:2:/context/provenance_root;E_NOT_PRESERVED:2:/context/protected_field_sources;E_NOT_PRESERVED:2:/context/provenance_root;E_PROVENANCE_CONTEXT
NoSubjectBinding,attack:devops:PROVENANCE_VALUE_SUBSTITUTION:202000,devops,PROVENANCE_VALUE_SUBSTITUTION,False,0,DENY,E_PROVENANCE_VALUE_MISMATCH:/action/parameters/commit;E_UNDISCHARGED_ASSUMPTION:0:provenance-authenticated;E_UNDISCHARGED_ASSUMPTION:1:memory-context-preserved;E_UNDISCHARGED_ASSUMPTION:2:policy-authorized
NoSubjectBinding,attack:devops:UNTRUSTED_ROOT_PRODUCER:302000,devops,UNTRUSTED_ROOT_PRODUCER,False,0,DENY,E_UNDISCHARGED_ASSUMPTION:0:root-authenticated;E_UNDISCHARGED_ASSUMPTION:1:memory-context-preserved;E_UNDISCHARGED_ASSUMPTION:2:policy-authorized;E_UNTRUSTED_ROOT;E_UNTRUSTED_ROOT_ISSUER
NoSubjectBinding,attack:devops:ROOT_AUTHORITY_EXCEEDED:402000,devops,ROOT_AUTHORITY_EXCEEDED,False,0,DENY,E_ROOT_ACTION_SCOPE_EXCEEDED;E_ROOT_AUTHORITY_EXCEEDED;E_ROOT_OPERATION_NOT_GRANTED;E_ROOT_SCOPE_EXCEEDED;E_UNDISCHARGED_ASSUMPTION:0:root-authenticated;E_UNDISCHARGED_ASSUMPTION:1:memory-context-preserved;E_UNDISCHARGED_ASSUMPTION:2:policy-authorized
NoSubjectBinding,attack:devops:ROOT_SCOPE_EXCEEDED:502000,devops,ROOT_SCOPE_EXCEEDED,False,0,DENY,E_ROOT_ACTION_SCOPE_EXCEEDED;E_ROOT_SCOPE_EXCEEDED;E_UNDISCHARGED_ASSUMPTION:0:root-authenticated;E_UNDISCHARGED_ASSUMPTION:1:memory-context-preserved;E_UNDISCHARGED_ASSUMPTION:2:policy-authorized
NoSubjectBinding,attack:devops:ROOT_FIELD_CONSTRAINT_BYPASS:602000,devops,ROOT_FIELD_CONSTRAINT_BYPASS,False,0,DENY,E_ROOT_FIELD_CONSTRAINT:/action/parameters/commit;E_UNDISCHARGED_ASSUMPTION:0:root-authenticated;E_UNDISCHARGED_ASSUMPTION:1:memory-context-preserved;E_UNDISCHARGED_ASSUMPTION:2:policy-authorized
NoSubjectBinding,attack:devops:PRINCIPAL_SUBSTITUTION:702000,devops,PRINCIPAL_SUBSTITUTION,False,0,DENY,E_NOT_PRESERVED:2:/context/principal
NoSubjectBinding,attack:devops:AUTHORITY_AMPLIFICATION:802000,devops,AUTHORITY_AMPLIFICATION,False,0,DENY,E_AUTHORITY_AMPLIFICATION:0;E_DELEGATION_WIDENING:0;E_ILLEGAL_TRANSFORM:0:/context/authority;E_ILLEGAL_TRANSFORM:0:/context/delegation_scope;E_NOT_PRESERVED:0:/action/destination;E_NOT_PRESERVED:0:/action/function;E_NOT_PRESERVED:0:/action/operation;E_NOT_PRESERVED:0:/action/resource;E_UNDISCHARGED_ASSUMPTION:1:memory-context-preserved;E_UNDISCHARGED_ASSUMPTION:2:policy-authorized
NoSubjectBinding,attack:devops:DELEGATION_WIDENING:902000,devops,DELEGATION_WIDENING,False,0,DENY,E_DELEGATION_WIDENING:0;E_ILLEGAL_TRANSFORM:0:/context/delegation_scope;E_NOT_PRESERVED:0:/action/resource;E_UNDISCHARGED_ASSUMPTION:1:memory-context-preserved;E_UNDISCHARGED_ASSUMPTION:2:policy-authorized
NoSubjectBinding,attack:devops:ARGUMENT_MUTATION:1002000,devops,ARGUMENT_MUTATION,False,0,DENY,E_NOT_PRESERVED:2:/action/parameters/environment
NoSubjectBinding,attack:devops:DESTINATION_SUBSTITUTION:1102000,devops,DESTINATION_SUBSTITUTION,False,0,DENY,E_UNTRUSTED_TRANSFORM_ISSUER:adapter:/action/destination
NoSubjectBinding,attack:devops:TOOL_SERVER_SWAP:1202000,devops,TOOL_SERVER_SWAP,False,0,DENY,E_NOT_PRESERVED:2:/action/server_id;E_NOT_PRESERVED:2:/action/tool_manifest_digest;E_UNTRUSTED_TOOL_MANIFEST
NoSubjectBinding,attack:devops:POLICY_DOWNGRADE:1302000,devops,POLICY_DOWNGRADE,False,0,DENY,E_GUARANTEE_FALSE:2:policy_matches;E_ILLEGAL_TRANSFORM:2:/context/policy_digest;E_ILLEGAL_TRANSFORM:2:/context/policy_epoch;E_POLICY_DOWNGRADE:2;E_STALE_POLICY
NoSubjectBinding,attack:devops:NONCE_REPLAY:1402000,devops,NONCE_REPLAY,False,1,EXECUTE_ONCE,EXECUTED;IDEMPOTENT_REPLAY
NoSubjectBinding,attack:devops:ALTERNATE_PATH:1502000,devops,ALTERNATE_PATH,False,0,DENY,E_UNMEDIATED_PATH
NoSubjectBinding,attack:devops:MEMORY_LAUNDERING:1602000,devops,MEMORY_LAUNDERING,False,0,DENY,E_NOT_PRESERVED:0:/context/protected_field_sources;E_NOT_PRESERVED:0:/context/source_classes;E_UNDISCHARGED_ASSUMPTION:1:memory-context-preserved;E_UNDISCHARGED_ASSUMPTION:2:policy-authorized;E_UNRELEASED_FIELD:/action/parameters/commit
NoSubjectBinding,attack:devops:TAINT_DOWNGRADE:1702000,devops,TAINT_DOWNGRADE,False,0,DENY,E_ILLEGAL_TRANSFORM:0:/context/taint;E_TAINT_DOWNGRADE:0;E_UNDISCHARGED_ASSUMPTION:1:memory-context-preserved;E_UNDISCHARGED_ASSUMPTION:2:policy-authorized;E_UNTRACKED_DATA_CLASS
NoSubjectBinding,attack:devops:EFFECT_CLASS_DOWNGRADE:1802000,devops,EFFECT_CLASS_DOWNGRADE,False,0,DENY,E_NOT_PRESERVED:2:/action/effect_class
NoSubjectBinding,attack:devops:CONTEXT_ROOT_OMISSION:1902000,devops,CONTEXT_ROOT_OMISSION,False,0,DENY,E_CONTEXT_ROOT;E_ENSURED_FIELD_MISSING:2:/context/context_root;E_NOT_PRESERVED:2:/context/context_root
NoSubjectBinding,attack:devops:RETRY_DUPLICATE:2002000,devops,RETRY_DUPLICATE,False,1,EXECUTE_ONCE,EXECUTED;IDEMPOTENT_REPLAY
NoSubjectBinding,attack:devops:UNAUTHORISED_STAGE_SIGNER:2102000,devops,UNAUTHORISED_STAGE_SIGNER,False,0,DENY,E_UNAUTHORISED_PREDECESSOR:1;E_UNAUTHORISED_STAGE_SIGNER:0;E_UNDISCHARGED_ASSUMPTION:1:memory-context-preserved;E_UNDISCHARGED_ASSUMPTION:2:policy-authorized
NoSubjectBinding,attack:devops:RECEIPT_PRODUCER_MISMATCH:2202000,devops,RECEIPT_PRODUCER_MISMATCH,False,0,DENY,E_RECEIPT_PRODUCER_MISMATCH:0;E_UNAUTHORISED_STAGE_SIGNER:0;E_UNDISCHARGED_ASSUMPTION:1:memory-context-preserved;E_UNDISCHARGED_ASSUMPTION:2:policy-authorized
NoSubjectBinding,attack:devops:MISSING_TRANSFORM_WITNESS:2302000,devops,MISSING_TRANSFORM_WITNESS,False,0,DENY,E_MISSING_TRANSFORM_WITNESS:2:/action/destination
NoSubjectBinding,attack:devops:INVALID_TRANSFORM_WITNESS:2402000,devops,INVALID_TRANSFORM_WITNESS,False,0,DENY,E_TRANSFORM_AFTER_MISMATCH:adapter:/action/destination;E_TRANSFORM_RELATION_FALSE:adapter:/action/destination
NoSubjectBinding,attack:devops:RELEASE_PREDICATE_BYPASS:2502000,devops,RELEASE_PREDICATE_BYPASS,False,0,DENY,E_INVALID_RELEASE:/action/parameters/commit
NoSubjectBinding,attack:devops:RELEASE_VALUE_SUBSTITUTION:2602000,devops,RELEASE_VALUE_SUBSTITUTION,False,0,DENY,E_INVALID_RELEASE:/action/parameters/commit
NoSubjectBinding,attack:devops:EXPIRED_RELEASE:2702000,devops,EXPIRED_RELEASE,False,0,DENY,E_EXPIRED_RELEASE:release:devops:attack:EXPIRED_RELEASE:2702000
NoSubjectBinding,attack:devops:SUBJECT_SUBSTITUTION:2802000,devops,SUBJECT_SUBSTITUTION,True,1,EXECUTE,EXECUTED
NoSubjectBinding,attack:devops:POST_PERMIT_ACTION_SUBSTITUTION:2902000,devops,POST_PERMIT_ACTION_SUBSTITUTION,False,0,DENY,E_ACTION_SUBSTITUTION
NoSubjectBinding,attack:devops:REVOKED_GRANT:3002000,devops,REVOKED_GRANT,False,0,DENY,E_REVOKED_AT_FINALITY
NoSubjectBinding,attack:devops:CONTRACT_GUARANTEE_VIOLATION:3102000,devops,CONTRACT_GUARANTEE_VIOLATION,False,0,DENY,E_GUARANTEE_FALSE:2:canonical_destination
NoSubjectBinding,attack:multiagent:UNTRUSTED_FIELD_BINDING:3000,multiagent,UNTRUSTED_FIELD_BINDING,False,0,ESCALATE,E_UNRELEASED_FIELD:/action/parameters/capability
NoSubjectBinding,attack:multiagent:DROP_PROVENANCE:103000,multiagent,DROP_PROVENANCE,False,0,DENY,E_ENSURED_FIELD_MISSING:2:/context/protected_field_sources;E_ENSURED_FIELD_MISSING:2:/context/provenance_root;E_NOT_PRESERVED:2:/context/protected_field_sources;E_NOT_PRESERVED:2:/context/provenance_root;E_PROVENANCE_CONTEXT
NoSubjectBinding,attack:multiagent:PROVENANCE_VALUE_SUBSTITUTION:203000,multiagent,PROVENANCE_VALUE_SUBSTITUTION,False,0,DENY,E_PROVENANCE_VALUE_MISMATCH:/action/parameters/capability;E_UNDISCHARGED_ASSUMPTION:0:provenance-authenticated;E_UNDISCHARGED_ASSUMPTION:1:memory-context-preserved;E_UNDISCHARGED_ASSUMPTION:2:policy-authorized
NoSubjectBinding,attack:multiagent:UNTRUSTED_ROOT_PRODUCER:303000,multiagent,UNTRUSTED_ROOT_PRODUCER,False,0,DENY,E_UNDISCHARGED_ASSUMPTION:0:root-authenticated;E_UNDISCHARGED_ASSUMPTION:1:memory-context-preserved;E_UNDISCHARGED_ASSUMPTION:2:policy-authorized;E_UNTRUSTED_ROOT;E_UNTRUSTED_ROOT_ISSUER
NoSubjectBinding,attack:multiagent:ROOT_AUTHORITY_EXCEEDED:403000,multiagent,ROOT_AUTHORITY_EXCEEDED,False,0,DENY,E_ROOT_ACTION_SCOPE_EXCEEDED;E_ROOT_AUTHORITY_EXCEEDED;E_ROOT_OPERATION_NOT_GRANTED;E_ROOT_SCOPE_EXCEEDED;E_UNDISCHARGED_ASSUMPTION:0:root-authenticated;E_UNDISCHARGED_ASSUMPTION:1:memory-context-preserved;E_UNDISCHARGED_ASSUMPTION:2:policy-authorized
NoSubjectBinding,attack:multiagent:ROOT_SCOPE_EXCEEDED:503000,multiagent,ROOT_SCOPE_EXCEEDED,False,0,DENY,E_ROOT_ACTION_SCOPE_EXCEEDED;E_ROOT_SCOPE_EXCEEDED;E_UNDISCHARGED_ASSUMPTION:0:root-authenticated;E_UNDISCHARGED_ASSUMPTION:1:memory-context-preserved;E_UNDISCHARGED_ASSUMPTION:2:policy-authorized
NoSubjectBinding,attack:multiagent:ROOT_FIELD_CONSTRAINT_BYPASS:603000,multiagent,ROOT_FIELD_CONSTRAINT_BYPASS,False,0,DENY,E_ROOT_FIELD_CONSTRAINT:/action/parameters/capability;E_UNDISCHARGED_ASSUMPTION:0:root-authenticated;E_UNDISCHARGED_ASSUMPTION:1:memory-context-preserved;E_UNDISCHARGED_ASSUMPTION:2:policy-authorized
NoSubjectBinding,attack:multiagent:PRINCIPAL_SUBSTITUTION:703000,multiagent,PRINCIPAL_SUBSTITUTION,False,0,DENY,E_NOT_PRESERVED:2:/context/principal
NoSubjectBinding,attack:multiagent:AUTHORITY_AMPLIFICATION:803000,multiagent,AUTHORITY_AMPLIFICATION,False,0,DENY,E_AUTHORITY_AMPLIFICATION:0;E_DELEGATION_WIDENING:0;E_ILLEGAL_TRANSFORM:0:/context/authority;E_ILLEGAL_TRANSFORM:0:/context/delegation_scope;E_NOT_PRESERVED:0:/action/destination;E_NOT_PRESERVED:0:/action/function;E_NOT_PRESERVED:0:/action/operation;E_NOT_PRESERVED:0:/action/resource;E_UNDISCHARGED_ASSUMPTION:1:memory-context-preserved;E_UNDISCHARGED_ASSUMPTION:2:policy-authorized
NoSubjectBinding,attack:multiagent:DELEGATION_WIDENING:903000,multiagent,DELEGATION_WIDENING,False,0,DENY,E_DELEGATION_WIDENING:0;E_ILLEGAL_TRANSFORM:0:/context/delegation_scope;E_NOT_PRESERVED:0:/action/resource;E_UNDISCHARGED_ASSUMPTION:1:memory-context-preserved;E_UNDISCHARGED_ASSUMPTION:2:policy-authorized
NoSubjectBinding,attack:multiagent:ARGUMENT_MUTATION:1003000,multiagent,ARGUMENT_MUTATION,False,0,DENY,E_NOT_PRESERVED:2:/action/parameters/max_depth
NoSubjectBinding,attack:multiagent:DESTINATION_SUBSTITUTION:1103000,multiagent,DESTINATION_SUBSTITUTION,False,0,DENY,E_UNTRUSTED_TRANSFORM_ISSUER:adapter:/action/destination
NoSubjectBinding,attack:multiagent:TOOL_SERVER_SWAP:1203000,multiagent,TOOL_SERVER_SWAP,False,0,DENY,E_NOT_PRESERVED:2:/action/server_id;E_NOT_PRESERVED:2:/action/tool_manifest_digest;E_UNTRUSTED_TOOL_MANIFEST
NoSubjectBinding,attack:multiagent:POLICY_DOWNGRADE:1303000,multiagent,POLICY_DOWNGRADE,False,0,DENY,E_GUARANTEE_FALSE:2:policy_matches;E_ILLEGAL_TRANSFORM:2:/context/policy_digest;E_ILLEGAL_TRANSFORM:2:/context/policy_epoch;E_POLICY_DOWNGRADE:2;E_STALE_POLICY
NoSubjectBinding,attack:multiagent:NONCE_REPLAY:1403000,multiagent,NONCE_REPLAY,False,1,EXECUTE_ONCE,EXECUTED;IDEMPOTENT_REPLAY
NoSubjectBinding,attack:multiagent:ALTERNATE_PATH:1503000,multiagent,ALTERNATE_PATH,False,0,DENY,E_UNMEDIATED_PATH
NoSubjectBinding,attack:multiagent:MEMORY_LAUNDERING:1603000,multiagent,MEMORY_LAUNDERING,False,0,DENY,E_NOT_PRESERVED:0:/context/protected_field_sources;E_NOT_PRESERVED:0:/context/source_classes;E_UNDISCHARGED_ASSUMPTION:1:memory-context-preserved;E_UNDISCHARGED_ASSUMPTION:2:policy-authorized;E_UNRELEASED_FIELD:/action/parameters/capability
NoSubjectBinding,attack:multiagent:TAINT_DOWNGRADE:1703000,multiagent,TAINT_DOWNGRADE,False,0,DENY,E_ILLEGAL_TRANSFORM:0:/context/taint;E_TAINT_DOWNGRADE:0;E_UNDISCHARGED_ASSUMPTION:1:memory-context-preserved;E_UNDISCHARGED_ASSUMPTION:2:policy-authorized;E_UNTRACKED_DATA_CLASS
NoSubjectBinding,attack:multiagent:EFFECT_CLASS_DOWNGRADE:1803000,multiagent,EFFECT_CLASS_DOWNGRADE,False,0,DENY,E_NOT_PRESERVED:2:/action/effect_class
NoSubjectBinding,attack:multiagent:CONTEXT_ROOT_OMISSION:1903000,multiagent,CONTEXT_ROOT_OMISSION,False,0,DENY,E_CONTEXT_ROOT;E_ENSURED_FIELD_MISSING:2:/context/context_root;E_NOT_PRESERVED:2:/context/context_root
NoSubjectBinding,attack:multiagent:RETRY_DUPLICATE:2003000,multiagent,RETRY_DUPLICATE,False,1,EXECUTE_ONCE,EXECUTED;IDEMPOTENT_REPLAY
NoSubjectBinding,attack:multiagent:UNAUTHORISED_STAGE_SIGNER:2103000,multiagent,UNAUTHORISED_STAGE_SIGNER,False,0,DENY,E_UNAUTHORISED_PREDECESSOR:1;E_UNAUTHORISED_STAGE_SIGNER:0;E_UNDISCHARGED_ASSUMPTION:1:memory-context-preserved;E_UNDISCHARGED_ASSUMPTION:2:policy-authorized
NoSubjectBinding,attack:multiagent:RECEIPT_PRODUCER_MISMATCH:2203000,multiagent,RECEIPT_PRODUCER_MISMATCH,False,0,DENY,E_RECEIPT_PRODUCER_MISMATCH:0;E_UNAUTHORISED_STAGE_SIGNER:0;E_UNDISCHARGED_ASSUMPTION:1:memory-context-preserved;E_UNDISCHARGED_ASSUMPTION:2:policy-authorized
NoSubjectBinding,attack:multiagent:MISSING_TRANSFORM_WITNESS:2303000,multiagent,MISSING_TRANSFORM_WITNESS,False,0,DENY,E_MISSING_TRANSFORM_WITNESS:2:/action/destination
NoSubjectBinding,attack:multiagent:INVALID_TRANSFORM_WITNESS:2403000,multiagent,INVALID_TRANSFORM_WITNESS,False,0,DENY,E_TRANSFORM_AFTER_MISMATCH:adapter:/action/destination;E_TRANSFORM_RELATION_FALSE:adapter:/action/destination
NoSubjectBinding,attack:multiagent:RELEASE_PREDICATE_BYPASS:2503000,multiagent,RELEASE_PREDICATE_BYPASS,False,0,DENY,E_INVALID_RELEASE:/action/parameters/capability
NoSubjectBinding,attack:multiagent:RELEASE_VALUE_SUBSTITUTION:2603000,multiagent,RELEASE_VALUE_SUBSTITUTION,False,0,DENY,E_INVALID_RELEASE:/action/parameters/capability
NoSubjectBinding,attack:multiagent:EXPIRED_RELEASE:2703000,multiagent,EXPIRED_RELEASE,False,0,DENY,E_EXPIRED_RELEASE:release:multiagent:attack:EXPIRED_RELEASE:2703000
NoSubjectBinding,attack:multiagent:SUBJECT_SUBSTITUTION:2803000,multiagent,SUBJECT_SUBSTITUTION,True,1,EXECUTE,EXECUTED
NoSubjectBinding,attack:multiagent:POST_PERMIT_ACTION_SUBSTITUTION:2903000,multiagent,POST_PERMIT_ACTION_SUBSTITUTION,False,0,DENY,E_ACTION_SUBSTITUTION
NoSubjectBinding,attack:multiagent:REVOKED_GRANT:3003000,multiagent,REVOKED_GRANT,False,0,DENY,E_REVOKED_AT_FINALITY
NoSubjectBinding,attack:multiagent:CONTRACT_GUARANTEE_VIOLATION:3103000,multiagent,CONTRACT_GUARANTEE_VIOLATION,False,0,DENY,E_GUARANTEE_FALSE:2:canonical_destination
NoRevocationRecheck,attack:workspace:UNTRUSTED_FIELD_BINDING:0,workspace,UNTRUSTED_FIELD_BINDING,False,0,ESCALATE,E_UNRELEASED_FIELD:/action/destination
NoRevocationRecheck,attack:workspace:DROP_PROVENANCE:100000,workspace,DROP_PROVENANCE,False,0,DENY,E_ENSURED_FIELD_MISSING:2:/context/protected_field_sources;E_ENSURED_FIELD_MISSING:2:/context/provenance_root;E_NOT_PRESERVED:2:/context/protected_field_sources;E_NOT_PRESERVED:2:/context/provenance_root;E_PROVENANCE_CONTEXT
NoRevocationRecheck,attack:workspace:PROVENANCE_VALUE_SUBSTITUTION:200000,workspace,PROVENANCE_VALUE_SUBSTITUTION,False,0,DENY,E_PROVENANCE_VALUE_MISMATCH:/action/destination;E_UNDISCHARGED_ASSUMPTION:0:provenance-authenticated;E_UNDISCHARGED_ASSUMPTION:1:memory-context-preserved;E_UNDISCHARGED_ASSUMPTION:2:policy-authorized
NoRevocationRecheck,attack:workspace:UNTRUSTED_ROOT_PRODUCER:300000,workspace,UNTRUSTED_ROOT_PRODUCER,False,0,DENY,E_UNDISCHARGED_ASSUMPTION:0:root-authenticated;E_UNDISCHARGED_ASSUMPTION:1:memory-context-preserved;E_UNDISCHARGED_ASSUMPTION:2:policy-authorized;E_UNTRUSTED_ROOT;E_UNTRUSTED_ROOT_ISSUER
NoRevocationRecheck,attack:workspace:ROOT_AUTHORITY_EXCEEDED:400000,workspace,ROOT_AUTHORITY_EXCEEDED,False,0,DENY,E_ROOT_ACTION_SCOPE_EXCEEDED;E_ROOT_AUTHORITY_EXCEEDED;E_ROOT_OPERATION_NOT_GRANTED;E_ROOT_SCOPE_EXCEEDED;E_UNDISCHARGED_ASSUMPTION:0:root-authenticated;E_UNDISCHARGED_ASSUMPTION:1:memory-context-preserved;E_UNDISCHARGED_ASSUMPTION:2:policy-authorized
NoRevocationRecheck,attack:workspace:ROOT_SCOPE_EXCEEDED:500000,workspace,ROOT_SCOPE_EXCEEDED,False,0,DENY,E_ROOT_ACTION_SCOPE_EXCEEDED;E_ROOT_SCOPE_EXCEEDED;E_UNDISCHARGED_ASSUMPTION:0:root-authenticated;E_UNDISCHARGED_ASSUMPTION:1:memory-context-preserved;E_UNDISCHARGED_ASSUMPTION:2:policy-authorized
NoRevocationRecheck,attack:workspace:ROOT_FIELD_CONSTRAINT_BYPASS:600000,workspace,ROOT_FIELD_CONSTRAINT_BYPASS,False,0,DENY,E_ROOT_FIELD_CONSTRAINT:/action/destination;E_UNDISCHARGED_ASSUMPTION:0:root-authenticated;E_UNDISCHARGED_ASSUMPTION:1:memory-context-preserved;E_UNDISCHARGED_ASSUMPTION:2:policy-authorized
NoRevocationRecheck,attack:workspace:PRINCIPAL_SUBSTITUTION:700000,workspace,PRINCIPAL_SUBSTITUTION,False,0,DENY,E_NOT_PRESERVED:2:/context/principal
NoRevocationRecheck,attack:workspace:AUTHORITY_AMPLIFICATION:800000,workspace,AUTHORITY_AMPLIFICATION,False,0,DENY,E_AUTHORITY_AMPLIFICATION:0;E_DELEGATION_WIDENING:0;E_ILLEGAL_TRANSFORM:0:/context/authority;E_ILLEGAL_TRANSFORM:0:/context/delegation_scope;E_NOT_PRESERVED:0:/action/destination;E_NOT_PRESERVED:0:/action/function;E_NOT_PRESERVED:0:/action/operation;E_NOT_PRESERVED:0:/action/resource;E_UNDISCHARGED_ASSUMPTION:1:memory-context-preserved;E_UNDISCHARGED_ASSUMPTION:2:policy-authorized
NoRevocationRecheck,attack:workspace:DELEGATION_WIDENING:900000,workspace,DELEGATION_WIDENING,False,0,DENY,E_DELEGATION_WIDENING:0;E_ILLEGAL_TRANSFORM:0:/context/delegation_scope;E_NOT_PRESERVED:0:/action/resource;E_UNDISCHARGED_ASSUMPTION:1:memory-context-preserved;E_UNDISCHARGED_ASSUMPTION:2:policy-authorized
NoRevocationRecheck,attack:workspace:ARGUMENT_MUTATION:1000000,workspace,ARGUMENT_MUTATION,False,0,DENY,E_NOT_PRESERVED:2:/action/parameters/body
NoRevocationRecheck,attack:workspace:DESTINATION_SUBSTITUTION:1100000,workspace,DESTINATION_SUBSTITUTION,False,0,DENY,E_UNTRUSTED_TRANSFORM_ISSUER:adapter:/action/destination
NoRevocationRecheck,attack:workspace:TOOL_SERVER_SWAP:1200000,workspace,TOOL_SERVER_SWAP,False,0,DENY,E_NOT_PRESERVED:2:/action/server_id;E_NOT_PRESERVED:2:/action/tool_manifest_digest;E_UNTRUSTED_TOOL_MANIFEST
NoRevocationRecheck,attack:workspace:POLICY_DOWNGRADE:1300000,workspace,POLICY_DOWNGRADE,False,0,DENY,E_GUARANTEE_FALSE:2:policy_matches;E_ILLEGAL_TRANSFORM:2:/context/policy_digest;E_ILLEGAL_TRANSFORM:2:/context/policy_epoch;E_POLICY_DOWNGRADE:2;E_STALE_POLICY
NoRevocationRecheck,attack:workspace:NONCE_REPLAY:1400000,workspace,NONCE_REPLAY,False,1,EXECUTE_ONCE,EXECUTED;IDEMPOTENT_REPLAY
NoRevocationRecheck,attack:workspace:ALTERNATE_PATH:1500000,workspace,ALTERNATE_PATH,False,0,DENY,E_UNMEDIATED_PATH
NoRevocationRecheck,attack:workspace:MEMORY_LAUNDERING:1600000,workspace,MEMORY_LAUNDERING,False,0,DENY,E_NOT_PRESERVED:0:/context/protected_field_sources;E_NOT_PRESERVED:0:/context/source_classes;E_UNDISCHARGED_ASSUMPTION:1:memory-context-preserved;E_UNDISCHARGED_ASSUMPTION:2:policy-authorized;E_UNRELEASED_FIELD:/action/destination
NoRevocationRecheck,attack:workspace:TAINT_DOWNGRADE:1700000,workspace,TAINT_DOWNGRADE,False,0,DENY,E_ILLEGAL_TRANSFORM:0:/context/taint;E_TAINT_DOWNGRADE:0;E_UNDISCHARGED_ASSUMPTION:1:memory-context-preserved;E_UNDISCHARGED_ASSUMPTION:2:policy-authorized;E_UNTRACKED_DATA_CLASS
NoRevocationRecheck,attack:workspace:EFFECT_CLASS_DOWNGRADE:1800000,workspace,EFFECT_CLASS_DOWNGRADE,False,0,DENY,E_NOT_PRESERVED:2:/action/effect_class
NoRevocationRecheck,attack:workspace:CONTEXT_ROOT_OMISSION:1900000,workspace,CONTEXT_ROOT_OMISSION,False,0,DENY,E_CONTEXT_ROOT;E_ENSURED_FIELD_MISSING:2:/context/context_root;E_NOT_PRESERVED:2:/context/context_root
NoRevocationRecheck,attack:workspace:RETRY_DUPLICATE:2000000,workspace,RETRY_DUPLICATE,False,1,EXECUTE_ONCE,EXECUTED;IDEMPOTENT_REPLAY
NoRevocationRecheck,attack:workspace:UNAUTHORISED_STAGE_SIGNER:2100000,workspace,UNAUTHORISED_STAGE_SIGNER,False,0,DENY,E_UNAUTHORISED_PREDECESSOR:1;E_UNAUTHORISED_STAGE_SIGNER:0;E_UNDISCHARGED_ASSUMPTION:1:memory-context-preserved;E_UNDISCHARGED_ASSUMPTION:2:policy-authorized
NoRevocationRecheck,attack:workspace:RECEIPT_PRODUCER_MISMATCH:2200000,workspace,RECEIPT_PRODUCER_MISMATCH,False,0,DENY,E_RECEIPT_PRODUCER_MISMATCH:0;E_UNAUTHORISED_STAGE_SIGNER:0;E_UNDISCHARGED_ASSUMPTION:1:memory-context-preserved;E_UNDISCHARGED_ASSUMPTION:2:policy-authorized
NoRevocationRecheck,attack:workspace:MISSING_TRANSFORM_WITNESS:2300000,workspace,MISSING_TRANSFORM_WITNESS,False,0,DENY,E_MISSING_TRANSFORM_WITNESS:2:/action/destination
NoRevocationRecheck,attack:workspace:INVALID_TRANSFORM_WITNESS:2400000,workspace,INVALID_TRANSFORM_WITNESS,False,0,DENY,E_TRANSFORM_AFTER_MISMATCH:adapter:/action/destination;E_TRANSFORM_RELATION_FALSE:adapter:/action/destination
NoRevocationRecheck,attack:workspace:RELEASE_PREDICATE_BYPASS:2500000,workspace,RELEASE_PREDICATE_BYPASS,False,0,DENY,E_INVALID_RELEASE:/action/destination
NoRevocationRecheck,attack:workspace:RELEASE_VALUE_SUBSTITUTION:2600000,workspace,RELEASE_VALUE_SUBSTITUTION,False,0,DENY,E_INVALID_RELEASE:/action/destination
NoRevocationRecheck,attack:workspace:EXPIRED_RELEASE:2700000,workspace,EXPIRED_RELEASE,False,0,DENY,E_EXPIRED_RELEASE:release:workspace:attack:EXPIRED_RELEASE:2700000
NoRevocationRecheck,attack:workspace:SUBJECT_SUBSTITUTION:2800000,workspace,SUBJECT_SUBSTITUTION,False,0,DENY,E_SUBJECT_SUBSTITUTION
NoRevocationRecheck,attack:workspace:POST_PERMIT_ACTION_SUBSTITUTION:2900000,workspace,POST_PERMIT_ACTION_SUBSTITUTION,False,0,DENY,E_ACTION_SUBSTITUTION
NoRevocationRecheck,attack:workspace:REVOKED_GRANT:3000000,workspace,REVOKED_GRANT,True,1,EXECUTE,EXECUTED
NoRevocationRecheck,attack:workspace:CONTRACT_GUARANTEE_VIOLATION:3100000,workspace,CONTRACT_GUARANTEE_VIOLATION,False,0,DENY,E_GUARANTEE_FALSE:2:canonical_destination
NoRevocationRecheck,attack:finance:UNTRUSTED_FIELD_BINDING:1000,finance,UNTRUSTED_FIELD_BINDING,False,0,ESCALATE,E_UNRELEASED_FIELD:/action/parameters/amount_cents
NoRevocationRecheck,attack:finance:DROP_PROVENANCE:101000,finance,DROP_PROVENANCE,False,0,DENY,E_ENSURED_FIELD_MISSING:2:/context/protected_field_sources;E_ENSURED_FIELD_MISSING:2:/context/provenance_root;E_NOT_PRESERVED:2:/context/protected_field_sources;E_NOT_PRESERVED:2:/context/provenance_root;E_PROVENANCE_CONTEXT
NoRevocationRecheck,attack:finance:PROVENANCE_VALUE_SUBSTITUTION:201000,finance,PROVENANCE_VALUE_SUBSTITUTION,False,0,DENY,E_PROVENANCE_VALUE_MISMATCH:/action/parameters/amount_cents;E_UNDISCHARGED_ASSUMPTION:0:provenance-authenticated;E_UNDISCHARGED_ASSUMPTION:1:memory-context-preserved;E_UNDISCHARGED_ASSUMPTION:2:policy-authorized
NoRevocationRecheck,attack:finance:UNTRUSTED_ROOT_PRODUCER:301000,finance,UNTRUSTED_ROOT_PRODUCER,False,0,DENY,E_UNDISCHARGED_ASSUMPTION:0:root-authenticated;E_UNDISCHARGED_ASSUMPTION:1:memory-context-preserved;E_UNDISCHARGED_ASSUMPTION:2:policy-authorized;E_UNTRUSTED_ROOT;E_UNTRUSTED_ROOT_ISSUER
NoRevocationRecheck,attack:finance:ROOT_AUTHORITY_EXCEEDED:401000,finance,ROOT_AUTHORITY_EXCEEDED,False,0,DENY,E_ROOT_ACTION_SCOPE_EXCEEDED;E_ROOT_AUTHORITY_EXCEEDED;E_ROOT_OPERATION_NOT_GRANTED;E_ROOT_SCOPE_EXCEEDED;E_UNDISCHARGED_ASSUMPTION:0:root-authenticated;E_UNDISCHARGED_ASSUMPTION:1:memory-context-preserved;E_UNDISCHARGED_ASSUMPTION:2:policy-authorized
NoRevocationRecheck,attack:finance:ROOT_SCOPE_EXCEEDED:501000,finance,ROOT_SCOPE_EXCEEDED,False,0,DENY,E_ROOT_ACTION_SCOPE_EXCEEDED;E_ROOT_SCOPE_EXCEEDED;E_UNDISCHARGED_ASSUMPTION:0:root-authenticated;E_UNDISCHARGED_ASSUMPTION:1:memory-context-preserved;E_UNDISCHARGED_ASSUMPTION:2:policy-authorized
NoRevocationRecheck,attack:finance:ROOT_FIELD_CONSTRAINT_BYPASS:601000,finance,ROOT_FIELD_CONSTRAINT_BYPASS,False,0,DENY,E_ROOT_FIELD_CONSTRAINT:/action/parameters/amount_cents;E_UNDISCHARGED_ASSUMPTION:0:root-authenticated;E_UNDISCHARGED_ASSUMPTION:1:memory-context-preserved;E_UNDISCHARGED_ASSUMPTION:2:policy-authorized
NoRevocationRecheck,attack:finance:PRINCIPAL_SUBSTITUTION:701000,finance,PRINCIPAL_SUBSTITUTION,False,0,DENY,E_NOT_PRESERVED:2:/context/principal
NoRevocationRecheck,attack:finance:AUTHORITY_AMPLIFICATION:801000,finance,AUTHORITY_AMPLIFICATION,False,0,DENY,E_AUTHORITY_AMPLIFICATION:0;E_DELEGATION_WIDENING:0;E_ILLEGAL_TRANSFORM:0:/context/authority;E_ILLEGAL_TRANSFORM:0:/context/delegation_scope;E_NOT_PRESERVED:0:/action/destination;E_NOT_PRESERVED:0:/action/function;E_NOT_PRESERVED:0:/action/operation;E_NOT_PRESERVED:0:/action/resource;E_UNDISCHARGED_ASSUMPTION:1:memory-context-preserved;E_UNDISCHARGED_ASSUMPTION:2:policy-authorized
NoRevocationRecheck,attack:finance:DELEGATION_WIDENING:901000,finance,DELEGATION_WIDENING,False,0,DENY,E_DELEGATION_WIDENING:0;E_ILLEGAL_TRANSFORM:0:/context/delegation_scope;E_NOT_PRESERVED:0:/action/resource;E_UNDISCHARGED_ASSUMPTION:1:memory-context-preserved;E_UNDISCHARGED_ASSUMPTION:2:policy-authorized
NoRevocationRecheck,attack:finance:ARGUMENT_MUTATION:1001000,finance,ARGUMENT_MUTATION,False,0,DENY,E_NOT_PRESERVED:2:/action/parameters/amount_cents
NoRevocationRecheck,attack:finance:DESTINATION_SUBSTITUTION:1101000,finance,DESTINATION_SUBSTITUTION,False,0,DENY,E_UNTRUSTED_TRANSFORM_ISSUER:adapter:/action/destination
NoRevocationRecheck,attack:finance:TOOL_SERVER_SWAP:1201000,finance,TOOL_SERVER_SWAP,False,0,DENY,E_NOT_PRESERVED:2:/action/server_id;E_NOT_PRESERVED:2:/action/tool_manifest_digest;E_UNTRUSTED_TOOL_MANIFEST
NoRevocationRecheck,attack:finance:POLICY_DOWNGRADE:1301000,finance,POLICY_DOWNGRADE,False,0,DENY,E_GUARANTEE_FALSE:2:policy_matches;E_ILLEGAL_TRANSFORM:2:/context/policy_digest;E_ILLEGAL_TRANSFORM:2:/context/policy_epoch;E_POLICY_DOWNGRADE:2;E_STALE_POLICY
NoRevocationRecheck,attack:finance:NONCE_REPLAY:1401000,finance,NONCE_REPLAY,False,1,EXECUTE_ONCE,EXECUTED;IDEMPOTENT_REPLAY
NoRevocationRecheck,attack:finance:ALTERNATE_PATH:1501000,finance,ALTERNATE_PATH,False,0,DENY,E_UNMEDIATED_PATH
NoRevocationRecheck,attack:finance:MEMORY_LAUNDERING:1601000,finance,MEMORY_LAUNDERING,False,0,DENY,E_NOT_PRESERVED:0:/context/protected_field_sources;E_NOT_PRESERVED:0:/context/source_classes;E_UNDISCHARGED_ASSUMPTION:1:memory-context-preserved;E_UNDISCHARGED_ASSUMPTION:2:policy-authorized;E_UNRELEASED_FIELD:/action/parameters/amount_cents
NoRevocationRecheck,attack:finance:TAINT_DOWNGRADE:1701000,finance,TAINT_DOWNGRADE,False,0,DENY,E_ILLEGAL_TRANSFORM:0:/context/taint;E_TAINT_DOWNGRADE:0;E_UNDISCHARGED_ASSUMPTION:1:memory-context-preserved;E_UNDISCHARGED_ASSUMPTION:2:policy-authorized;E_UNTRACKED_DATA_CLASS
NoRevocationRecheck,attack:finance:EFFECT_CLASS_DOWNGRADE:1801000,finance,EFFECT_CLASS_DOWNGRADE,False,0,DENY,E_NOT_PRESERVED:2:/action/effect_class
NoRevocationRecheck,attack:finance:CONTEXT_ROOT_OMISSION:1901000,finance,CONTEXT_ROOT_OMISSION,False,0,DENY,E_CONTEXT_ROOT;E_ENSURED_FIELD_MISSING:2:/context/context_root;E_NOT_PRESERVED:2:/context/context_root
NoRevocationRecheck,attack:finance:RETRY_DUPLICATE:2001000,finance,RETRY_DUPLICATE,False,1,EXECUTE_ONCE,EXECUTED;IDEMPOTENT_REPLAY
NoRevocationRecheck,attack:finance:UNAUTHORISED_STAGE_SIGNER:2101000,finance,UNAUTHORISED_STAGE_SIGNER,False,0,DENY,E_UNAUTHORISED_PREDECESSOR:1;E_UNAUTHORISED_STAGE_SIGNER:0;E_UNDISCHARGED_ASSUMPTION:1:memory-context-preserved;E_UNDISCHARGED_ASSUMPTION:2:policy-authorized
NoRevocationRecheck,attack:finance:RECEIPT_PRODUCER_MISMATCH:2201000,finance,RECEIPT_PRODUCER_MISMATCH,False,0,DENY,E_RECEIPT_PRODUCER_MISMATCH:0;E_UNAUTHORISED_STAGE_SIGNER:0;E_UNDISCHARGED_ASSUMPTION:1:memory-context-preserved;E_UNDISCHARGED_ASSUMPTION:2:policy-authorized
NoRevocationRecheck,attack:finance:MISSING_TRANSFORM_WITNESS:2301000,finance,MISSING_TRANSFORM_WITNESS,False,0,DENY,E_MISSING_TRANSFORM_WITNESS:2:/action/destination
NoRevocationRecheck,attack:finance:INVALID_TRANSFORM_WITNESS:2401000,finance,INVALID_TRANSFORM_WITNESS,False,0,DENY,E_TRANSFORM_AFTER_MISMATCH:adapter:/action/destination;E_TRANSFORM_RELATION_FALSE:adapter:/action/destination
NoRevocationRecheck,attack:finance:RELEASE_PREDICATE_BYPASS:2501000,finance,RELEASE_PREDICATE_BYPASS,False,0,DENY,E_INVALID_RELEASE:/action/parameters/amount_cents
NoRevocationRecheck,attack:finance:RELEASE_VALUE_SUBSTITUTION:2601000,finance,RELEASE_VALUE_SUBSTITUTION,False,0,DENY,E_INVALID_RELEASE:/action/parameters/amount_cents
NoRevocationRecheck,attack:finance:EXPIRED_RELEASE:2701000,finance,EXPIRED_RELEASE,False,0,DENY,E_EXPIRED_RELEASE:release:finance:attack:EXPIRED_RELEASE:2701000
NoRevocationRecheck,attack:finance:SUBJECT_SUBSTITUTION:2801000,finance,SUBJECT_SUBSTITUTION,False,0,DENY,E_SUBJECT_SUBSTITUTION
NoRevocationRecheck,attack:finance:POST_PERMIT_ACTION_SUBSTITUTION:2901000,finance,POST_PERMIT_ACTION_SUBSTITUTION,False,0,DENY,E_ACTION_SUBSTITUTION
NoRevocationRecheck,attack:finance:REVOKED_GRANT:3001000,finance,REVOKED_GRANT,True,1,EXECUTE,EXECUTED
NoRevocationRecheck,attack:finance:CONTRACT_GUARANTEE_VIOLATION:3101000,finance,CONTRACT_GUARANTEE_VIOLATION,False,0,DENY,E_GUARANTEE_FALSE:2:canonical_destination
NoRevocationRecheck,attack:devops:UNTRUSTED_FIELD_BINDING:2000,devops,UNTRUSTED_FIELD_BINDING,False,0,ESCALATE,E_UNRELEASED_FIELD:/action/parameters/commit
NoRevocationRecheck,attack:devops:DROP_PROVENANCE:102000,devops,DROP_PROVENANCE,False,0,DENY,E_ENSURED_FIELD_MISSING:2:/context/protected_field_sources;E_ENSURED_FIELD_MISSING:2:/context/provenance_root;E_NOT_PRESERVED:2:/context/protected_field_sources;E_NOT_PRESERVED:2:/context/provenance_root;E_PROVENANCE_CONTEXT
NoRevocationRecheck,attack:devops:PROVENANCE_VALUE_SUBSTITUTION:202000,devops,PROVENANCE_VALUE_SUBSTITUTION,False,0,DENY,E_PROVENANCE_VALUE_MISMATCH:/action/parameters/commit;E_UNDISCHARGED_ASSUMPTION:0:provenance-authenticated;E_UNDISCHARGED_ASSUMPTION:1:memory-context-preserved;E_UNDISCHARGED_ASSUMPTION:2:policy-authorized
NoRevocationRecheck,attack:devops:UNTRUSTED_ROOT_PRODUCER:302000,devops,UNTRUSTED_ROOT_PRODUCER,False,0,DENY,E_UNDISCHARGED_ASSUMPTION:0:root-authenticated;E_UNDISCHARGED_ASSUMPTION:1:memory-context-preserved;E_UNDISCHARGED_ASSUMPTION:2:policy-authorized;E_UNTRUSTED_ROOT;E_UNTRUSTED_ROOT_ISSUER
NoRevocationRecheck,attack:devops:ROOT_AUTHORITY_EXCEEDED:402000,devops,ROOT_AUTHORITY_EXCEEDED,False,0,DENY,E_ROOT_ACTION_SCOPE_EXCEEDED;E_ROOT_AUTHORITY_EXCEEDED;E_ROOT_OPERATION_NOT_GRANTED;E_ROOT_SCOPE_EXCEEDED;E_UNDISCHARGED_ASSUMPTION:0:root-authenticated;E_UNDISCHARGED_ASSUMPTION:1:memory-context-preserved;E_UNDISCHARGED_ASSUMPTION:2:policy-authorized
NoRevocationRecheck,attack:devops:ROOT_SCOPE_EXCEEDED:502000,devops,ROOT_SCOPE_EXCEEDED,False,0,DENY,E_ROOT_ACTION_SCOPE_EXCEEDED;E_ROOT_SCOPE_EXCEEDED;E_UNDISCHARGED_ASSUMPTION:0:root-authenticated;E_UNDISCHARGED_ASSUMPTION:1:memory-context-preserved;E_UNDISCHARGED_ASSUMPTION:2:policy-authorized
NoRevocationRecheck,attack:devops:ROOT_FIELD_CONSTRAINT_BYPASS:602000,devops,ROOT_FIELD_CONSTRAINT_BYPASS,False,0,DENY,E_ROOT_FIELD_CONSTRAINT:/action/parameters/commit;E_UNDISCHARGED_ASSUMPTION:0:root-authenticated;E_UNDISCHARGED_ASSUMPTION:1:memory-context-preserved;E_UNDISCHARGED_ASSUMPTION:2:policy-authorized
NoRevocationRecheck,attack:devops:PRINCIPAL_SUBSTITUTION:702000,devops,PRINCIPAL_SUBSTITUTION,False,0,DENY,E_NOT_PRESERVED:2:/context/principal
NoRevocationRecheck,attack:devops:AUTHORITY_AMPLIFICATION:802000,devops,AUTHORITY_AMPLIFICATION,False,0,DENY,E_AUTHORITY_AMPLIFICATION:0;E_DELEGATION_WIDENING:0;E_ILLEGAL_TRANSFORM:0:/context/authority;E_ILLEGAL_TRANSFORM:0:/context/delegation_scope;E_NOT_PRESERVED:0:/action/destination;E_NOT_PRESERVED:0:/action/function;E_NOT_PRESERVED:0:/action/operation;E_NOT_PRESERVED:0:/action/resource;E_UNDISCHARGED_ASSUMPTION:1:memory-context-preserved;E_UNDISCHARGED_ASSUMPTION:2:policy-authorized
NoRevocationRecheck,attack:devops:DELEGATION_WIDENING:902000,devops,DELEGATION_WIDENING,False,0,DENY,E_DELEGATION_WIDENING:0;E_ILLEGAL_TRANSFORM:0:/context/delegation_scope;E_NOT_PRESERVED:0:/action/resource;E_UNDISCHARGED_ASSUMPTION:1:memory-context-preserved;E_UNDISCHARGED_ASSUMPTION:2:policy-authorized
NoRevocationRecheck,attack:devops:ARGUMENT_MUTATION:1002000,devops,ARGUMENT_MUTATION,False,0,DENY,E_NOT_PRESERVED:2:/action/parameters/environment
NoRevocationRecheck,attack:devops:DESTINATION_SUBSTITUTION:1102000,devops,DESTINATION_SUBSTITUTION,False,0,DENY,E_UNTRUSTED_TRANSFORM_ISSUER:adapter:/action/destination
NoRevocationRecheck,attack:devops:TOOL_SERVER_SWAP:1202000,devops,TOOL_SERVER_SWAP,False,0,DENY,E_NOT_PRESERVED:2:/action/server_id;E_NOT_PRESERVED:2:/action/tool_manifest_digest;E_UNTRUSTED_TOOL_MANIFEST
NoRevocationRecheck,attack:devops:POLICY_DOWNGRADE:1302000,devops,POLICY_DOWNGRADE,False,0,DENY,E_GUARANTEE_FALSE:2:policy_matches;E_ILLEGAL_TRANSFORM:2:/context/policy_digest;E_ILLEGAL_TRANSFORM:2:/context/policy_epoch;E_POLICY_DOWNGRADE:2;E_STALE_POLICY
NoRevocationRecheck,attack:devops:NONCE_REPLAY:1402000,devops,NONCE_REPLAY,False,1,EXECUTE_ONCE,EXECUTED;IDEMPOTENT_REPLAY
NoRevocationRecheck,attack:devops:ALTERNATE_PATH:1502000,devops,ALTERNATE_PATH,False,0,DENY,E_UNMEDIATED_PATH
NoRevocationRecheck,attack:devops:MEMORY_LAUNDERING:1602000,devops,MEMORY_LAUNDERING,False,0,DENY,E_NOT_PRESERVED:0:/context/protected_field_sources;E_NOT_PRESERVED:0:/context/source_classes;E_UNDISCHARGED_ASSUMPTION:1:memory-context-preserved;E_UNDISCHARGED_ASSUMPTION:2:policy-authorized;E_UNRELEASED_FIELD:/action/parameters/commit
NoRevocationRecheck,attack:devops:TAINT_DOWNGRADE:1702000,devops,TAINT_DOWNGRADE,False,0,DENY,E_ILLEGAL_TRANSFORM:0:/context/taint;E_TAINT_DOWNGRADE:0;E_UNDISCHARGED_ASSUMPTION:1:memory-context-preserved;E_UNDISCHARGED_ASSUMPTION:2:policy-authorized;E_UNTRACKED_DATA_CLASS
NoRevocationRecheck,attack:devops:EFFECT_CLASS_DOWNGRADE:1802000,devops,EFFECT_CLASS_DOWNGRADE,False,0,DENY,E_NOT_PRESERVED:2:/action/effect_class
NoRevocationRecheck,attack:devops:CONTEXT_ROOT_OMISSION:1902000,devops,CONTEXT_ROOT_OMISSION,False,0,DENY,E_CONTEXT_ROOT;E_ENSURED_FIELD_MISSING:2:/context/context_root;E_NOT_PRESERVED:2:/context/context_root
NoRevocationRecheck,attack:devops:RETRY_DUPLICATE:2002000,devops,RETRY_DUPLICATE,False,1,EXECUTE_ONCE,EXECUTED;IDEMPOTENT_REPLAY
NoRevocationRecheck,attack:devops:UNAUTHORISED_STAGE_SIGNER:2102000,devops,UNAUTHORISED_STAGE_SIGNER,False,0,DENY,E_UNAUTHORISED_PREDECESSOR:1;E_UNAUTHORISED_STAGE_SIGNER:0;E_UNDISCHARGED_ASSUMPTION:1:memory-context-preserved;E_UNDISCHARGED_ASSUMPTION:2:policy-authorized
NoRevocationRecheck,attack:devops:RECEIPT_PRODUCER_MISMATCH:2202000,devops,RECEIPT_PRODUCER_MISMATCH,False,0,DENY,E_RECEIPT_PRODUCER_MISMATCH:0;E_UNAUTHORISED_STAGE_SIGNER:0;E_UNDISCHARGED_ASSUMPTION:1:memory-context-preserved;E_UNDISCHARGED_ASSUMPTION:2:policy-authorized
NoRevocationRecheck,attack:devops:MISSING_TRANSFORM_WITNESS:2302000,devops,MISSING_TRANSFORM_WITNESS,False,0,DENY,E_MISSING_TRANSFORM_WITNESS:2:/action/destination
NoRevocationRecheck,attack:devops:INVALID_TRANSFORM_WITNESS:2402000,devops,INVALID_TRANSFORM_WITNESS,False,0,DENY,E_TRANSFORM_AFTER_MISMATCH:adapter:/action/destination;E_TRANSFORM_RELATION_FALSE:adapter:/action/destination
NoRevocationRecheck,attack:devops:RELEASE_PREDICATE_BYPASS:2502000,devops,RELEASE_PREDICATE_BYPASS,False,0,DENY,E_INVALID_RELEASE:/action/parameters/commit
NoRevocationRecheck,attack:devops:RELEASE_VALUE_SUBSTITUTION:2602000,devops,RELEASE_VALUE_SUBSTITUTION,False,0,DENY,E_INVALID_RELEASE:/action/parameters/commit
NoRevocationRecheck,attack:devops:EXPIRED_RELEASE:2702000,devops,EXPIRED_RELEASE,False,0,DENY,E_EXPIRED_RELEASE:release:devops:attack:EXPIRED_RELEASE:2702000
NoRevocationRecheck,attack:devops:SUBJECT_SUBSTITUTION:2802000,devops,SUBJECT_SUBSTITUTION,False,0,DENY,E_SUBJECT_SUBSTITUTION
NoRevocationRecheck,attack:devops:POST_PERMIT_ACTION_SUBSTITUTION:2902000,devops,POST_PERMIT_ACTION_SUBSTITUTION,False,0,DENY,E_ACTION_SUBSTITUTION
NoRevocationRecheck,attack:devops:REVOKED_GRANT:3002000,devops,REVOKED_GRANT,True,1,EXECUTE,EXECUTED
NoRevocationRecheck,attack:devops:CONTRACT_GUARANTEE_VIOLATION:3102000,devops,CONTRACT_GUARANTEE_VIOLATION,False,0,DENY,E_GUARANTEE_FALSE:2:canonical_destination
NoRevocationRecheck,attack:multiagent:UNTRUSTED_FIELD_BINDING:3000,multiagent,UNTRUSTED_FIELD_BINDING,False,0,ESCALATE,E_UNRELEASED_FIELD:/action/parameters/capability
NoRevocationRecheck,attack:multiagent:DROP_PROVENANCE:103000,multiagent,DROP_PROVENANCE,False,0,DENY,E_ENSURED_FIELD_MISSING:2:/context/protected_field_sources;E_ENSURED_FIELD_MISSING:2:/context/provenance_root;E_NOT_PRESERVED:2:/context/protected_field_sources;E_NOT_PRESERVED:2:/context/provenance_root;E_PROVENANCE_CONTEXT
NoRevocationRecheck,attack:multiagent:PROVENANCE_VALUE_SUBSTITUTION:203000,multiagent,PROVENANCE_VALUE_SUBSTITUTION,False,0,DENY,E_PROVENANCE_VALUE_MISMATCH:/action/parameters/capability;E_UNDISCHARGED_ASSUMPTION:0:provenance-authenticated;E_UNDISCHARGED_ASSUMPTION:1:memory-context-preserved;E_UNDISCHARGED_ASSUMPTION:2:policy-authorized
NoRevocationRecheck,attack:multiagent:UNTRUSTED_ROOT_PRODUCER:303000,multiagent,UNTRUSTED_ROOT_PRODUCER,False,0,DENY,E_UNDISCHARGED_ASSUMPTION:0:root-authenticated;E_UNDISCHARGED_ASSUMPTION:1:memory-context-preserved;E_UNDISCHARGED_ASSUMPTION:2:policy-authorized;E_UNTRUSTED_ROOT;E_UNTRUSTED_ROOT_ISSUER
NoRevocationRecheck,attack:multiagent:ROOT_AUTHORITY_EXCEEDED:403000,multiagent,ROOT_AUTHORITY_EXCEEDED,False,0,DENY,E_ROOT_ACTION_SCOPE_EXCEEDED;E_ROOT_AUTHORITY_EXCEEDED;E_ROOT_OPERATION_NOT_GRANTED;E_ROOT_SCOPE_EXCEEDED;E_UNDISCHARGED_ASSUMPTION:0:root-authenticated;E_UNDISCHARGED_ASSUMPTION:1:memory-context-preserved;E_UNDISCHARGED_ASSUMPTION:2:policy-authorized
NoRevocationRecheck,attack:multiagent:ROOT_SCOPE_EXCEEDED:503000,multiagent,ROOT_SCOPE_EXCEEDED,False,0,DENY,E_ROOT_ACTION_SCOPE_EXCEEDED;E_ROOT_SCOPE_EXCEEDED;E_UNDISCHARGED_ASSUMPTION:0:root-authenticated;E_UNDISCHARGED_ASSUMPTION:1:memory-context-preserved;E_UNDISCHARGED_ASSUMPTION:2:policy-authorized
NoRevocationRecheck,attack:multiagent:ROOT_FIELD_CONSTRAINT_BYPASS:603000,multiagent,ROOT_FIELD_CONSTRAINT_BYPASS,False,0,DENY,E_ROOT_FIELD_CONSTRAINT:/action/parameters/capability;E_UNDISCHARGED_ASSUMPTION:0:root-authenticated;E_UNDISCHARGED_ASSUMPTION:1:memory-context-preserved;E_UNDISCHARGED_ASSUMPTION:2:policy-authorized
NoRevocationRecheck,attack:multiagent:PRINCIPAL_SUBSTITUTION:703000,multiagent,PRINCIPAL_SUBSTITUTION,False,0,DENY,E_NOT_PRESERVED:2:/context/principal
NoRevocationRecheck,attack:multiagent:AUTHORITY_AMPLIFICATION:803000,multiagent,AUTHORITY_AMPLIFICATION,False,0,DENY,E_AUTHORITY_AMPLIFICATION:0;E_DELEGATION_WIDENING:0;E_ILLEGAL_TRANSFORM:0:/context/authority;E_ILLEGAL_TRANSFORM:0:/context/delegation_scope;E_NOT_PRESERVED:0:/action/destination;E_NOT_PRESERVED:0:/action/function;E_NOT_PRESERVED:0:/action/operation;E_NOT_PRESERVED:0:/action/resource;E_UNDISCHARGED_ASSUMPTION:1:memory-context-preserved;E_UNDISCHARGED_ASSUMPTION:2:policy-authorized
NoRevocationRecheck,attack:multiagent:DELEGATION_WIDENING:903000,multiagent,DELEGATION_WIDENING,False,0,DENY,E_DELEGATION_WIDENING:0;E_ILLEGAL_TRANSFORM:0:/context/delegation_scope;E_NOT_PRESERVED:0:/action/resource;E_UNDISCHARGED_ASSUMPTION:1:memory-context-preserved;E_UNDISCHARGED_ASSUMPTION:2:policy-authorized
NoRevocationRecheck,attack:multiagent:ARGUMENT_MUTATION:1003000,multiagent,ARGUMENT_MUTATION,False,0,DENY,E_NOT_PRESERVED:2:/action/parameters/max_depth
NoRevocationRecheck,attack:multiagent:DESTINATION_SUBSTITUTION:1103000,multiagent,DESTINATION_SUBSTITUTION,False,0,DENY,E_UNTRUSTED_TRANSFORM_ISSUER:adapter:/action/destination
NoRevocationRecheck,attack:multiagent:TOOL_SERVER_SWAP:1203000,multiagent,TOOL_SERVER_SWAP,False,0,DENY,E_NOT_PRESERVED:2:/action/server_id;E_NOT_PRESERVED:2:/action/tool_manifest_digest;E_UNTRUSTED_TOOL_MANIFEST
NoRevocationRecheck,attack:multiagent:POLICY_DOWNGRADE:1303000,multiagent,POLICY_DOWNGRADE,False,0,DENY,E_GUARANTEE_FALSE:2:policy_matches;E_ILLEGAL_TRANSFORM:2:/context/policy_digest;E_ILLEGAL_TRANSFORM:2:/context/policy_epoch;E_POLICY_DOWNGRADE:2;E_STALE_POLICY
NoRevocationRecheck,attack:multiagent:NONCE_REPLAY:1403000,multiagent,NONCE_REPLAY,False,1,EXECUTE_ONCE,EXECUTED;IDEMPOTENT_REPLAY
NoRevocationRecheck,attack:multiagent:ALTERNATE_PATH:1503000,multiagent,ALTERNATE_PATH,False,0,DENY,E_UNMEDIATED_PATH
NoRevocationRecheck,attack:multiagent:MEMORY_LAUNDERING:1603000,multiagent,MEMORY_LAUNDERING,False,0,DENY,E_NOT_PRESERVED:0:/context/protected_field_sources;E_NOT_PRESERVED:0:/context/source_classes;E_UNDISCHARGED_ASSUMPTION:1:memory-context-preserved;E_UNDISCHARGED_ASSUMPTION:2:policy-authorized;E_UNRELEASED_FIELD:/action/parameters/capability
NoRevocationRecheck,attack:multiagent:TAINT_DOWNGRADE:1703000,multiagent,TAINT_DOWNGRADE,False,0,DENY,E_ILLEGAL_TRANSFORM:0:/context/taint;E_TAINT_DOWNGRADE:0;E_UNDISCHARGED_ASSUMPTION:1:memory-context-preserved;E_UNDISCHARGED_ASSUMPTION:2:policy-authorized;E_UNTRACKED_DATA_CLASS
NoRevocationRecheck,attack:multiagent:EFFECT_CLASS_DOWNGRADE:1803000,multiagent,EFFECT_CLASS_DOWNGRADE,False,0,DENY,E_NOT_PRESERVED:2:/action/effect_class
NoRevocationRecheck,attack:multiagent:CONTEXT_ROOT_OMISSION:1903000,multiagent,CONTEXT_ROOT_OMISSION,False,0,DENY,E_CONTEXT_ROOT;E_ENSURED_FIELD_MISSING:2:/context/context_root;E_NOT_PRESERVED:2:/context/context_root
NoRevocationRecheck,attack:multiagent:RETRY_DUPLICATE:2003000,multiagent,RETRY_DUPLICATE,False,1,EXECUTE_ONCE,EXECUTED;IDEMPOTENT_REPLAY
NoRevocationRecheck,attack:multiagent:UNAUTHORISED_STAGE_SIGNER:2103000,multiagent,UNAUTHORISED_STAGE_SIGNER,False,0,DENY,E_UNAUTHORISED_PREDECESSOR:1;E_UNAUTHORISED_STAGE_SIGNER:0;E_UNDISCHARGED_ASSUMPTION:1:memory-context-preserved;E_UNDISCHARGED_ASSUMPTION:2:policy-authorized
NoRevocationRecheck,attack:multiagent:RECEIPT_PRODUCER_MISMATCH:2203000,multiagent,RECEIPT_PRODUCER_MISMATCH,False,0,DENY,E_RECEIPT_PRODUCER_MISMATCH:0;E_UNAUTHORISED_STAGE_SIGNER:0;E_UNDISCHARGED_ASSUMPTION:1:memory-context-preserved;E_UNDISCHARGED_ASSUMPTION:2:policy-authorized
NoRevocationRecheck,attack:multiagent:MISSING_TRANSFORM_WITNESS:2303000,multiagent,MISSING_TRANSFORM_WITNESS,False,0,DENY,E_MISSING_TRANSFORM_WITNESS:2:/action/destination
NoRevocationRecheck,attack:multiagent:INVALID_TRANSFORM_WITNESS:2403000,multiagent,INVALID_TRANSFORM_WITNESS,False,0,DENY,E_TRANSFORM_AFTER_MISMATCH:adapter:/action/destination;E_TRANSFORM_RELATION_FALSE:adapter:/action/destination
NoRevocationRecheck,attack:multiagent:RELEASE_PREDICATE_BYPASS:2503000,multiagent,RELEASE_PREDICATE_BYPASS,False,0,DENY,E_INVALID_RELEASE:/action/parameters/capability
NoRevocationRecheck,attack:multiagent:RELEASE_VALUE_SUBSTITUTION:2603000,multiagent,RELEASE_VALUE_SUBSTITUTION,False,0,DENY,E_INVALID_RELEASE:/action/parameters/capability
NoRevocationRecheck,attack:multiagent:EXPIRED_RELEASE:2703000,multiagent,EXPIRED_RELEASE,False,0,DENY,E_EXPIRED_RELEASE:release:multiagent:attack:EXPIRED_RELEASE:2703000
NoRevocationRecheck,attack:multiagent:SUBJECT_SUBSTITUTION:2803000,multiagent,SUBJECT_SUBSTITUTION,False,0,DENY,E_SUBJECT_SUBSTITUTION
NoRevocationRecheck,attack:multiagent:POST_PERMIT_ACTION_SUBSTITUTION:2903000,multiagent,POST_PERMIT_ACTION_SUBSTITUTION,False,0,DENY,E_ACTION_SUBSTITUTION
NoRevocationRecheck,attack:multiagent:REVOKED_GRANT:3003000,multiagent,REVOKED_GRANT,True,1,EXECUTE,EXECUTED
NoRevocationRecheck,attack:multiagent:CONTRACT_GUARANTEE_VIOLATION:3103000,multiagent,CONTRACT_GUARANTEE_VIOLATION,False,0,DENY,E_GUARANTEE_FALSE:2:canonical_destination
NoReplayProtection,attack:workspace:UNTRUSTED_FIELD_BINDING:0,workspace,UNTRUSTED_FIELD_BINDING,False,0,ESCALATE,E_UNRELEASED_FIELD:/action/destination
NoReplayProtection,attack:workspace:DROP_PROVENANCE:100000,workspace,DROP_PROVENANCE,False,0,DENY,E_ENSURED_FIELD_MISSING:2:/context/protected_field_sources;E_ENSURED_FIELD_MISSING:2:/context/provenance_root;E_NOT_PRESERVED:2:/context/protected_field_sources;E_NOT_PRESERVED:2:/context/provenance_root;E_PROVENANCE_CONTEXT
NoReplayProtection,attack:workspace:PROVENANCE_VALUE_SUBSTITUTION:200000,workspace,PROVENANCE_VALUE_SUBSTITUTION,False,0,DENY,E_PROVENANCE_VALUE_MISMATCH:/action/destination;E_UNDISCHARGED_ASSUMPTION:0:provenance-authenticated;E_UNDISCHARGED_ASSUMPTION:1:memory-context-preserved;E_UNDISCHARGED_ASSUMPTION:2:policy-authorized
NoReplayProtection,attack:workspace:UNTRUSTED_ROOT_PRODUCER:300000,workspace,UNTRUSTED_ROOT_PRODUCER,False,0,DENY,E_UNDISCHARGED_ASSUMPTION:0:root-authenticated;E_UNDISCHARGED_ASSUMPTION:1:memory-context-preserved;E_UNDISCHARGED_ASSUMPTION:2:policy-authorized;E_UNTRUSTED_ROOT;E_UNTRUSTED_ROOT_ISSUER
NoReplayProtection,attack:workspace:ROOT_AUTHORITY_EXCEEDED:400000,workspace,ROOT_AUTHORITY_EXCEEDED,False,0,DENY,E_ROOT_ACTION_SCOPE_EXCEEDED;E_ROOT_AUTHORITY_EXCEEDED;E_ROOT_OPERATION_NOT_GRANTED;E_ROOT_SCOPE_EXCEEDED;E_UNDISCHARGED_ASSUMPTION:0:root-authenticated;E_UNDISCHARGED_ASSUMPTION:1:memory-context-preserved;E_UNDISCHARGED_ASSUMPTION:2:policy-authorized
NoReplayProtection,attack:workspace:ROOT_SCOPE_EXCEEDED:500000,workspace,ROOT_SCOPE_EXCEEDED,False,0,DENY,E_ROOT_ACTION_SCOPE_EXCEEDED;E_ROOT_SCOPE_EXCEEDED;E_UNDISCHARGED_ASSUMPTION:0:root-authenticated;E_UNDISCHARGED_ASSUMPTION:1:memory-context-preserved;E_UNDISCHARGED_ASSUMPTION:2:policy-authorized
NoReplayProtection,attack:workspace:ROOT_FIELD_CONSTRAINT_BYPASS:600000,workspace,ROOT_FIELD_CONSTRAINT_BYPASS,False,0,DENY,E_ROOT_FIELD_CONSTRAINT:/action/destination;E_UNDISCHARGED_ASSUMPTION:0:root-authenticated;E_UNDISCHARGED_ASSUMPTION:1:memory-context-preserved;E_UNDISCHARGED_ASSUMPTION:2:policy-authorized
NoReplayProtection,attack:workspace:PRINCIPAL_SUBSTITUTION:700000,workspace,PRINCIPAL_SUBSTITUTION,False,0,DENY,E_NOT_PRESERVED:2:/context/principal
NoReplayProtection,attack:workspace:AUTHORITY_AMPLIFICATION:800000,workspace,AUTHORITY_AMPLIFICATION,False,0,DENY,E_AUTHORITY_AMPLIFICATION:0;E_DELEGATION_WIDENING:0;E_ILLEGAL_TRANSFORM:0:/context/authority;E_ILLEGAL_TRANSFORM:0:/context/delegation_scope;E_NOT_PRESERVED:0:/action/destination;E_NOT_PRESERVED:0:/action/function;E_NOT_PRESERVED:0:/action/operation;E_NOT_PRESERVED:0:/action/resource;E_UNDISCHARGED_ASSUMPTION:1:memory-context-preserved;E_UNDISCHARGED_ASSUMPTION:2:policy-authorized
NoReplayProtection,attack:workspace:DELEGATION_WIDENING:900000,workspace,DELEGATION_WIDENING,False,0,DENY,E_DELEGATION_WIDENING:0;E_ILLEGAL_TRANSFORM:0:/context/delegation_scope;E_NOT_PRESERVED:0:/action/resource;E_UNDISCHARGED_ASSUMPTION:1:memory-context-preserved;E_UNDISCHARGED_ASSUMPTION:2:policy-authorized
NoReplayProtection,attack:workspace:ARGUMENT_MUTATION:1000000,workspace,ARGUMENT_MUTATION,False,0,DENY,E_NOT_PRESERVED:2:/action/parameters/body
NoReplayProtection,attack:workspace:DESTINATION_SUBSTITUTION:1100000,workspace,DESTINATION_SUBSTITUTION,False,0,DENY,E_UNTRUSTED_TRANSFORM_ISSUER:adapter:/action/destination
NoReplayProtection,attack:workspace:TOOL_SERVER_SWAP:1200000,workspace,TOOL_SERVER_SWAP,False,0,DENY,E_NOT_PRESERVED:2:/action/server_id;E_NOT_PRESERVED:2:/action/tool_manifest_digest;E_UNTRUSTED_TOOL_MANIFEST
NoReplayProtection,attack:workspace:POLICY_DOWNGRADE:1300000,workspace,POLICY_DOWNGRADE,False,0,DENY,E_GUARANTEE_FALSE:2:policy_matches;E_ILLEGAL_TRANSFORM:2:/context/policy_digest;E_ILLEGAL_TRANSFORM:2:/context/policy_epoch;E_POLICY_DOWNGRADE:2;E_STALE_POLICY
NoReplayProtection,attack:workspace:NONCE_REPLAY:1400000,workspace,NONCE_REPLAY,True,2,EXECUTE,EXECUTED;EXECUTED
NoReplayProtection,attack:workspace:ALTERNATE_PATH:1500000,workspace,ALTERNATE_PATH,False,0,DENY,E_UNMEDIATED_PATH
NoReplayProtection,attack:workspace:MEMORY_LAUNDERING:1600000,workspace,MEMORY_LAUNDERING,False,0,DENY,E_NOT_PRESERVED:0:/context/protected_field_sources;E_NOT_PRESERVED:0:/context/source_classes;E_UNDISCHARGED_ASSUMPTION:1:memory-context-preserved;E_UNDISCHARGED_ASSUMPTION:2:policy-authorized;E_UNRELEASED_FIELD:/action/destination
NoReplayProtection,attack:workspace:TAINT_DOWNGRADE:1700000,workspace,TAINT_DOWNGRADE,False,0,DENY,E_ILLEGAL_TRANSFORM:0:/context/taint;E_TAINT_DOWNGRADE:0;E_UNDISCHARGED_ASSUMPTION:1:memory-context-preserved;E_UNDISCHARGED_ASSUMPTION:2:policy-authorized;E_UNTRACKED_DATA_CLASS
NoReplayProtection,attack:workspace:EFFECT_CLASS_DOWNGRADE:1800000,workspace,EFFECT_CLASS_DOWNGRADE,False,0,DENY,E_NOT_PRESERVED:2:/action/effect_class
NoReplayProtection,attack:workspace:CONTEXT_ROOT_OMISSION:1900000,workspace,CONTEXT_ROOT_OMISSION,False,0,DENY,E_CONTEXT_ROOT;E_ENSURED_FIELD_MISSING:2:/context/context_root;E_NOT_PRESERVED:2:/context/context_root
NoReplayProtection,attack:workspace:RETRY_DUPLICATE:2000000,workspace,RETRY_DUPLICATE,True,2,EXECUTE,EXECUTED;EXECUTED
NoReplayProtection,attack:workspace:UNAUTHORISED_STAGE_SIGNER:2100000,workspace,UNAUTHORISED_STAGE_SIGNER,False,0,DENY,E_UNAUTHORISED_PREDECESSOR:1;E_UNAUTHORISED_STAGE_SIGNER:0;E_UNDISCHARGED_ASSUMPTION:1:memory-context-preserved;E_UNDISCHARGED_ASSUMPTION:2:policy-authorized
NoReplayProtection,attack:workspace:RECEIPT_PRODUCER_MISMATCH:2200000,workspace,RECEIPT_PRODUCER_MISMATCH,False,0,DENY,E_RECEIPT_PRODUCER_MISMATCH:0;E_UNAUTHORISED_STAGE_SIGNER:0;E_UNDISCHARGED_ASSUMPTION:1:memory-context-preserved;E_UNDISCHARGED_ASSUMPTION:2:policy-authorized
NoReplayProtection,attack:workspace:MISSING_TRANSFORM_WITNESS:2300000,workspace,MISSING_TRANSFORM_WITNESS,False,0,DENY,E_MISSING_TRANSFORM_WITNESS:2:/action/destination
NoReplayProtection,attack:workspace:INVALID_TRANSFORM_WITNESS:2400000,workspace,INVALID_TRANSFORM_WITNESS,False,0,DENY,E_TRANSFORM_AFTER_MISMATCH:adapter:/action/destination;E_TRANSFORM_RELATION_FALSE:adapter:/action/destination
NoReplayProtection,attack:workspace:RELEASE_PREDICATE_BYPASS:2500000,workspace,RELEASE_PREDICATE_BYPASS,False,0,DENY,E_INVALID_RELEASE:/action/destination
NoReplayProtection,attack:workspace:RELEASE_VALUE_SUBSTITUTION:2600000,workspace,RELEASE_VALUE_SUBSTITUTION,False,0,DENY,E_INVALID_RELEASE:/action/destination
NoReplayProtection,attack:workspace:EXPIRED_RELEASE:2700000,workspace,EXPIRED_RELEASE,False,0,DENY,E_EXPIRED_RELEASE:release:workspace:attack:EXPIRED_RELEASE:2700000
NoReplayProtection,attack:workspace:SUBJECT_SUBSTITUTION:2800000,workspace,SUBJECT_SUBSTITUTION,False,0,DENY,E_SUBJECT_SUBSTITUTION
NoReplayProtection,attack:workspace:POST_PERMIT_ACTION_SUBSTITUTION:2900000,workspace,POST_PERMIT_ACTION_SUBSTITUTION,False,0,DENY,E_ACTION_SUBSTITUTION
NoReplayProtection,attack:workspace:REVOKED_GRANT:3000000,workspace,REVOKED_GRANT,False,0,DENY,E_REVOKED_AT_FINALITY
NoReplayProtection,attack:workspace:CONTRACT_GUARANTEE_VIOLATION:3100000,workspace,CONTRACT_GUARANTEE_VIOLATION,False,0,DENY,E_GUARANTEE_FALSE:2:canonical_destination
NoReplayProtection,attack:finance:UNTRUSTED_FIELD_BINDING:1000,finance,UNTRUSTED_FIELD_BINDING,False,0,ESCALATE,E_UNRELEASED_FIELD:/action/parameters/amount_cents
NoReplayProtection,attack:finance:DROP_PROVENANCE:101000,finance,DROP_PROVENANCE,False,0,DENY,E_ENSURED_FIELD_MISSING:2:/context/protected_field_sources;E_ENSURED_FIELD_MISSING:2:/context/provenance_root;E_NOT_PRESERVED:2:/context/protected_field_sources;E_NOT_PRESERVED:2:/context/provenance_root;E_PROVENANCE_CONTEXT
NoReplayProtection,attack:finance:PROVENANCE_VALUE_SUBSTITUTION:201000,finance,PROVENANCE_VALUE_SUBSTITUTION,False,0,DENY,E_PROVENANCE_VALUE_MISMATCH:/action/parameters/amount_cents;E_UNDISCHARGED_ASSUMPTION:0:provenance-authenticated;E_UNDISCHARGED_ASSUMPTION:1:memory-context-preserved;E_UNDISCHARGED_ASSUMPTION:2:policy-authorized
NoReplayProtection,attack:finance:UNTRUSTED_ROOT_PRODUCER:301000,finance,UNTRUSTED_ROOT_PRODUCER,False,0,DENY,E_UNDISCHARGED_ASSUMPTION:0:root-authenticated;E_UNDISCHARGED_ASSUMPTION:1:memory-context-preserved;E_UNDISCHARGED_ASSUMPTION:2:policy-authorized;E_UNTRUSTED_ROOT;E_UNTRUSTED_ROOT_ISSUER
NoReplayProtection,attack:finance:ROOT_AUTHORITY_EXCEEDED:401000,finance,ROOT_AUTHORITY_EXCEEDED,False,0,DENY,E_ROOT_ACTION_SCOPE_EXCEEDED;E_ROOT_AUTHORITY_EXCEEDED;E_ROOT_OPERATION_NOT_GRANTED;E_ROOT_SCOPE_EXCEEDED;E_UNDISCHARGED_ASSUMPTION:0:root-authenticated;E_UNDISCHARGED_ASSUMPTION:1:memory-context-preserved;E_UNDISCHARGED_ASSUMPTION:2:policy-authorized
NoReplayProtection,attack:finance:ROOT_SCOPE_EXCEEDED:501000,finance,ROOT_SCOPE_EXCEEDED,False,0,DENY,E_ROOT_ACTION_SCOPE_EXCEEDED;E_ROOT_SCOPE_EXCEEDED;E_UNDISCHARGED_ASSUMPTION:0:root-authenticated;E_UNDISCHARGED_ASSUMPTION:1:memory-context-preserved;E_UNDISCHARGED_ASSUMPTION:2:policy-authorized
NoReplayProtection,attack:finance:ROOT_FIELD_CONSTRAINT_BYPASS:601000,finance,ROOT_FIELD_CONSTRAINT_BYPASS,False,0,DENY,E_ROOT_FIELD_CONSTRAINT:/action/parameters/amount_cents;E_UNDISCHARGED_ASSUMPTION:0:root-authenticated;E_UNDISCHARGED_ASSUMPTION:1:memory-context-preserved;E_UNDISCHARGED_ASSUMPTION:2:policy-authorized
NoReplayProtection,attack:finance:PRINCIPAL_SUBSTITUTION:701000,finance,PRINCIPAL_SUBSTITUTION,False,0,DENY,E_NOT_PRESERVED:2:/context/principal
NoReplayProtection,attack:finance:AUTHORITY_AMPLIFICATION:801000,finance,AUTHORITY_AMPLIFICATION,False,0,DENY,E_AUTHORITY_AMPLIFICATION:0;E_DELEGATION_WIDENING:0;E_ILLEGAL_TRANSFORM:0:/context/authority;E_ILLEGAL_TRANSFORM:0:/context/delegation_scope;E_NOT_PRESERVED:0:/action/destination;E_NOT_PRESERVED:0:/action/function;E_NOT_PRESERVED:0:/action/operation;E_NOT_PRESERVED:0:/action/resource;E_UNDISCHARGED_ASSUMPTION:1:memory-context-preserved;E_UNDISCHARGED_ASSUMPTION:2:policy-authorized
NoReplayProtection,attack:finance:DELEGATION_WIDENING:901000,finance,DELEGATION_WIDENING,False,0,DENY,E_DELEGATION_WIDENING:0;E_ILLEGAL_TRANSFORM:0:/context/delegation_scope;E_NOT_PRESERVED:0:/action/resource;E_UNDISCHARGED_ASSUMPTION:1:memory-context-preserved;E_UNDISCHARGED_ASSUMPTION:2:policy-authorized
NoReplayProtection,attack:finance:ARGUMENT_MUTATION:1001000,finance,ARGUMENT_MUTATION,False,0,DENY,E_NOT_PRESERVED:2:/action/parameters/amount_cents
NoReplayProtection,attack:finance:DESTINATION_SUBSTITUTION:1101000,finance,DESTINATION_SUBSTITUTION,False,0,DENY,E_UNTRUSTED_TRANSFORM_ISSUER:adapter:/action/destination
NoReplayProtection,attack:finance:TOOL_SERVER_SWAP:1201000,finance,TOOL_SERVER_SWAP,False,0,DENY,E_NOT_PRESERVED:2:/action/server_id;E_NOT_PRESERVED:2:/action/tool_manifest_digest;E_UNTRUSTED_TOOL_MANIFEST
NoReplayProtection,attack:finance:POLICY_DOWNGRADE:1301000,finance,POLICY_DOWNGRADE,False,0,DENY,E_GUARANTEE_FALSE:2:policy_matches;E_ILLEGAL_TRANSFORM:2:/context/policy_digest;E_ILLEGAL_TRANSFORM:2:/context/policy_epoch;E_POLICY_DOWNGRADE:2;E_STALE_POLICY
NoReplayProtection,attack:finance:NONCE_REPLAY:1401000,finance,NONCE_REPLAY,True,2,EXECUTE,EXECUTED;EXECUTED
NoReplayProtection,attack:finance:ALTERNATE_PATH:1501000,finance,ALTERNATE_PATH,False,0,DENY,E_UNMEDIATED_PATH
NoReplayProtection,attack:finance:MEMORY_LAUNDERING:1601000,finance,MEMORY_LAUNDERING,False,0,DENY,E_NOT_PRESERVED:0:/context/protected_field_sources;E_NOT_PRESERVED:0:/context/source_classes;E_UNDISCHARGED_ASSUMPTION:1:memory-context-preserved;E_UNDISCHARGED_ASSUMPTION:2:policy-authorized;E_UNRELEASED_FIELD:/action/parameters/amount_cents
NoReplayProtection,attack:finance:TAINT_DOWNGRADE:1701000,finance,TAINT_DOWNGRADE,False,0,DENY,E_ILLEGAL_TRANSFORM:0:/context/taint;E_TAINT_DOWNGRADE:0;E_UNDISCHARGED_ASSUMPTION:1:memory-context-preserved;E_UNDISCHARGED_ASSUMPTION:2:policy-authorized;E_UNTRACKED_DATA_CLASS
NoReplayProtection,attack:finance:EFFECT_CLASS_DOWNGRADE:1801000,finance,EFFECT_CLASS_DOWNGRADE,False,0,DENY,E_NOT_PRESERVED:2:/action/effect_class
NoReplayProtection,attack:finance:CONTEXT_ROOT_OMISSION:1901000,finance,CONTEXT_ROOT_OMISSION,False,0,DENY,E_CONTEXT_ROOT;E_ENSURED_FIELD_MISSING:2:/context/context_root;E_NOT_PRESERVED:2:/context/context_root
NoReplayProtection,attack:finance:RETRY_DUPLICATE:2001000,finance,RETRY_DUPLICATE,True,2,EXECUTE,EXECUTED;EXECUTED
NoReplayProtection,attack:finance:UNAUTHORISED_STAGE_SIGNER:2101000,finance,UNAUTHORISED_STAGE_SIGNER,False,0,DENY,E_UNAUTHORISED_PREDECESSOR:1;E_UNAUTHORISED_STAGE_SIGNER:0;E_UNDISCHARGED_ASSUMPTION:1:memory-context-preserved;E_UNDISCHARGED_ASSUMPTION:2:policy-authorized
NoReplayProtection,attack:finance:RECEIPT_PRODUCER_MISMATCH:2201000,finance,RECEIPT_PRODUCER_MISMATCH,False,0,DENY,E_RECEIPT_PRODUCER_MISMATCH:0;E_UNAUTHORISED_STAGE_SIGNER:0;E_UNDISCHARGED_ASSUMPTION:1:memory-context-preserved;E_UNDISCHARGED_ASSUMPTION:2:policy-authorized
NoReplayProtection,attack:finance:MISSING_TRANSFORM_WITNESS:2301000,finance,MISSING_TRANSFORM_WITNESS,False,0,DENY,E_MISSING_TRANSFORM_WITNESS:2:/action/destination
NoReplayProtection,attack:finance:INVALID_TRANSFORM_WITNESS:2401000,finance,INVALID_TRANSFORM_WITNESS,False,0,DENY,E_TRANSFORM_AFTER_MISMATCH:adapter:/action/destination;E_TRANSFORM_RELATION_FALSE:adapter:/action/destination
NoReplayProtection,attack:finance:RELEASE_PREDICATE_BYPASS:2501000,finance,RELEASE_PREDICATE_BYPASS,False,0,DENY,E_INVALID_RELEASE:/action/parameters/amount_cents
NoReplayProtection,attack:finance:RELEASE_VALUE_SUBSTITUTION:2601000,finance,RELEASE_VALUE_SUBSTITUTION,False,0,DENY,E_INVALID_RELEASE:/action/parameters/amount_cents
NoReplayProtection,attack:finance:EXPIRED_RELEASE:2701000,finance,EXPIRED_RELEASE,False,0,DENY,E_EXPIRED_RELEASE:release:finance:attack:EXPIRED_RELEASE:2701000
NoReplayProtection,attack:finance:SUBJECT_SUBSTITUTION:2801000,finance,SUBJECT_SUBSTITUTION,False,0,DENY,E_SUBJECT_SUBSTITUTION
NoReplayProtection,attack:finance:POST_PERMIT_ACTION_SUBSTITUTION:2901000,finance,POST_PERMIT_ACTION_SUBSTITUTION,False,0,DENY,E_ACTION_SUBSTITUTION
NoReplayProtection,attack:finance:REVOKED_GRANT:3001000,finance,REVOKED_GRANT,False,0,DENY,E_REVOKED_AT_FINALITY
NoReplayProtection,attack:finance:CONTRACT_GUARANTEE_VIOLATION:3101000,finance,CONTRACT_GUARANTEE_VIOLATION,False,0,DENY,E_GUARANTEE_FALSE:2:canonical_destination
NoReplayProtection,attack:devops:UNTRUSTED_FIELD_BINDING:2000,devops,UNTRUSTED_FIELD_BINDING,False,0,ESCALATE,E_UNRELEASED_FIELD:/action/parameters/commit
NoReplayProtection,attack:devops:DROP_PROVENANCE:102000,devops,DROP_PROVENANCE,False,0,DENY,E_ENSURED_FIELD_MISSING:2:/context/protected_field_sources;E_ENSURED_FIELD_MISSING:2:/context/provenance_root;E_NOT_PRESERVED:2:/context/protected_field_sources;E_NOT_PRESERVED:2:/context/provenance_root;E_PROVENANCE_CONTEXT
NoReplayProtection,attack:devops:PROVENANCE_VALUE_SUBSTITUTION:202000,devops,PROVENANCE_VALUE_SUBSTITUTION,False,0,DENY,E_PROVENANCE_VALUE_MISMATCH:/action/parameters/commit;E_UNDISCHARGED_ASSUMPTION:0:provenance-authenticated;E_UNDISCHARGED_ASSUMPTION:1:memory-context-preserved;E_UNDISCHARGED_ASSUMPTION:2:policy-authorized
NoReplayProtection,attack:devops:UNTRUSTED_ROOT_PRODUCER:302000,devops,UNTRUSTED_ROOT_PRODUCER,False,0,DENY,E_UNDISCHARGED_ASSUMPTION:0:root-authenticated;E_UNDISCHARGED_ASSUMPTION:1:memory-context-preserved;E_UNDISCHARGED_ASSUMPTION:2:policy-authorized;E_UNTRUSTED_ROOT;E_UNTRUSTED_ROOT_ISSUER
NoReplayProtection,attack:devops:ROOT_AUTHORITY_EXCEEDED:402000,devops,ROOT_AUTHORITY_EXCEEDED,False,0,DENY,E_ROOT_ACTION_SCOPE_EXCEEDED;E_ROOT_AUTHORITY_EXCEEDED;E_ROOT_OPERATION_NOT_GRANTED;E_ROOT_SCOPE_EXCEEDED;E_UNDISCHARGED_ASSUMPTION:0:root-authenticated;E_UNDISCHARGED_ASSUMPTION:1:memory-context-preserved;E_UNDISCHARGED_ASSUMPTION:2:policy-authorized
NoReplayProtection,attack:devops:ROOT_SCOPE_EXCEEDED:502000,devops,ROOT_SCOPE_EXCEEDED,False,0,DENY,E_ROOT_ACTION_SCOPE_EXCEEDED;E_ROOT_SCOPE_EXCEEDED;E_UNDISCHARGED_ASSUMPTION:0:root-authenticated;E_UNDISCHARGED_ASSUMPTION:1:memory-context-preserved;E_UNDISCHARGED_ASSUMPTION:2:policy-authorized
NoReplayProtection,attack:devops:ROOT_FIELD_CONSTRAINT_BYPASS:602000,devops,ROOT_FIELD_CONSTRAINT_BYPASS,False,0,DENY,E_ROOT_FIELD_CONSTRAINT:/action/parameters/commit;E_UNDISCHARGED_ASSUMPTION:0:root-authenticated;E_UNDISCHARGED_ASSUMPTION:1:memory-context-preserved;E_UNDISCHARGED_ASSUMPTION:2:policy-authorized
NoReplayProtection,attack:devops:PRINCIPAL_SUBSTITUTION:702000,devops,PRINCIPAL_SUBSTITUTION,False,0,DENY,E_NOT_PRESERVED:2:/context/principal
NoReplayProtection,attack:devops:AUTHORITY_AMPLIFICATION:802000,devops,AUTHORITY_AMPLIFICATION,False,0,DENY,E_AUTHORITY_AMPLIFICATION:0;E_DELEGATION_WIDENING:0;E_ILLEGAL_TRANSFORM:0:/context/authority;E_ILLEGAL_TRANSFORM:0:/context/delegation_scope;E_NOT_PRESERVED:0:/action/destination;E_NOT_PRESERVED:0:/action/function;E_NOT_PRESERVED:0:/action/operation;E_NOT_PRESERVED:0:/action/resource;E_UNDISCHARGED_ASSUMPTION:1:memory-context-preserved;E_UNDISCHARGED_ASSUMPTION:2:policy-authorized
NoReplayProtection,attack:devops:DELEGATION_WIDENING:902000,devops,DELEGATION_WIDENING,False,0,DENY,E_DELEGATION_WIDENING:0;E_ILLEGAL_TRANSFORM:0:/context/delegation_scope;E_NOT_PRESERVED:0:/action/resource;E_UNDISCHARGED_ASSUMPTION:1:memory-context-preserved;E_UNDISCHARGED_ASSUMPTION:2:policy-authorized
NoReplayProtection,attack:devops:ARGUMENT_MUTATION:1002000,devops,ARGUMENT_MUTATION,False,0,DENY,E_NOT_PRESERVED:2:/action/parameters/environment
NoReplayProtection,attack:devops:DESTINATION_SUBSTITUTION:1102000,devops,DESTINATION_SUBSTITUTION,False,0,DENY,E_UNTRUSTED_TRANSFORM_ISSUER:adapter:/action/destination
NoReplayProtection,attack:devops:TOOL_SERVER_SWAP:1202000,devops,TOOL_SERVER_SWAP,False,0,DENY,E_NOT_PRESERVED:2:/action/server_id;E_NOT_PRESERVED:2:/action/tool_manifest_digest;E_UNTRUSTED_TOOL_MANIFEST
NoReplayProtection,attack:devops:POLICY_DOWNGRADE:1302000,devops,POLICY_DOWNGRADE,False,0,DENY,E_GUARANTEE_FALSE:2:policy_matches;E_ILLEGAL_TRANSFORM:2:/context/policy_digest;E_ILLEGAL_TRANSFORM:2:/context/policy_epoch;E_POLICY_DOWNGRADE:2;E_STALE_POLICY
NoReplayProtection,attack:devops:NONCE_REPLAY:1402000,devops,NONCE_REPLAY,True,2,EXECUTE,EXECUTED;EXECUTED
NoReplayProtection,attack:devops:ALTERNATE_PATH:1502000,devops,ALTERNATE_PATH,False,0,DENY,E_UNMEDIATED_PATH
NoReplayProtection,attack:devops:MEMORY_LAUNDERING:1602000,devops,MEMORY_LAUNDERING,False,0,DENY,E_NOT_PRESERVED:0:/context/protected_field_sources;E_NOT_PRESERVED:0:/context/source_classes;E_UNDISCHARGED_ASSUMPTION:1:memory-context-preserved;E_UNDISCHARGED_ASSUMPTION:2:policy-authorized;E_UNRELEASED_FIELD:/action/parameters/commit
NoReplayProtection,attack:devops:TAINT_DOWNGRADE:1702000,devops,TAINT_DOWNGRADE,False,0,DENY,E_ILLEGAL_TRANSFORM:0:/context/taint;E_TAINT_DOWNGRADE:0;E_UNDISCHARGED_ASSUMPTION:1:memory-context-preserved;E_UNDISCHARGED_ASSUMPTION:2:policy-authorized;E_UNTRACKED_DATA_CLASS
NoReplayProtection,attack:devops:EFFECT_CLASS_DOWNGRADE:1802000,devops,EFFECT_CLASS_DOWNGRADE,False,0,DENY,E_NOT_PRESERVED:2:/action/effect_class
NoReplayProtection,attack:devops:CONTEXT_ROOT_OMISSION:1902000,devops,CONTEXT_ROOT_OMISSION,False,0,DENY,E_CONTEXT_ROOT;E_ENSURED_FIELD_MISSING:2:/context/context_root;E_NOT_PRESERVED:2:/context/context_root
NoReplayProtection,attack:devops:RETRY_DUPLICATE:2002000,devops,RETRY_DUPLICATE,True,2,EXECUTE,EXECUTED;EXECUTED
NoReplayProtection,attack:devops:UNAUTHORISED_STAGE_SIGNER:2102000,devops,UNAUTHORISED_STAGE_SIGNER,False,0,DENY,E_UNAUTHORISED_PREDECESSOR:1;E_UNAUTHORISED_STAGE_SIGNER:0;E_UNDISCHARGED_ASSUMPTION:1:memory-context-preserved;E_UNDISCHARGED_ASSUMPTION:2:policy-authorized
NoReplayProtection,attack:devops:RECEIPT_PRODUCER_MISMATCH:2202000,devops,RECEIPT_PRODUCER_MISMATCH,False,0,DENY,E_RECEIPT_PRODUCER_MISMATCH:0;E_UNAUTHORISED_STAGE_SIGNER:0;E_UNDISCHARGED_ASSUMPTION:1:memory-context-preserved;E_UNDISCHARGED_ASSUMPTION:2:policy-authorized
NoReplayProtection,attack:devops:MISSING_TRANSFORM_WITNESS:2302000,devops,MISSING_TRANSFORM_WITNESS,False,0,DENY,E_MISSING_TRANSFORM_WITNESS:2:/action/destination
NoReplayProtection,attack:devops:INVALID_TRANSFORM_WITNESS:2402000,devops,INVALID_TRANSFORM_WITNESS,False,0,DENY,E_TRANSFORM_AFTER_MISMATCH:adapter:/action/destination;E_TRANSFORM_RELATION_FALSE:adapter:/action/destination
NoReplayProtection,attack:devops:RELEASE_PREDICATE_BYPASS:2502000,devops,RELEASE_PREDICATE_BYPASS,False,0,DENY,E_INVALID_RELEASE:/action/parameters/commit
NoReplayProtection,attack:devops:RELEASE_VALUE_SUBSTITUTION:2602000,devops,RELEASE_VALUE_SUBSTITUTION,False,0,DENY,E_INVALID_RELEASE:/action/parameters/commit
NoReplayProtection,attack:devops:EXPIRED_RELEASE:2702000,devops,EXPIRED_RELEASE,False,0,DENY,E_EXPIRED_RELEASE:release:devops:attack:EXPIRED_RELEASE:2702000
NoReplayProtection,attack:devops:SUBJECT_SUBSTITUTION:2802000,devops,SUBJECT_SUBSTITUTION,False,0,DENY,E_SUBJECT_SUBSTITUTION
NoReplayProtection,attack:devops:POST_PERMIT_ACTION_SUBSTITUTION:2902000,devops,POST_PERMIT_ACTION_SUBSTITUTION,False,0,DENY,E_ACTION_SUBSTITUTION
NoReplayProtection,attack:devops:REVOKED_GRANT:3002000,devops,REVOKED_GRANT,False,0,DENY,E_REVOKED_AT_FINALITY
NoReplayProtection,attack:devops:CONTRACT_GUARANTEE_VIOLATION:3102000,devops,CONTRACT_GUARANTEE_VIOLATION,False,0,DENY,E_GUARANTEE_FALSE:2:canonical_destination
NoReplayProtection,attack:multiagent:UNTRUSTED_FIELD_BINDING:3000,multiagent,UNTRUSTED_FIELD_BINDING,False,0,ESCALATE,E_UNRELEASED_FIELD:/action/parameters/capability
NoReplayProtection,attack:multiagent:DROP_PROVENANCE:103000,multiagent,DROP_PROVENANCE,False,0,DENY,E_ENSURED_FIELD_MISSING:2:/context/protected_field_sources;E_ENSURED_FIELD_MISSING:2:/context/provenance_root;E_NOT_PRESERVED:2:/context/protected_field_sources;E_NOT_PRESERVED:2:/context/provenance_root;E_PROVENANCE_CONTEXT
NoReplayProtection,attack:multiagent:PROVENANCE_VALUE_SUBSTITUTION:203000,multiagent,PROVENANCE_VALUE_SUBSTITUTION,False,0,DENY,E_PROVENANCE_VALUE_MISMATCH:/action/parameters/capability;E_UNDISCHARGED_ASSUMPTION:0:provenance-authenticated;E_UNDISCHARGED_ASSUMPTION:1:memory-context-preserved;E_UNDISCHARGED_ASSUMPTION:2:policy-authorized
NoReplayProtection,attack:multiagent:UNTRUSTED_ROOT_PRODUCER:303000,multiagent,UNTRUSTED_ROOT_PRODUCER,False,0,DENY,E_UNDISCHARGED_ASSUMPTION:0:root-authenticated;E_UNDISCHARGED_ASSUMPTION:1:memory-context-preserved;E_UNDISCHARGED_ASSUMPTION:2:policy-authorized;E_UNTRUSTED_ROOT;E_UNTRUSTED_ROOT_ISSUER
NoReplayProtection,attack:multiagent:ROOT_AUTHORITY_EXCEEDED:403000,multiagent,ROOT_AUTHORITY_EXCEEDED,False,0,DENY,E_ROOT_ACTION_SCOPE_EXCEEDED;E_ROOT_AUTHORITY_EXCEEDED;E_ROOT_OPERATION_NOT_GRANTED;E_ROOT_SCOPE_EXCEEDED;E_UNDISCHARGED_ASSUMPTION:0:root-authenticated;E_UNDISCHARGED_ASSUMPTION:1:memory-context-preserved;E_UNDISCHARGED_ASSUMPTION:2:policy-authorized
NoReplayProtection,attack:multiagent:ROOT_SCOPE_EXCEEDED:503000,multiagent,ROOT_SCOPE_EXCEEDED,False,0,DENY,E_ROOT_ACTION_SCOPE_EXCEEDED;E_ROOT_SCOPE_EXCEEDED;E_UNDISCHARGED_ASSUMPTION:0:root-authenticated;E_UNDISCHARGED_ASSUMPTION:1:memory-context-preserved;E_UNDISCHARGED_ASSUMPTION:2:policy-authorized
NoReplayProtection,attack:multiagent:ROOT_FIELD_CONSTRAINT_BYPASS:603000,multiagent,ROOT_FIELD_CONSTRAINT_BYPASS,False,0,DENY,E_ROOT_FIELD_CONSTRAINT:/action/parameters/capability;E_UNDISCHARGED_ASSUMPTION:0:root-authenticated;E_UNDISCHARGED_ASSUMPTION:1:memory-context-preserved;E_UNDISCHARGED_ASSUMPTION:2:policy-authorized
NoReplayProtection,attack:multiagent:PRINCIPAL_SUBSTITUTION:703000,multiagent,PRINCIPAL_SUBSTITUTION,False,0,DENY,E_NOT_PRESERVED:2:/context/principal
NoReplayProtection,attack:multiagent:AUTHORITY_AMPLIFICATION:803000,multiagent,AUTHORITY_AMPLIFICATION,False,0,DENY,E_AUTHORITY_AMPLIFICATION:0;E_DELEGATION_WIDENING:0;E_ILLEGAL_TRANSFORM:0:/context/authority;E_ILLEGAL_TRANSFORM:0:/context/delegation_scope;E_NOT_PRESERVED:0:/action/destination;E_NOT_PRESERVED:0:/action/function;E_NOT_PRESERVED:0:/action/operation;E_NOT_PRESERVED:0:/action/resource;E_UNDISCHARGED_ASSUMPTION:1:memory-context-preserved;E_UNDISCHARGED_ASSUMPTION:2:policy-authorized
NoReplayProtection,attack:multiagent:DELEGATION_WIDENING:903000,multiagent,DELEGATION_WIDENING,False,0,DENY,E_DELEGATION_WIDENING:0;E_ILLEGAL_TRANSFORM:0:/context/delegation_scope;E_NOT_PRESERVED:0:/action/resource;E_UNDISCHARGED_ASSUMPTION:1:memory-context-preserved;E_UNDISCHARGED_ASSUMPTION:2:policy-authorized
NoReplayProtection,attack:multiagent:ARGUMENT_MUTATION:1003000,multiagent,ARGUMENT_MUTATION,False,0,DENY,E_NOT_PRESERVED:2:/action/parameters/max_depth
NoReplayProtection,attack:multiagent:DESTINATION_SUBSTITUTION:1103000,multiagent,DESTINATION_SUBSTITUTION,False,0,DENY,E_UNTRUSTED_TRANSFORM_ISSUER:adapter:/action/destination
NoReplayProtection,attack:multiagent:TOOL_SERVER_SWAP:1203000,multiagent,TOOL_SERVER_SWAP,False,0,DENY,E_NOT_PRESERVED:2:/action/server_id;E_NOT_PRESERVED:2:/action/tool_manifest_digest;E_UNTRUSTED_TOOL_MANIFEST
NoReplayProtection,attack:multiagent:POLICY_DOWNGRADE:1303000,multiagent,POLICY_DOWNGRADE,False,0,DENY,E_GUARANTEE_FALSE:2:policy_matches;E_ILLEGAL_TRANSFORM:2:/context/policy_digest;E_ILLEGAL_TRANSFORM:2:/context/policy_epoch;E_POLICY_DOWNGRADE:2;E_STALE_POLICY
NoReplayProtection,attack:multiagent:NONCE_REPLAY:1403000,multiagent,NONCE_REPLAY,True,2,EXECUTE,EXECUTED;EXECUTED
NoReplayProtection,attack:multiagent:ALTERNATE_PATH:1503000,multiagent,ALTERNATE_PATH,False,0,DENY,E_UNMEDIATED_PATH
NoReplayProtection,attack:multiagent:MEMORY_LAUNDERING:1603000,multiagent,MEMORY_LAUNDERING,False,0,DENY,E_NOT_PRESERVED:0:/context/protected_field_sources;E_NOT_PRESERVED:0:/context/source_classes;E_UNDISCHARGED_ASSUMPTION:1:memory-context-preserved;E_UNDISCHARGED_ASSUMPTION:2:policy-authorized;E_UNRELEASED_FIELD:/action/parameters/capability
NoReplayProtection,attack:multiagent:TAINT_DOWNGRADE:1703000,multiagent,TAINT_DOWNGRADE,False,0,DENY,E_ILLEGAL_TRANSFORM:0:/context/taint;E_TAINT_DOWNGRADE:0;E_UNDISCHARGED_ASSUMPTION:1:memory-context-preserved;E_UNDISCHARGED_ASSUMPTION:2:policy-authorized;E_UNTRACKED_DATA_CLASS
NoReplayProtection,attack:multiagent:EFFECT_CLASS_DOWNGRADE:1803000,multiagent,EFFECT_CLASS_DOWNGRADE,False,0,DENY,E_NOT_PRESERVED:2:/action/effect_class
NoReplayProtection,attack:multiagent:CONTEXT_ROOT_OMISSION:1903000,multiagent,CONTEXT_ROOT_OMISSION,False,0,DENY,E_CONTEXT_ROOT;E_ENSURED_FIELD_MISSING:2:/context/context_root;E_NOT_PRESERVED:2:/context/context_root
NoReplayProtection,attack:multiagent:RETRY_DUPLICATE:2003000,multiagent,RETRY_DUPLICATE,True,2,EXECUTE,EXECUTED;EXECUTED
NoReplayProtection,attack:multiagent:UNAUTHORISED_STAGE_SIGNER:2103000,multiagent,UNAUTHORISED_STAGE_SIGNER,False,0,DENY,E_UNAUTHORISED_PREDECESSOR:1;E_UNAUTHORISED_STAGE_SIGNER:0;E_UNDISCHARGED_ASSUMPTION:1:memory-context-preserved;E_UNDISCHARGED_ASSUMPTION:2:policy-authorized
NoReplayProtection,attack:multiagent:RECEIPT_PRODUCER_MISMATCH:2203000,multiagent,RECEIPT_PRODUCER_MISMATCH,False,0,DENY,E_RECEIPT_PRODUCER_MISMATCH:0;E_UNAUTHORISED_STAGE_SIGNER:0;E_UNDISCHARGED_ASSUMPTION:1:memory-context-preserved;E_UNDISCHARGED_ASSUMPTION:2:policy-authorized
NoReplayProtection,attack:multiagent:MISSING_TRANSFORM_WITNESS:2303000,multiagent,MISSING_TRANSFORM_WITNESS,False,0,DENY,E_MISSING_TRANSFORM_WITNESS:2:/action/destination
NoReplayProtection,attack:multiagent:INVALID_TRANSFORM_WITNESS:2403000,multiagent,INVALID_TRANSFORM_WITNESS,False,0,DENY,E_TRANSFORM_AFTER_MISMATCH:adapter:/action/destination;E_TRANSFORM_RELATION_FALSE:adapter:/action/destination
NoReplayProtection,attack:multiagent:RELEASE_PREDICATE_BYPASS:2503000,multiagent,RELEASE_PREDICATE_BYPASS,False,0,DENY,E_INVALID_RELEASE:/action/parameters/capability
NoReplayProtection,attack:multiagent:RELEASE_VALUE_SUBSTITUTION:2603000,multiagent,RELEASE_VALUE_SUBSTITUTION,False,0,DENY,E_INVALID_RELEASE:/action/parameters/capability
NoReplayProtection,attack:multiagent:EXPIRED_RELEASE:2703000,multiagent,EXPIRED_RELEASE,False,0,DENY,E_EXPIRED_RELEASE:release:multiagent:attack:EXPIRED_RELEASE:2703000
NoReplayProtection,attack:multiagent:SUBJECT_SUBSTITUTION:2803000,multiagent,SUBJECT_SUBSTITUTION,False,0,DENY,E_SUBJECT_SUBSTITUTION
NoReplayProtection,attack:multiagent:POST_PERMIT_ACTION_SUBSTITUTION:2903000,multiagent,POST_PERMIT_ACTION_SUBSTITUTION,False,0,DENY,E_ACTION_SUBSTITUTION
NoReplayProtection,attack:multiagent:REVOKED_GRANT:3003000,multiagent,REVOKED_GRANT,False,0,DENY,E_REVOKED_AT_FINALITY
NoReplayProtection,attack:multiagent:CONTRACT_GUARANTEE_VIOLATION:3103000,multiagent,CONTRACT_GUARANTEE_VIOLATION,False,0,DENY,E_GUARANTEE_FALSE:2:canonical_destination
IncompleteMediation,attack:workspace:UNTRUSTED_FIELD_BINDING:0,workspace,UNTRUSTED_FIELD_BINDING,False,0,ESCALATE,E_UNRELEASED_FIELD:/action/destination
IncompleteMediation,attack:workspace:DROP_PROVENANCE:100000,workspace,DROP_PROVENANCE,False,0,DENY,E_ENSURED_FIELD_MISSING:2:/context/protected_field_sources;E_ENSURED_FIELD_MISSING:2:/context/provenance_root;E_NOT_PRESERVED:2:/context/protected_field_sources;E_NOT_PRESERVED:2:/context/provenance_root;E_PROVENANCE_CONTEXT
IncompleteMediation,attack:workspace:PROVENANCE_VALUE_SUBSTITUTION:200000,workspace,PROVENANCE_VALUE_SUBSTITUTION,False,0,DENY,E_PROVENANCE_VALUE_MISMATCH:/action/destination;E_UNDISCHARGED_ASSUMPTION:0:provenance-authenticated;E_UNDISCHARGED_ASSUMPTION:1:memory-context-preserved;E_UNDISCHARGED_ASSUMPTION:2:policy-authorized
IncompleteMediation,attack:workspace:UNTRUSTED_ROOT_PRODUCER:300000,workspace,UNTRUSTED_ROOT_PRODUCER,False,0,DENY,E_UNDISCHARGED_ASSUMPTION:0:root-authenticated;E_UNDISCHARGED_ASSUMPTION:1:memory-context-preserved;E_UNDISCHARGED_ASSUMPTION:2:policy-authorized;E_UNTRUSTED_ROOT;E_UNTRUSTED_ROOT_ISSUER
IncompleteMediation,attack:workspace:ROOT_AUTHORITY_EXCEEDED:400000,workspace,ROOT_AUTHORITY_EXCEEDED,False,0,DENY,E_ROOT_ACTION_SCOPE_EXCEEDED;E_ROOT_AUTHORITY_EXCEEDED;E_ROOT_OPERATION_NOT_GRANTED;E_ROOT_SCOPE_EXCEEDED;E_UNDISCHARGED_ASSUMPTION:0:root-authenticated;E_UNDISCHARGED_ASSUMPTION:1:memory-context-preserved;E_UNDISCHARGED_ASSUMPTION:2:policy-authorized
IncompleteMediation,attack:workspace:ROOT_SCOPE_EXCEEDED:500000,workspace,ROOT_SCOPE_EXCEEDED,False,0,DENY,E_ROOT_ACTION_SCOPE_EXCEEDED;E_ROOT_SCOPE_EXCEEDED;E_UNDISCHARGED_ASSUMPTION:0:root-authenticated;E_UNDISCHARGED_ASSUMPTION:1:memory-context-preserved;E_UNDISCHARGED_ASSUMPTION:2:policy-authorized
IncompleteMediation,attack:workspace:ROOT_FIELD_CONSTRAINT_BYPASS:600000,workspace,ROOT_FIELD_CONSTRAINT_BYPASS,False,0,DENY,E_ROOT_FIELD_CONSTRAINT:/action/destination;E_UNDISCHARGED_ASSUMPTION:0:root-authenticated;E_UNDISCHARGED_ASSUMPTION:1:memory-context-preserved;E_UNDISCHARGED_ASSUMPTION:2:policy-authorized
IncompleteMediation,attack:workspace:PRINCIPAL_SUBSTITUTION:700000,workspace,PRINCIPAL_SUBSTITUTION,False,0,DENY,E_NOT_PRESERVED:2:/context/principal
IncompleteMediation,attack:workspace:AUTHORITY_AMPLIFICATION:800000,workspace,AUTHORITY_AMPLIFICATION,False,0,DENY,E_AUTHORITY_AMPLIFICATION:0;E_DELEGATION_WIDENING:0;E_ILLEGAL_TRANSFORM:0:/context/authority;E_ILLEGAL_TRANSFORM:0:/context/delegation_scope;E_NOT_PRESERVED:0:/action/destination;E_NOT_PRESERVED:0:/action/function;E_NOT_PRESERVED:0:/action/operation;E_NOT_PRESERVED:0:/action/resource;E_UNDISCHARGED_ASSUMPTION:1:memory-context-preserved;E_UNDISCHARGED_ASSUMPTION:2:policy-authorized
IncompleteMediation,attack:workspace:DELEGATION_WIDENING:900000,workspace,DELEGATION_WIDENING,False,0,DENY,E_DELEGATION_WIDENING:0;E_ILLEGAL_TRANSFORM:0:/context/delegation_scope;E_NOT_PRESERVED:0:/action/resource;E_UNDISCHARGED_ASSUMPTION:1:memory-context-preserved;E_UNDISCHARGED_ASSUMPTION:2:policy-authorized
IncompleteMediation,attack:workspace:ARGUMENT_MUTATION:1000000,workspace,ARGUMENT_MUTATION,False,0,DENY,E_NOT_PRESERVED:2:/action/parameters/body
IncompleteMediation,attack:workspace:DESTINATION_SUBSTITUTION:1100000,workspace,DESTINATION_SUBSTITUTION,False,0,DENY,E_UNTRUSTED_TRANSFORM_ISSUER:adapter:/action/destination
IncompleteMediation,attack:workspace:TOOL_SERVER_SWAP:1200000,workspace,TOOL_SERVER_SWAP,False,0,DENY,E_NOT_PRESERVED:2:/action/server_id;E_NOT_PRESERVED:2:/action/tool_manifest_digest;E_UNTRUSTED_TOOL_MANIFEST
IncompleteMediation,attack:workspace:POLICY_DOWNGRADE:1300000,workspace,POLICY_DOWNGRADE,False,0,DENY,E_GUARANTEE_FALSE:2:policy_matches;E_ILLEGAL_TRANSFORM:2:/context/policy_digest;E_ILLEGAL_TRANSFORM:2:/context/policy_epoch;E_POLICY_DOWNGRADE:2;E_STALE_POLICY
IncompleteMediation,attack:workspace:NONCE_REPLAY:1400000,workspace,NONCE_REPLAY,True,2,EXECUTE,BYPASS_EXECUTED:effect:0;BYPASS_EXECUTED:effect:1
IncompleteMediation,attack:workspace:ALTERNATE_PATH:1500000,workspace,ALTERNATE_PATH,True,1,EXECUTE,BYPASS_EXECUTED:effect:0
IncompleteMediation,attack:workspace:MEMORY_LAUNDERING:1600000,workspace,MEMORY_LAUNDERING,False,0,DENY,E_NOT_PRESERVED:0:/context/protected_field_sources;E_NOT_PRESERVED:0:/context/source_classes;E_UNDISCHARGED_ASSUMPTION:1:memory-context-preserved;E_UNDISCHARGED_ASSUMPTION:2:policy-authorized;E_UNRELEASED_FIELD:/action/destination
IncompleteMediation,attack:workspace:TAINT_DOWNGRADE:1700000,workspace,TAINT_DOWNGRADE,False,0,DENY,E_ILLEGAL_TRANSFORM:0:/context/taint;E_TAINT_DOWNGRADE:0;E_UNDISCHARGED_ASSUMPTION:1:memory-context-preserved;E_UNDISCHARGED_ASSUMPTION:2:policy-authorized;E_UNTRACKED_DATA_CLASS
IncompleteMediation,attack:workspace:EFFECT_CLASS_DOWNGRADE:1800000,workspace,EFFECT_CLASS_DOWNGRADE,False,0,DENY,E_NOT_PRESERVED:2:/action/effect_class
IncompleteMediation,attack:workspace:CONTEXT_ROOT_OMISSION:1900000,workspace,CONTEXT_ROOT_OMISSION,False,0,DENY,E_CONTEXT_ROOT;E_ENSURED_FIELD_MISSING:2:/context/context_root;E_NOT_PRESERVED:2:/context/context_root
IncompleteMediation,attack:workspace:RETRY_DUPLICATE:2000000,workspace,RETRY_DUPLICATE,True,2,EXECUTE,BYPASS_EXECUTED:effect:0;BYPASS_EXECUTED:effect:1
IncompleteMediation,attack:workspace:UNAUTHORISED_STAGE_SIGNER:2100000,workspace,UNAUTHORISED_STAGE_SIGNER,False,0,DENY,E_UNAUTHORISED_PREDECESSOR:1;E_UNAUTHORISED_STAGE_SIGNER:0;E_UNDISCHARGED_ASSUMPTION:1:memory-context-preserved;E_UNDISCHARGED_ASSUMPTION:2:policy-authorized
IncompleteMediation,attack:workspace:RECEIPT_PRODUCER_MISMATCH:2200000,workspace,RECEIPT_PRODUCER_MISMATCH,False,0,DENY,E_RECEIPT_PRODUCER_MISMATCH:0;E_UNAUTHORISED_STAGE_SIGNER:0;E_UNDISCHARGED_ASSUMPTION:1:memory-context-preserved;E_UNDISCHARGED_ASSUMPTION:2:policy-authorized
IncompleteMediation,attack:workspace:MISSING_TRANSFORM_WITNESS:2300000,workspace,MISSING_TRANSFORM_WITNESS,False,0,DENY,E_MISSING_TRANSFORM_WITNESS:2:/action/destination
IncompleteMediation,attack:workspace:INVALID_TRANSFORM_WITNESS:2400000,workspace,INVALID_TRANSFORM_WITNESS,False,0,DENY,E_TRANSFORM_AFTER_MISMATCH:adapter:/action/destination;E_TRANSFORM_RELATION_FALSE:adapter:/action/destination
IncompleteMediation,attack:workspace:RELEASE_PREDICATE_BYPASS:2500000,workspace,RELEASE_PREDICATE_BYPASS,False,0,DENY,E_INVALID_RELEASE:/action/destination
IncompleteMediation,attack:workspace:RELEASE_VALUE_SUBSTITUTION:2600000,workspace,RELEASE_VALUE_SUBSTITUTION,False,0,DENY,E_INVALID_RELEASE:/action/destination
IncompleteMediation,attack:workspace:EXPIRED_RELEASE:2700000,workspace,EXPIRED_RELEASE,False,0,DENY,E_EXPIRED_RELEASE:release:workspace:attack:EXPIRED_RELEASE:2700000
IncompleteMediation,attack:workspace:SUBJECT_SUBSTITUTION:2800000,workspace,SUBJECT_SUBSTITUTION,True,1,EXECUTE,BYPASS_EXECUTED:effect:0
IncompleteMediation,attack:workspace:POST_PERMIT_ACTION_SUBSTITUTION:2900000,workspace,POST_PERMIT_ACTION_SUBSTITUTION,True,1,EXECUTE,BYPASS_EXECUTED:effect:0
IncompleteMediation,attack:workspace:REVOKED_GRANT:3000000,workspace,REVOKED_GRANT,True,1,EXECUTE,BYPASS_EXECUTED:effect:0
IncompleteMediation,attack:workspace:CONTRACT_GUARANTEE_VIOLATION:3100000,workspace,CONTRACT_GUARANTEE_VIOLATION,False,0,DENY,E_GUARANTEE_FALSE:2:canonical_destination
IncompleteMediation,attack:finance:UNTRUSTED_FIELD_BINDING:1000,finance,UNTRUSTED_FIELD_BINDING,False,0,ESCALATE,E_UNRELEASED_FIELD:/action/parameters/amount_cents
IncompleteMediation,attack:finance:DROP_PROVENANCE:101000,finance,DROP_PROVENANCE,False,0,DENY,E_ENSURED_FIELD_MISSING:2:/context/protected_field_sources;E_ENSURED_FIELD_MISSING:2:/context/provenance_root;E_NOT_PRESERVED:2:/context/protected_field_sources;E_NOT_PRESERVED:2:/context/provenance_root;E_PROVENANCE_CONTEXT
IncompleteMediation,attack:finance:PROVENANCE_VALUE_SUBSTITUTION:201000,finance,PROVENANCE_VALUE_SUBSTITUTION,False,0,DENY,E_PROVENANCE_VALUE_MISMATCH:/action/parameters/amount_cents;E_UNDISCHARGED_ASSUMPTION:0:provenance-authenticated;E_UNDISCHARGED_ASSUMPTION:1:memory-context-preserved;E_UNDISCHARGED_ASSUMPTION:2:policy-authorized
IncompleteMediation,attack:finance:UNTRUSTED_ROOT_PRODUCER:301000,finance,UNTRUSTED_ROOT_PRODUCER,False,0,DENY,E_UNDISCHARGED_ASSUMPTION:0:root-authenticated;E_UNDISCHARGED_ASSUMPTION:1:memory-context-preserved;E_UNDISCHARGED_ASSUMPTION:2:policy-authorized;E_UNTRUSTED_ROOT;E_UNTRUSTED_ROOT_ISSUER
IncompleteMediation,attack:finance:ROOT_AUTHORITY_EXCEEDED:401000,finance,ROOT_AUTHORITY_EXCEEDED,False,0,DENY,E_ROOT_ACTION_SCOPE_EXCEEDED;E_ROOT_AUTHORITY_EXCEEDED;E_ROOT_OPERATION_NOT_GRANTED;E_ROOT_SCOPE_EXCEEDED;E_UNDISCHARGED_ASSUMPTION:0:root-authenticated;E_UNDISCHARGED_ASSUMPTION:1:memory-context-preserved;E_UNDISCHARGED_ASSUMPTION:2:policy-authorized
IncompleteMediation,attack:finance:ROOT_SCOPE_EXCEEDED:501000,finance,ROOT_SCOPE_EXCEEDED,False,0,DENY,E_ROOT_ACTION_SCOPE_EXCEEDED;E_ROOT_SCOPE_EXCEEDED;E_UNDISCHARGED_ASSUMPTION:0:root-authenticated;E_UNDISCHARGED_ASSUMPTION:1:memory-context-preserved;E_UNDISCHARGED_ASSUMPTION:2:policy-authorized
IncompleteMediation,attack:finance:ROOT_FIELD_CONSTRAINT_BYPASS:601000,finance,ROOT_FIELD_CONSTRAINT_BYPASS,False,0,DENY,E_ROOT_FIELD_CONSTRAINT:/action/parameters/amount_cents;E_UNDISCHARGED_ASSUMPTION:0:root-authenticated;E_UNDISCHARGED_ASSUMPTION:1:memory-context-preserved;E_UNDISCHARGED_ASSUMPTION:2:policy-authorized
IncompleteMediation,attack:finance:PRINCIPAL_SUBSTITUTION:701000,finance,PRINCIPAL_SUBSTITUTION,False,0,DENY,E_NOT_PRESERVED:2:/context/principal
IncompleteMediation,attack:finance:AUTHORITY_AMPLIFICATION:801000,finance,AUTHORITY_AMPLIFICATION,False,0,DENY,E_AUTHORITY_AMPLIFICATION:0;E_DELEGATION_WIDENING:0;E_ILLEGAL_TRANSFORM:0:/context/authority;E_ILLEGAL_TRANSFORM:0:/context/delegation_scope;E_NOT_PRESERVED:0:/action/destination;E_NOT_PRESERVED:0:/action/function;E_NOT_PRESERVED:0:/action/operation;E_NOT_PRESERVED:0:/action/resource;E_UNDISCHARGED_ASSUMPTION:1:memory-context-preserved;E_UNDISCHARGED_ASSUMPTION:2:policy-authorized
IncompleteMediation,attack:finance:DELEGATION_WIDENING:901000,finance,DELEGATION_WIDENING,False,0,DENY,E_DELEGATION_WIDENING:0;E_ILLEGAL_TRANSFORM:0:/context/delegation_scope;E_NOT_PRESERVED:0:/action/resource;E_UNDISCHARGED_ASSUMPTION:1:memory-context-preserved;E_UNDISCHARGED_ASSUMPTION:2:policy-authorized
IncompleteMediation,attack:finance:ARGUMENT_MUTATION:1001000,finance,ARGUMENT_MUTATION,False,0,DENY,E_NOT_PRESERVED:2:/action/parameters/amount_cents
IncompleteMediation,attack:finance:DESTINATION_SUBSTITUTION:1101000,finance,DESTINATION_SUBSTITUTION,False,0,DENY,E_UNTRUSTED_TRANSFORM_ISSUER:adapter:/action/destination
IncompleteMediation,attack:finance:TOOL_SERVER_SWAP:1201000,finance,TOOL_SERVER_SWAP,False,0,DENY,E_NOT_PRESERVED:2:/action/server_id;E_NOT_PRESERVED:2:/action/tool_manifest_digest;E_UNTRUSTED_TOOL_MANIFEST
IncompleteMediation,attack:finance:POLICY_DOWNGRADE:1301000,finance,POLICY_DOWNGRADE,False,0,DENY,E_GUARANTEE_FALSE:2:policy_matches;E_ILLEGAL_TRANSFORM:2:/context/policy_digest;E_ILLEGAL_TRANSFORM:2:/context/policy_epoch;E_POLICY_DOWNGRADE:2;E_STALE_POLICY
IncompleteMediation,attack:finance:NONCE_REPLAY:1401000,finance,NONCE_REPLAY,True,2,EXECUTE,BYPASS_EXECUTED:effect:0;BYPASS_EXECUTED:effect:1
IncompleteMediation,attack:finance:ALTERNATE_PATH:1501000,finance,ALTERNATE_PATH,True,1,EXECUTE,BYPASS_EXECUTED:effect:0
IncompleteMediation,attack:finance:MEMORY_LAUNDERING:1601000,finance,MEMORY_LAUNDERING,False,0,DENY,E_NOT_PRESERVED:0:/context/protected_field_sources;E_NOT_PRESERVED:0:/context/source_classes;E_UNDISCHARGED_ASSUMPTION:1:memory-context-preserved;E_UNDISCHARGED_ASSUMPTION:2:policy-authorized;E_UNRELEASED_FIELD:/action/parameters/amount_cents
IncompleteMediation,attack:finance:TAINT_DOWNGRADE:1701000,finance,TAINT_DOWNGRADE,False,0,DENY,E_ILLEGAL_TRANSFORM:0:/context/taint;E_TAINT_DOWNGRADE:0;E_UNDISCHARGED_ASSUMPTION:1:memory-context-preserved;E_UNDISCHARGED_ASSUMPTION:2:policy-authorized;E_UNTRACKED_DATA_CLASS
IncompleteMediation,attack:finance:EFFECT_CLASS_DOWNGRADE:1801000,finance,EFFECT_CLASS_DOWNGRADE,False,0,DENY,E_NOT_PRESERVED:2:/action/effect_class
IncompleteMediation,attack:finance:CONTEXT_ROOT_OMISSION:1901000,finance,CONTEXT_ROOT_OMISSION,False,0,DENY,E_CONTEXT_ROOT;E_ENSURED_FIELD_MISSING:2:/context/context_root;E_NOT_PRESERVED:2:/context/context_root
IncompleteMediation,attack:finance:RETRY_DUPLICATE:2001000,finance,RETRY_DUPLICATE,True,2,EXECUTE,BYPASS_EXECUTED:effect:0;BYPASS_EXECUTED:effect:1
IncompleteMediation,attack:finance:UNAUTHORISED_STAGE_SIGNER:2101000,finance,UNAUTHORISED_STAGE_SIGNER,False,0,DENY,E_UNAUTHORISED_PREDECESSOR:1;E_UNAUTHORISED_STAGE_SIGNER:0;E_UNDISCHARGED_ASSUMPTION:1:memory-context-preserved;E_UNDISCHARGED_ASSUMPTION:2:policy-authorized
IncompleteMediation,attack:finance:RECEIPT_PRODUCER_MISMATCH:2201000,finance,RECEIPT_PRODUCER_MISMATCH,False,0,DENY,E_RECEIPT_PRODUCER_MISMATCH:0;E_UNAUTHORISED_STAGE_SIGNER:0;E_UNDISCHARGED_ASSUMPTION:1:memory-context-preserved;E_UNDISCHARGED_ASSUMPTION:2:policy-authorized
IncompleteMediation,attack:finance:MISSING_TRANSFORM_WITNESS:2301000,finance,MISSING_TRANSFORM_WITNESS,False,0,DENY,E_MISSING_TRANSFORM_WITNESS:2:/action/destination
IncompleteMediation,attack:finance:INVALID_TRANSFORM_WITNESS:2401000,finance,INVALID_TRANSFORM_WITNESS,False,0,DENY,E_TRANSFORM_AFTER_MISMATCH:adapter:/action/destination;E_TRANSFORM_RELATION_FALSE:adapter:/action/destination
IncompleteMediation,attack:finance:RELEASE_PREDICATE_BYPASS:2501000,finance,RELEASE_PREDICATE_BYPASS,False,0,DENY,E_INVALID_RELEASE:/action/parameters/amount_cents
IncompleteMediation,attack:finance:RELEASE_VALUE_SUBSTITUTION:2601000,finance,RELEASE_VALUE_SUBSTITUTION,False,0,DENY,E_INVALID_RELEASE:/action/parameters/amount_cents
IncompleteMediation,attack:finance:EXPIRED_RELEASE:2701000,finance,EXPIRED_RELEASE,False,0,DENY,E_EXPIRED_RELEASE:release:finance:attack:EXPIRED_RELEASE:2701000
IncompleteMediation,attack:finance:SUBJECT_SUBSTITUTION:2801000,finance,SUBJECT_SUBSTITUTION,True,1,EXECUTE,BYPASS_EXECUTED:effect:0
IncompleteMediation,attack:finance:POST_PERMIT_ACTION_SUBSTITUTION:2901000,finance,POST_PERMIT_ACTION_SUBSTITUTION,True,1,EXECUTE,BYPASS_EXECUTED:effect:0
IncompleteMediation,attack:finance:REVOKED_GRANT:3001000,finance,REVOKED_GRANT,True,1,EXECUTE,BYPASS_EXECUTED:effect:0
IncompleteMediation,attack:finance:CONTRACT_GUARANTEE_VIOLATION:3101000,finance,CONTRACT_GUARANTEE_VIOLATION,False,0,DENY,E_GUARANTEE_FALSE:2:canonical_destination
IncompleteMediation,attack:devops:UNTRUSTED_FIELD_BINDING:2000,devops,UNTRUSTED_FIELD_BINDING,False,0,ESCALATE,E_UNRELEASED_FIELD:/action/parameters/commit
IncompleteMediation,attack:devops:DROP_PROVENANCE:102000,devops,DROP_PROVENANCE,False,0,DENY,E_ENSURED_FIELD_MISSING:2:/context/protected_field_sources;E_ENSURED_FIELD_MISSING:2:/context/provenance_root;E_NOT_PRESERVED:2:/context/protected_field_sources;E_NOT_PRESERVED:2:/context/provenance_root;E_PROVENANCE_CONTEXT
IncompleteMediation,attack:devops:PROVENANCE_VALUE_SUBSTITUTION:202000,devops,PROVENANCE_VALUE_SUBSTITUTION,False,0,DENY,E_PROVENANCE_VALUE_MISMATCH:/action/parameters/commit;E_UNDISCHARGED_ASSUMPTION:0:provenance-authenticated;E_UNDISCHARGED_ASSUMPTION:1:memory-context-preserved;E_UNDISCHARGED_ASSUMPTION:2:policy-authorized
IncompleteMediation,attack:devops:UNTRUSTED_ROOT_PRODUCER:302000,devops,UNTRUSTED_ROOT_PRODUCER,False,0,DENY,E_UNDISCHARGED_ASSUMPTION:0:root-authenticated;E_UNDISCHARGED_ASSUMPTION:1:memory-context-preserved;E_UNDISCHARGED_ASSUMPTION:2:policy-authorized;E_UNTRUSTED_ROOT;E_UNTRUSTED_ROOT_ISSUER
IncompleteMediation,attack:devops:ROOT_AUTHORITY_EXCEEDED:402000,devops,ROOT_AUTHORITY_EXCEEDED,False,0,DENY,E_ROOT_ACTION_SCOPE_EXCEEDED;E_ROOT_AUTHORITY_EXCEEDED;E_ROOT_OPERATION_NOT_GRANTED;E_ROOT_SCOPE_EXCEEDED;E_UNDISCHARGED_ASSUMPTION:0:root-authenticated;E_UNDISCHARGED_ASSUMPTION:1:memory-context-preserved;E_UNDISCHARGED_ASSUMPTION:2:policy-authorized
IncompleteMediation,attack:devops:ROOT_SCOPE_EXCEEDED:502000,devops,ROOT_SCOPE_EXCEEDED,False,0,DENY,E_ROOT_ACTION_SCOPE_EXCEEDED;E_ROOT_SCOPE_EXCEEDED;E_UNDISCHARGED_ASSUMPTION:0:root-authenticated;E_UNDISCHARGED_ASSUMPTION:1:memory-context-preserved;E_UNDISCHARGED_ASSUMPTION:2:policy-authorized
IncompleteMediation,attack:devops:ROOT_FIELD_CONSTRAINT_BYPASS:602000,devops,ROOT_FIELD_CONSTRAINT_BYPASS,False,0,DENY,E_ROOT_FIELD_CONSTRAINT:/action/parameters/commit;E_UNDISCHARGED_ASSUMPTION:0:root-authenticated;E_UNDISCHARGED_ASSUMPTION:1:memory-context-preserved;E_UNDISCHARGED_ASSUMPTION:2:policy-authorized
IncompleteMediation,attack:devops:PRINCIPAL_SUBSTITUTION:702000,devops,PRINCIPAL_SUBSTITUTION,False,0,DENY,E_NOT_PRESERVED:2:/context/principal
IncompleteMediation,attack:devops:AUTHORITY_AMPLIFICATION:802000,devops,AUTHORITY_AMPLIFICATION,False,0,DENY,E_AUTHORITY_AMPLIFICATION:0;E_DELEGATION_WIDENING:0;E_ILLEGAL_TRANSFORM:0:/context/authority;E_ILLEGAL_TRANSFORM:0:/context/delegation_scope;E_NOT_PRESERVED:0:/action/destination;E_NOT_PRESERVED:0:/action/function;E_NOT_PRESERVED:0:/action/operation;E_NOT_PRESERVED:0:/action/resource;E_UNDISCHARGED_ASSUMPTION:1:memory-context-preserved;E_UNDISCHARGED_ASSUMPTION:2:policy-authorized
IncompleteMediation,attack:devops:DELEGATION_WIDENING:902000,devops,DELEGATION_WIDENING,False,0,DENY,E_DELEGATION_WIDENING:0;E_ILLEGAL_TRANSFORM:0:/context/delegation_scope;E_NOT_PRESERVED:0:/action/resource;E_UNDISCHARGED_ASSUMPTION:1:memory-context-preserved;E_UNDISCHARGED_ASSUMPTION:2:policy-authorized
IncompleteMediation,attack:devops:ARGUMENT_MUTATION:1002000,devops,ARGUMENT_MUTATION,False,0,DENY,E_NOT_PRESERVED:2:/action/parameters/environment
IncompleteMediation,attack:devops:DESTINATION_SUBSTITUTION:1102000,devops,DESTINATION_SUBSTITUTION,False,0,DENY,E_UNTRUSTED_TRANSFORM_ISSUER:adapter:/action/destination
IncompleteMediation,attack:devops:TOOL_SERVER_SWAP:1202000,devops,TOOL_SERVER_SWAP,False,0,DENY,E_NOT_PRESERVED:2:/action/server_id;E_NOT_PRESERVED:2:/action/tool_manifest_digest;E_UNTRUSTED_TOOL_MANIFEST
IncompleteMediation,attack:devops:POLICY_DOWNGRADE:1302000,devops,POLICY_DOWNGRADE,False,0,DENY,E_GUARANTEE_FALSE:2:policy_matches;E_ILLEGAL_TRANSFORM:2:/context/policy_digest;E_ILLEGAL_TRANSFORM:2:/context/policy_epoch;E_POLICY_DOWNGRADE:2;E_STALE_POLICY
IncompleteMediation,attack:devops:NONCE_REPLAY:1402000,devops,NONCE_REPLAY,True,2,EXECUTE,BYPASS_EXECUTED:effect:0;BYPASS_EXECUTED:effect:1
IncompleteMediation,attack:devops:ALTERNATE_PATH:1502000,devops,ALTERNATE_PATH,True,1,EXECUTE,BYPASS_EXECUTED:effect:0
IncompleteMediation,attack:devops:MEMORY_LAUNDERING:1602000,devops,MEMORY_LAUNDERING,False,0,DENY,E_NOT_PRESERVED:0:/context/protected_field_sources;E_NOT_PRESERVED:0:/context/source_classes;E_UNDISCHARGED_ASSUMPTION:1:memory-context-preserved;E_UNDISCHARGED_ASSUMPTION:2:policy-authorized;E_UNRELEASED_FIELD:/action/parameters/commit
IncompleteMediation,attack:devops:TAINT_DOWNGRADE:1702000,devops,TAINT_DOWNGRADE,False,0,DENY,E_ILLEGAL_TRANSFORM:0:/context/taint;E_TAINT_DOWNGRADE:0;E_UNDISCHARGED_ASSUMPTION:1:memory-context-preserved;E_UNDISCHARGED_ASSUMPTION:2:policy-authorized;E_UNTRACKED_DATA_CLASS
IncompleteMediation,attack:devops:EFFECT_CLASS_DOWNGRADE:1802000,devops,EFFECT_CLASS_DOWNGRADE,False,0,DENY,E_NOT_PRESERVED:2:/action/effect_class
IncompleteMediation,attack:devops:CONTEXT_ROOT_OMISSION:1902000,devops,CONTEXT_ROOT_OMISSION,False,0,DENY,E_CONTEXT_ROOT;E_ENSURED_FIELD_MISSING:2:/context/context_root;E_NOT_PRESERVED:2:/context/context_root
IncompleteMediation,attack:devops:RETRY_DUPLICATE:2002000,devops,RETRY_DUPLICATE,True,2,EXECUTE,BYPASS_EXECUTED:effect:0;BYPASS_EXECUTED:effect:1
IncompleteMediation,attack:devops:UNAUTHORISED_STAGE_SIGNER:2102000,devops,UNAUTHORISED_STAGE_SIGNER,False,0,DENY,E_UNAUTHORISED_PREDECESSOR:1;E_UNAUTHORISED_STAGE_SIGNER:0;E_UNDISCHARGED_ASSUMPTION:1:memory-context-preserved;E_UNDISCHARGED_ASSUMPTION:2:policy-authorized
IncompleteMediation,attack:devops:RECEIPT_PRODUCER_MISMATCH:2202000,devops,RECEIPT_PRODUCER_MISMATCH,False,0,DENY,E_RECEIPT_PRODUCER_MISMATCH:0;E_UNAUTHORISED_STAGE_SIGNER:0;E_UNDISCHARGED_ASSUMPTION:1:memory-context-preserved;E_UNDISCHARGED_ASSUMPTION:2:policy-authorized
IncompleteMediation,attack:devops:MISSING_TRANSFORM_WITNESS:2302000,devops,MISSING_TRANSFORM_WITNESS,False,0,DENY,E_MISSING_TRANSFORM_WITNESS:2:/action/destination
IncompleteMediation,attack:devops:INVALID_TRANSFORM_WITNESS:2402000,devops,INVALID_TRANSFORM_WITNESS,False,0,DENY,E_TRANSFORM_AFTER_MISMATCH:adapter:/action/destination;E_TRANSFORM_RELATION_FALSE:adapter:/action/destination
IncompleteMediation,attack:devops:RELEASE_PREDICATE_BYPASS:2502000,devops,RELEASE_PREDICATE_BYPASS,False,0,DENY,E_INVALID_RELEASE:/action/parameters/commit
IncompleteMediation,attack:devops:RELEASE_VALUE_SUBSTITUTION:2602000,devops,RELEASE_VALUE_SUBSTITUTION,False,0,DENY,E_INVALID_RELEASE:/action/parameters/commit
IncompleteMediation,attack:devops:EXPIRED_RELEASE:2702000,devops,EXPIRED_RELEASE,False,0,DENY,E_EXPIRED_RELEASE:release:devops:attack:EXPIRED_RELEASE:2702000
IncompleteMediation,attack:devops:SUBJECT_SUBSTITUTION:2802000,devops,SUBJECT_SUBSTITUTION,True,1,EXECUTE,BYPASS_EXECUTED:effect:0
IncompleteMediation,attack:devops:POST_PERMIT_ACTION_SUBSTITUTION:2902000,devops,POST_PERMIT_ACTION_SUBSTITUTION,True,1,EXECUTE,BYPASS_EXECUTED:effect:0
IncompleteMediation,attack:devops:REVOKED_GRANT:3002000,devops,REVOKED_GRANT,True,1,EXECUTE,BYPASS_EXECUTED:effect:0
IncompleteMediation,attack:devops:CONTRACT_GUARANTEE_VIOLATION:3102000,devops,CONTRACT_GUARANTEE_VIOLATION,False,0,DENY,E_GUARANTEE_FALSE:2:canonical_destination
IncompleteMediation,attack:multiagent:UNTRUSTED_FIELD_BINDING:3000,multiagent,UNTRUSTED_FIELD_BINDING,False,0,ESCALATE,E_UNRELEASED_FIELD:/action/parameters/capability
IncompleteMediation,attack:multiagent:DROP_PROVENANCE:103000,multiagent,DROP_PROVENANCE,False,0,DENY,E_ENSURED_FIELD_MISSING:2:/context/protected_field_sources;E_ENSURED_FIELD_MISSING:2:/context/provenance_root;E_NOT_PRESERVED:2:/context/protected_field_sources;E_NOT_PRESERVED:2:/context/provenance_root;E_PROVENANCE_CONTEXT
IncompleteMediation,attack:multiagent:PROVENANCE_VALUE_SUBSTITUTION:203000,multiagent,PROVENANCE_VALUE_SUBSTITUTION,False,0,DENY,E_PROVENANCE_VALUE_MISMATCH:/action/parameters/capability;E_UNDISCHARGED_ASSUMPTION:0:provenance-authenticated;E_UNDISCHARGED_ASSUMPTION:1:memory-context-preserved;E_UNDISCHARGED_ASSUMPTION:2:policy-authorized
IncompleteMediation,attack:multiagent:UNTRUSTED_ROOT_PRODUCER:303000,multiagent,UNTRUSTED_ROOT_PRODUCER,False,0,DENY,E_UNDISCHARGED_ASSUMPTION:0:root-authenticated;E_UNDISCHARGED_ASSUMPTION:1:memory-context-preserved;E_UNDISCHARGED_ASSUMPTION:2:policy-authorized;E_UNTRUSTED_ROOT;E_UNTRUSTED_ROOT_ISSUER
IncompleteMediation,attack:multiagent:ROOT_AUTHORITY_EXCEEDED:403000,multiagent,ROOT_AUTHORITY_EXCEEDED,False,0,DENY,E_ROOT_ACTION_SCOPE_EXCEEDED;E_ROOT_AUTHORITY_EXCEEDED;E_ROOT_OPERATION_NOT_GRANTED;E_ROOT_SCOPE_EXCEEDED;E_UNDISCHARGED_ASSUMPTION:0:root-authenticated;E_UNDISCHARGED_ASSUMPTION:1:memory-context-preserved;E_UNDISCHARGED_ASSUMPTION:2:policy-authorized
IncompleteMediation,attack:multiagent:ROOT_SCOPE_EXCEEDED:503000,multiagent,ROOT_SCOPE_EXCEEDED,False,0,DENY,E_ROOT_ACTION_SCOPE_EXCEEDED;E_ROOT_SCOPE_EXCEEDED;E_UNDISCHARGED_ASSUMPTION:0:root-authenticated;E_UNDISCHARGED_ASSUMPTION:1:memory-context-preserved;E_UNDISCHARGED_ASSUMPTION:2:policy-authorized
IncompleteMediation,attack:multiagent:ROOT_FIELD_CONSTRAINT_BYPASS:603000,multiagent,ROOT_FIELD_CONSTRAINT_BYPASS,False,0,DENY,E_ROOT_FIELD_CONSTRAINT:/action/parameters/capability;E_UNDISCHARGED_ASSUMPTION:0:root-authenticated;E_UNDISCHARGED_ASSUMPTION:1:memory-context-preserved;E_UNDISCHARGED_ASSUMPTION:2:policy-authorized
IncompleteMediation,attack:multiagent:PRINCIPAL_SUBSTITUTION:703000,multiagent,PRINCIPAL_SUBSTITUTION,False,0,DENY,E_NOT_PRESERVED:2:/context/principal
IncompleteMediation,attack:multiagent:AUTHORITY_AMPLIFICATION:803000,multiagent,AUTHORITY_AMPLIFICATION,False,0,DENY,E_AUTHORITY_AMPLIFICATION:0;E_DELEGATION_WIDENING:0;E_ILLEGAL_TRANSFORM:0:/context/authority;E_ILLEGAL_TRANSFORM:0:/context/delegation_scope;E_NOT_PRESERVED:0:/action/destination;E_NOT_PRESERVED:0:/action/function;E_NOT_PRESERVED:0:/action/operation;E_NOT_PRESERVED:0:/action/resource;E_UNDISCHARGED_ASSUMPTION:1:memory-context-preserved;E_UNDISCHARGED_ASSUMPTION:2:policy-authorized
IncompleteMediation,attack:multiagent:DELEGATION_WIDENING:903000,multiagent,DELEGATION_WIDENING,False,0,DENY,E_DELEGATION_WIDENING:0;E_ILLEGAL_TRANSFORM:0:/context/delegation_scope;E_NOT_PRESERVED:0:/action/resource;E_UNDISCHARGED_ASSUMPTION:1:memory-context-preserved;E_UNDISCHARGED_ASSUMPTION:2:policy-authorized
IncompleteMediation,attack:multiagent:ARGUMENT_MUTATION:1003000,multiagent,ARGUMENT_MUTATION,False,0,DENY,E_NOT_PRESERVED:2:/action/parameters/max_depth
IncompleteMediation,attack:multiagent:DESTINATION_SUBSTITUTION:1103000,multiagent,DESTINATION_SUBSTITUTION,False,0,DENY,E_UNTRUSTED_TRANSFORM_ISSUER:adapter:/action/destination
IncompleteMediation,attack:multiagent:TOOL_SERVER_SWAP:1203000,multiagent,TOOL_SERVER_SWAP,False,0,DENY,E_NOT_PRESERVED:2:/action/server_id;E_NOT_PRESERVED:2:/action/tool_manifest_digest;E_UNTRUSTED_TOOL_MANIFEST
IncompleteMediation,attack:multiagent:POLICY_DOWNGRADE:1303000,multiagent,POLICY_DOWNGRADE,False,0,DENY,E_GUARANTEE_FALSE:2:policy_matches;E_ILLEGAL_TRANSFORM:2:/context/policy_digest;E_ILLEGAL_TRANSFORM:2:/context/policy_epoch;E_POLICY_DOWNGRADE:2;E_STALE_POLICY
IncompleteMediation,attack:multiagent:NONCE_REPLAY:1403000,multiagent,NONCE_REPLAY,True,2,EXECUTE,BYPASS_EXECUTED:effect:0;BYPASS_EXECUTED:effect:1
IncompleteMediation,attack:multiagent:ALTERNATE_PATH:1503000,multiagent,ALTERNATE_PATH,True,1,EXECUTE,BYPASS_EXECUTED:effect:0
IncompleteMediation,attack:multiagent:MEMORY_LAUNDERING:1603000,multiagent,MEMORY_LAUNDERING,False,0,DENY,E_NOT_PRESERVED:0:/context/protected_field_sources;E_NOT_PRESERVED:0:/context/source_classes;E_UNDISCHARGED_ASSUMPTION:1:memory-context-preserved;E_UNDISCHARGED_ASSUMPTION:2:policy-authorized;E_UNRELEASED_FIELD:/action/parameters/capability
IncompleteMediation,attack:multiagent:TAINT_DOWNGRADE:1703000,multiagent,TAINT_DOWNGRADE,False,0,DENY,E_ILLEGAL_TRANSFORM:0:/context/taint;E_TAINT_DOWNGRADE:0;E_UNDISCHARGED_ASSUMPTION:1:memory-context-preserved;E_UNDISCHARGED_ASSUMPTION:2:policy-authorized;E_UNTRACKED_DATA_CLASS
IncompleteMediation,attack:multiagent:EFFECT_CLASS_DOWNGRADE:1803000,multiagent,EFFECT_CLASS_DOWNGRADE,False,0,DENY,E_NOT_PRESERVED:2:/action/effect_class
IncompleteMediation,attack:multiagent:CONTEXT_ROOT_OMISSION:1903000,multiagent,CONTEXT_ROOT_OMISSION,False,0,DENY,E_CONTEXT_ROOT;E_ENSURED_FIELD_MISSING:2:/context/context_root;E_NOT_PRESERVED:2:/context/context_root
IncompleteMediation,attack:multiagent:RETRY_DUPLICATE:2003000,multiagent,RETRY_DUPLICATE,True,2,EXECUTE,BYPASS_EXECUTED:effect:0;BYPASS_EXECUTED:effect:1
IncompleteMediation,attack:multiagent:UNAUTHORISED_STAGE_SIGNER:2103000,multiagent,UNAUTHORISED_STAGE_SIGNER,False,0,DENY,E_UNAUTHORISED_PREDECESSOR:1;E_UNAUTHORISED_STAGE_SIGNER:0;E_UNDISCHARGED_ASSUMPTION:1:memory-context-preserved;E_UNDISCHARGED_ASSUMPTION:2:policy-authorized
IncompleteMediation,attack:multiagent:RECEIPT_PRODUCER_MISMATCH:2203000,multiagent,RECEIPT_PRODUCER_MISMATCH,False,0,DENY,E_RECEIPT_PRODUCER_MISMATCH:0;E_UNAUTHORISED_STAGE_SIGNER:0;E_UNDISCHARGED_ASSUMPTION:1:memory-context-preserved;E_UNDISCHARGED_ASSUMPTION:2:policy-authorized
IncompleteMediation,attack:multiagent:MISSING_TRANSFORM_WITNESS:2303000,multiagent,MISSING_TRANSFORM_WITNESS,False,0,DENY,E_MISSING_TRANSFORM_WITNESS:2:/action/destination
IncompleteMediation,attack:multiagent:INVALID_TRANSFORM_WITNESS:2403000,multiagent,INVALID_TRANSFORM_WITNESS,False,0,DENY,E_TRANSFORM_AFTER_MISMATCH:adapter:/action/destination;E_TRANSFORM_RELATION_FALSE:adapter:/action/destination
IncompleteMediation,attack:multiagent:RELEASE_PREDICATE_BYPASS:2503000,multiagent,RELEASE_PREDICATE_BYPASS,False,0,DENY,E_INVALID_RELEASE:/action/parameters/capability
IncompleteMediation,attack:multiagent:RELEASE_VALUE_SUBSTITUTION:2603000,multiagent,RELEASE_VALUE_SUBSTITUTION,False,0,DENY,E_INVALID_RELEASE:/action/parameters/capability
IncompleteMediation,attack:multiagent:EXPIRED_RELEASE:2703000,multiagent,EXPIRED_RELEASE,False,0,DENY,E_EXPIRED_RELEASE:release:multiagent:attack:EXPIRED_RELEASE:2703000
IncompleteMediation,attack:multiagent:SUBJECT_SUBSTITUTION:2803000,multiagent,SUBJECT_SUBSTITUTION,True,1,EXECUTE,BYPASS_EXECUTED:effect:0
IncompleteMediation,attack:multiagent:POST_PERMIT_ACTION_SUBSTITUTION:2903000,multiagent,POST_PERMIT_ACTION_SUBSTITUTION,True,1,EXECUTE,BYPASS_EXECUTED:effect:0
IncompleteMediation,attack:multiagent:REVOKED_GRANT:3003000,multiagent,REVOKED_GRANT,True,1,EXECUTE,BYPASS_EXECUTED:effect:0
IncompleteMediation,attack:multiagent:CONTRACT_GUARANTEE_VIOLATION:3103000,multiagent,CONTRACT_GUARANTEE_VIOLATION,False,0,DENY,E_GUARANTEE_FALSE:2:canonical_destination
